id,image_id,prediction_string
0,MVI_20011_img00001_jpg.rf.21eb8e9f48c70c8b2186afa92378a398,1 0.88900220 0.69590826 0.84710560 0.16830263 0.30517635 1 0.87432545 0.60563936 0.26123233 0.04498787 0.07599659 1 0.87328047 0.79009581 0.24975731 0.04949875 0.06759052 1 0.86583477 0.58496170 0.18989115 0.03499393 0.05683465 1 0.83189380 0.54207888 0.14822800 0.02684059 0.04485412 1 0.73743170 0.59177265 0.14758123 0.02699795 0.04237773 1 0.68352407 0.59035206 0.12459342 0.02242966 0.03704405 1 0.68289477 0.96908331 0.55315671 0.06160107 0.18330936 1 0.57334298 0.68644099 0.10295070 0.02261677 0.03316820 1 0.54643160 0.61028786 0.09979082 0.02063942 0.03246520 1 0.29265741 0.57993565 0.10285234 0.02002621 0.03208938 1 0.08833247 0.98464637 0.20474648 0.03070706 0.05505548 1 0.07735673 0.67018695 0.08380721 0.02041025 0.02887812
1,MVI_20011_img00019_jpg.rf.4105d8df0fc287df67ffd67042727f89,1 0.90185076 0.88347139 0.37958412 0.09804363 0.13462362 1 0.90129554 0.62024612 0.32731018 0.05613174 0.09466023 1 0.88316631 0.59278040 0.22840744 0.04179211 0.06745576 1 0.85717195 0.76294851 0.20982010 0.03987389 0.05769982 1 0.85223746 0.54498272 0.17487931 0.03084583 0.05109239 1 0.83266950 0.60044985 0.17253367 0.03157845 0.04922981 1 0.68478811 0.61977611 0.11804265 0.02143240 0.03360717 1 0.59839058 0.59824347 0.14519880 0.02637825 0.04336634 1 0.50476015 0.68959532 0.10442959 0.02182999 0.03330846 1 0.47501811 0.58629818 0.11865587 0.02246284 0.03800726 1 0.07596261 0.67323780 0.08961191 0.01607533 0.02747877
2,MVI_20011_img00086_jpg.rf.cbbdb64f1942a10e428008494ba97d1e,1 0.89716899 0.62518730 0.57553558 0.10264606 0.20555191 1 0.88438326 0.52722683 0.34390881 0.05730877 0.10948939 1 0.87244695 0.61736975 0.29200554 0.05067673 0.08747654 1 0.86879945 0.58459611 0.17501137 0.03160181 0.05252066 1 0.86682743 0.86706333 0.25134635 0.05659485 0.06897984 1 0.86076397 0.86496849 0.37873635 0.08702698 0.10782585 1 0.85281682 0.78460932 0.21124978 0.04521885 0.06049232 1 0.84832591 0.65528655 0.24098978 0.04840174 0.07552729 1 0.84708881 0.70873051 0.16008534 0.03717804 0.05550227 1 0.73720419 0.58658037 0.13298833 0.02334785 0.04248099 1 0.73591489 0.65085268 0.20509708 0.03984299 0.05483842 1 0.66337746 0.54302502 0.11387863 0.02157593 0.03642931 1 0.60710347 0.69447870 0.12285471 0.02567739 0.03785648 2 0.53351516 0.61805820 0.11739664 0.02312336 0.04314581 1 0.47132874 0.61806116 0.11649055 0.02252350 0.04196548 2 0.33387491 0.57457924 0.09362785 0.02430763 0.04935052 1 0.25960028 0.60396338 0.08689631 0.01846352 0.03159300 1 0.10710745 0.65992184 0.07656593 0.01938906 0.02988631 1 0.10080491 0.68650274 0.08059082 0.01983337 0.02815495 1 0.08107785 0.98270245 0.19432876 0.03453026 0.04879704 1 0.06777678 0.70366192 0.13204447 0.03007774 0.04156492
3,MVI_20011_img00206_jpg.rf.c97e5a0655ebeb4a217d542cced76129,1 0.89402378 0.63289466 0.39856923 0.07468557 0.13565974 1 0.88699996 0.52212009 0.30228741 0.05234814 0.10092106 1 0.87288028 0.65489922 0.22160812 0.04674587 0.07884663 1 0.85742998 0.74640541 0.14174917 0.03984089 0.05335855 1 0.84647012 0.74794188 0.38308158 0.07849941 0.15429468 1 0.79159272 0.61413922 0.10987215 0.02440987 0.04508081 1 0.73616987 0.65892286 0.08034942 0.02323208 0.03493373 0 0.70867372 0.58243561 0.15615070 0.04757185 0.13449445 2 0.68470871 0.69853129 0.07840402 0.02597494 0.04832883 1 0.44828287 0.60255604 0.05740110 0.02035046 0.03317006 1 0.43477553 0.57649913 0.06979492 0.01964769 0.03176897 1 0.22880010 0.67244325 0.05002311 0.02069016 0.03277307 1 0.19503239 0.69813204 0.07840123 0.02856140 0.04050746 1 0.16690934 0.64566832 0.04317949 0.01742592 0.02594554 1 0.14536564 0.56848559 0.12137614 0.02756720 0.05556319 1 0.13567725 0.68160133 0.05303578 0.02217207 0.03044356 1 0.11349570 0.68975735 0.05145630 0.01753025 0.03294010 2 0.09275341 0.56598749 0.12038981 0.02514210 0.05184906
4,MVI_20011_img00226_jpg.rf.da8e14aeda4d153e2a7ccea3bbe2286a,1 0.89636236 0.67505226 0.61621904 0.11539993 0.23260651 1 0.86436868 0.67012749 0.29736977 0.06099567 0.10937195 1 0.86311388 0.51373234 0.41884164 0.07205429 0.14576857 1 0.83082062 0.71995044 0.10049882 0.03380337 0.04543073 0 0.80438495 0.58949332 0.18702589 0.05983725 0.16660264 1 0.79774678 0.62603855 0.12549673 0.03079128 0.05299952 1 0.73139650 0.64861441 0.05275670 0.01939182 0.03221238 1 0.69724810 0.57403827 0.06742472 0.02295322 0.03917775 1 0.64776713 0.60733423 0.05448667 0.02066345 0.03658969 2 0.62996542 0.68441782 0.05156440 0.02272100 0.04238445 1 0.62125796 0.85168209 0.60993185 0.13167839 0.26665497 1 0.46485603 0.68395061 0.05277543 0.02220612 0.03763969 2 0.43063298 0.85187616 0.61077175 0.13240242 0.26997852 2 0.40456989 0.58927274 0.18887867 0.05585766 0.16513288 1 0.28670275 0.59628143 0.03815291 0.01732121 0.02878407 1 0.17194091 0.60013571 0.04267920 0.01763506 0.02872447 1 0.15068170 0.80766640 0.09129338 0.03974876 0.04505501 1 0.10724895 0.66704330 0.02885601 0.02025337 0.02748581 1 0.10410044 0.57495556 0.04698648 0.01942158 0.03508450 1 0.08889345 0.56909781 0.03917399 0.01686401 0.02833126 1 0.07487442 0.98007388 0.14726183 0.03985204 0.05611348 1 0.05068707 0.64310613 0.02422917 0.01590252 0.02500592
5,MVI_20011_img00339_jpg.rf.334fca1e6ced0862e76de76301e4716d,1 0.90840709 0.69527979 0.27090101 0.06681175 0.11930227 1 0.89431703 0.62443819 0.69476266 0.13233147 0.28413992 1 0.88015032 0.91119938 0.28642821 0.08605232 0.09937601 1 0.87927455 0.65029507 0.14647318 0.03775663 0.06212156 1 0.86036652 0.59273720 0.13838613 0.03940067 0.06451864 1 0.85228819 0.74057894 0.10855262 0.03836117 0.05162249 1 0.85112947 0.74839840 0.18110676 0.05120220 0.07153301 1 0.83325803 0.58902993 0.21191912 0.04974546 0.09186143 1 0.77331489 0.57450929 0.07385885 0.02543983 0.04456329 1 0.68015498 0.53364429 0.06514685 0.02196350 0.03845496 1 0.29704791 0.57550526 0.04805822 0.01964674 0.03750904 1 0.28764349 0.56389561 0.04396509 0.01919327 0.03446675 1 0.17539011 0.59690375 0.02821467 0.01804218 0.03341641 1 0.13043943 0.97991733 0.13695276 0.04016514 0.05616975 2 0.06680986 0.59567165 0.02755396 0.01908474 0.03351257 1 0.06222775 0.65219913 0.01658247 0.01777678 0.02893808
6,MVI_20011_img00348_jpg.rf.51b7a70bcc924548508e1ee66bc0d765,1 0.88959557 0.71904488 0.33573809 0.08230219 0.14621420 1 0.88740289 0.64859619 0.86449766 0.16818142 0.27100448 1 0.87220186 0.87768326 0.25587263 0.07527542 0.08643460 1 0.87077224 0.66014681 0.17449617 0.04072609 0.06755967 1 0.86956656 0.59558525 0.15973194 0.04111080 0.07005787 1 0.84284568 0.73004961 0.15775679 0.04325781 0.06112611 1 0.83905011 0.59329081 0.24584451 0.05629787 0.10473775 1 0.82615042 0.57646427 0.08788741 0.02528152 0.04338622 1 0.81162399 0.73112822 0.10280714 0.03441162 0.04712214 1 0.77488631 0.53301020 0.07616214 0.02359467 0.03869889 1 0.63975281 0.98513918 0.29032116 0.02972145 0.09861126 1 0.48287228 0.56495628 0.05098425 0.02073154 0.03497742 1 0.41078904 0.58268948 0.05860886 0.01961460 0.03686651 1 0.23992975 0.98169460 0.13934884 0.03661060 0.05444565 1 0.20845741 0.59992523 0.03814969 0.01840572 0.03396361 2 0.08768549 0.59850459 0.03660235 0.01884604 0.03444834 1 0.06777461 0.59157863 0.01603579 0.01899309 0.03082900 1 0.05551891 0.65048542 0.01955927 0.01707439 0.02842970
7,MVI_20011_img00449_jpg.rf.908bda312e93dda38d270263ce734e13,1 0.88475013 0.82514648 0.27543442 0.07932587 0.11214738 1 0.87438905 0.82852516 0.15201023 0.05019417 0.06091180 1 0.86950338 0.75360928 0.12323871 0.04199829 0.05309414 1 0.86920881 0.59077864 0.25757630 0.05521832 0.09822736 1 0.86246967 0.75976982 0.18986697 0.05676003 0.07198687 1 0.85909152 0.58421960 0.13223572 0.03777313 0.05866785 1 0.85813540 0.63782001 0.12566507 0.03617573 0.05595332 1 0.85499692 0.93672810 0.27228303 0.08658867 0.11449823 1 0.85468131 0.49951000 0.11666498 0.04193935 0.05439484 1 0.84979928 0.56197233 0.10661964 0.02969666 0.05184723 2 0.84678912 0.60975046 0.06439276 0.03125725 0.06120563 1 0.83490586 0.70180397 0.07440797 0.02942867 0.04030049 1 0.79837656 0.74065876 0.06488460 0.03120098 0.04340391 1 0.62338698 0.57006235 0.03609147 0.02062645 0.03368700 1 0.50284201 0.90418186 0.92830410 0.19069405 0.14287720 2 0.37735799 0.90186085 0.92712521 0.19627810 0.14574938 1 0.35796073 0.65526342 0.02282196 0.02089920 0.03020798 1 0.25090632 0.55500588 0.01324444 0.01772623 0.02538238 1 0.21488491 0.62940316 0.01675225 0.01833000 0.03062533 3 0.17420597 0.53103743 0.02451349 0.02944775 0.04902678 1 0.10212451 0.97508211 0.13013775 0.04983558 0.05676451 1 0.07701600 0.38645382 0.14072685 0.05853853 0.05318222 1 0.06406534 0.57334538 0.12232187 0.03689117 0.06624464
8,MVI_20011_img00483_jpg.rf.69fe7a1d0a566584acf4de07d2bafbdf,1 0.89080292 0.62946930 0.49930983 0.09719944 0.18712730 1 0.89004451 0.83105478 0.17281657 0.05686817 0.08239901 1 0.88240170 0.59304562 0.20155876 0.04827900 0.08125901 1 0.87785923 0.90917063 0.38366256 0.10546341 0.12719631 2 0.87615657 0.63358355 0.10832064 0.04227829 0.08139389 1 0.86606354 0.67832694 0.21432419 0.05182619 0.08111229 1 0.86361492 0.56462765 0.15231400 0.03617783 0.06282463 1 0.86288577 0.74258895 0.16558551 0.05015764 0.07328427 1 0.85334212 0.71108751 0.12001031 0.03918114 0.04993100 1 0.84157908 0.49116197 0.12368953 0.04849577 0.05441928 1 0.83302742 0.77314091 0.09787334 0.03633728 0.04865575 1 0.80572730 0.71901932 0.08531791 0.03162956 0.04241219 1 0.78043801 0.57489185 0.06535734 0.02386141 0.04058462 1 0.64846587 0.68475184 0.05187634 0.02551336 0.03713388 3 0.51039797 0.53384442 0.03468782 0.03182030 0.06591033 1 0.50516611 0.71391215 0.04473824 0.02521925 0.03581021 1 0.38796496 0.99300699 0.38013074 0.01378422 0.12839198 1 0.31112978 0.42892219 0.14309245 0.08205564 0.05688126 1 0.17197648 0.56305804 0.03243866 0.01803770 0.02982512 1 0.11654610 0.04999717 0.52905526 0.09983233 0.17754965 1 0.06146685 0.97682295 0.13095903 0.04635391 0.05980906
9,MVI_20011_img00591_jpg.rf.f3106ce093ed40da6b48bff97d7df6c9,1 0.85923505 0.75609503 0.20044105 0.05307922 0.07067285 1 0.85851645 0.73732824 0.11214306 0.03673706 0.05099979 1 0.85410315 0.53762641 0.23049626 0.05066223 0.08670436 1 0.84933048 0.63025541 0.32993498 0.06373444 0.11569328 1 0.84733397 0.48572464 0.13417811 0.05102510 0.05605836 1 0.83946890 0.81436441 0.17767460 0.04995427 0.07763824 3 0.83788568 0.54988995 0.09919954 0.04956512 0.11367012 1 0.78306061 0.68629484 0.08182650 0.02872534 0.04090015 1 0.74133176 0.59851856 0.06178278 0.02339230 0.03812015 1 0.68277931 0.63589497 0.04787619 0.02031345 0.03569223 1 0.67298687 0.65985899 0.04819621 0.02223272 0.03459343 1 0.63224143 0.70649738 0.06033616 0.02471905 0.04137507 1 0.47668526 0.58271341 0.04616818 0.02079191 0.03055438 1 0.33563352 0.67605228 0.02910982 0.02050838 0.03081802 1 0.27847317 0.68580656 0.06536209 0.02429657 0.03694844 1 0.19192857 0.64508495 0.01957845 0.01987305 0.02805642 2 0.11186488 0.55634336 0.03185775 0.01665564 0.02898108 1 0.09807903 0.55579996 0.02715985 0.01601620 0.02617412 1 0.09411156 0.55628943 0.03904821 0.01775064 0.03468658 1 0.08431768 0.65511632 0.02762651 0.01661549 0.03065789 1 0.07405255 0.57712030 0.01150376 0.01674805 0.02133767 1 0.05962376 0.65213432 0.01407784 0.01834269 0.02545727 1 0.05844833 0.68106904 0.03746387 0.02077675 0.02530450
10,MVI_20012_img00034_jpg.rf.9224a5237cd778c241eb76e6e209cd42,3 0.89893490 0.50122128 0.22136312 0.09826965 0.21972671 1 0.86787570 0.81634099 0.13527293 0.04811864 0.06171451 1 0.86401951 0.59048653 0.18482014 0.04168072 0.07088315 1 0.86292660 0.67239456 0.21798201 0.05439930 0.08778361 1 0.85664725 0.64058332 0.13509484 0.04385605 0.07245497 1 0.79968399 0.58174610 0.13283132 0.03468361 0.06244791 1 0.65560007 0.55765705 0.10505618 0.02948055 0.04856284 1 0.54100585 0.64878778 0.04697766 0.02423449 0.03596454 2 0.52275085 0.68941636 0.05402841 0.02395496 0.03927356 1 0.52268928 0.59455137 0.04564354 0.02263451 0.03570829 1 0.43654689 0.03997101 0.53156090 0.07974877 0.15356731 1 0.37798631 0.68909740 0.05489200 0.02303715 0.03631368 1 0.36221474 0.56320143 0.06696890 0.02167988 0.03975374 1 0.23132658 0.67079911 0.03725717 0.02064810 0.03099828 2 0.09813564 0.56166258 0.06976550 0.02397881 0.04464706
11,MVI_20012_img00349_jpg.rf.9ea7be9b374da41d0868dddc641b25d9,3 0.92200214 0.45195369 0.45958314 0.16921637 0.51729784 2 0.92100447 0.60774565 0.34402332 0.09742088 0.17888069 1 0.88820118 0.90932579 0.81508036 0.18134822 0.36610432 1 0.87353426 0.65012550 0.18140483 0.05967159 0.09546881 1 0.86439359 0.73644981 0.13346107 0.05359535 0.07701846 1 0.85587490 0.63283768 0.11033466 0.04107866 0.06107731 1 0.84599686 0.70368414 0.85821364 0.17702198 0.28357252 1 0.82008308 0.60205259 0.06244859 0.02866488 0.04502344 1 0.81787735 0.56840849 0.07965674 0.03062267 0.04891425 1 0.81659800 0.51850033 0.21233373 0.05689888 0.09085474 1 0.78896183 0.58947082 0.25168834 0.05866661 0.09586458 3 0.76330894 0.50880251 0.06211839 0.05081978 0.12423658 2 0.76029491 0.60185003 0.03435571 0.02607660 0.04385010 1 0.75628269 0.72121477 0.03805280 0.03012810 0.04560649 1 0.64570349 0.55655727 0.02391463 0.02201138 0.03734195 1 0.54533726 0.67363548 0.01936293 0.02578259 0.03771806 1 0.41376048 0.63316174 0.01558721 0.02210836 0.02876259 1 0.29175738 0.58076677 0.00760987 0.01760979 0.01521954 1 0.15960948 0.60319738 0.01245382 0.01853065 0.02214636 1 0.08048551 0.97111912 0.09061631 0.05711441 0.05512128
12,MVI_20012_img00410_jpg.rf.db40e073eaafa8a1fde015ad252773d4,2 0.96842122 0.69988623 0.76498194 0.17045650 0.46459427 3 0.91884738 0.45147190 0.46011171 0.17072611 0.51898375 1 0.89031589 0.62213287 0.46089077 0.09177341 0.17630978 1 0.88991445 0.70642757 0.27087264 0.07734871 0.11355343 1 0.88673472 0.64045105 0.13537632 0.04430008 0.06945469 1 0.88635772 0.85163345 0.58668075 0.16288147 0.30080662 1 0.87667853 0.57057748 0.27947552 0.07536278 0.11152616 1 0.86410958 0.78846865 0.14198902 0.05402470 0.06905270 1 0.86286575 0.58320298 0.15043015 0.04128733 0.07171006 3 0.85455358 0.50337801 0.08152834 0.05684395 0.16305648 1 0.84654278 0.56731892 0.06791438 0.02851353 0.04936737 2 0.79703617 0.62882442 0.08709962 0.03808403 0.06948822 1 0.76940674 0.58315992 0.03914641 0.02636223 0.04145098 1 0.54598033 0.66393499 0.03310068 0.02901115 0.04782524 1 0.40561309 0.54882011 0.01886035 0.02107773 0.03772049 1 0.17453459 0.68277016 0.00751007 0.01922970 0.01501994 2 0.09543146 0.66430578 0.03017435 0.02843142 0.05098272
13,MVI_20012_img00459_jpg.rf.da9953c85a8b15e4b0a571945a9a65ba,1 0.91648680 0.64299674 0.46819822 0.11094875 0.18212602 1 0.90053010 0.69321284 0.25225892 0.06920156 0.10446978 1 0.89240378 0.83445320 0.18874525 0.06838112 0.08411634 1 0.88578451 0.91790557 0.82894669 0.16418867 0.34090271 3 0.88366657 0.49711046 0.10058665 0.06668539 0.19257758 3 0.88295382 0.43881197 0.55685940 0.20253277 0.64104347 1 0.87472659 0.60420976 0.25003195 0.06056366 0.10550098 1 0.87038708 0.57947731 0.12643638 0.03894310 0.06641572 1 0.86983836 0.69650216 0.89733863 0.18447266 0.20532255 2 0.82753938 0.66326790 0.15608219 0.05860558 0.10344040 1 0.82721353 0.70845380 0.05758836 0.03374462 0.04912359 1 0.81506509 0.59112902 0.08796049 0.03246613 0.05299624 1 0.76390320 0.55620584 0.04812076 0.02560358 0.04105160 1 0.41644168 0.54991045 0.02263757 0.02324953 0.03707444 1 0.34323552 0.58130155 0.01573055 0.02054567 0.02912813 1 0.23300037 0.64206047 0.00821063 0.02182055 0.01642106 1 0.05888068 0.96845579 0.08533459 0.05794373 0.05768087
14,MVI_20012_img00562_jpg.rf.f94e99849dcfeca5d63b97714f9c8b3d,3 0.90024817 0.47805333 0.16863689 0.09534578 0.28841553 1 0.88702518 0.61790037 0.30093958 0.07541924 0.12756286 1 0.88075590 0.67325020 0.59451265 0.12476768 0.26810770 1 0.87672490 0.79774418 0.13574847 0.05769634 0.07214050 1 0.87536544 0.58947773 0.15297458 0.04386349 0.07461267 1 0.84418058 0.61923876 0.09501433 0.03717747 0.06206858 1 0.83996958 0.68677082 0.06839522 0.03922596 0.05838875 1 0.81046999 0.74516592 0.03754058 0.03460369 0.04489059 1 0.75635755 0.67737956 0.01852229 0.02877522 0.03503834 1 0.73843044 0.53263140 0.05371753 0.02616062 0.04601276 3 0.56886452 0.38664756 0.86046190 0.36126432 0.27773476 1 0.22929277 0.97355771 0.88096972 0.05288438 0.23795986 1 0.21753909 0.96848841 0.07363215 0.05558720 0.05299896 1 0.11394120 0.51793127 0.11374142 0.03924026 0.04881477 1 0.08999446 0.94368925 0.02849315 0.04085617 0.04600404 1 0.08201402 0.88344822 0.03874339 0.04116306 0.05110593
15,MVI_20012_img00741_jpg.rf.b84efc19aa8b8d09152183bc15925008,3 0.92579031 0.43462152 0.34546542 0.15747213 0.51334372 1 0.89042211 0.73700051 0.52270947 0.13556700 0.21797924 1 0.82867980 0.70757074 0.04405479 0.03832188 0.05134990 1 0.63325769 0.49866323 0.05727706 0.03186417 0.05265896 2 0.23894416 0.22126866 0.33261778 0.09494790 0.16699338
16,MVI_20012_img00788_jpg.rf.8f5f1cef10b7b25f30695809b9c50963,3 0.91062576 0.43841262 0.34174380 0.15978546 0.51411314 1 0.71877581 0.47472777 0.06572514 0.05365200 0.04551991 1 0.50391787 0.66399660 0.00705987 0.02605858 0.01411954
17,MVI_20012_img00895_jpg.rf.ab19a9a0031de97873a395d726e09929,3 0.90608764 0.44002544 0.33979309 0.15917413 0.51423974
18,MVI_20032_img00129_jpg.rf.b77e26d9be15d0552960c97caf8e4a68,1 0.86534113 0.33036613 0.33927712 0.05541716 0.08917542 1 0.83039343 0.64174452 0.18489712 0.03017921 0.05184319 1 0.81215250 0.44726725 0.17043402 0.02713089 0.04383307 1 0.77294952 0.61235323 0.15777075 0.02802248 0.04511657 1 0.77134383 0.50248346 0.15044186 0.02581387 0.04289255 1 0.12490477 0.58639851 0.11056548 0.01877155 0.03323929
19,MVI_20032_img00143_jpg.rf.35bf398c05039b8f6e9af74a379f80f0,1 0.85903972 0.32742429 0.33694892 0.05855136 0.08875828 1 0.82412076 0.63572073 0.16936394 0.03017330 0.04716411 1 0.79805374 0.49835348 0.15608513 0.02574615 0.04425311 1 0.78829241 0.44380770 0.17560010 0.02807589 0.04575958 1 0.72298008 0.60778751 0.14638627 0.02776012 0.04221139 1 0.20885335 0.58452797 0.10300673 0.02004738 0.03213511
20,MVI_20032_img00162_jpg.rf.74d2420617368ad74c517277108aa8bb,1 0.86158651 0.32843790 0.33306077 0.05711994 0.08943110 1 0.82662654 0.43868732 0.18319244 0.03077497 0.04744883 1 0.81090808 0.49556818 0.16427224 0.02893715 0.04722373 1 0.73441225 0.63282905 0.14824321 0.02773523 0.04444127 1 0.68415564 0.60347290 0.13289074 0.02516327 0.04153686
21,MVI_20032_img00290_jpg.rf.362037edd9a520aeb300bf05ae34bbe3,1 0.87795877 0.45831242 0.36545191 0.06257114 0.11101179 1 0.87279415 0.32871518 0.30459914 0.05246658 0.08527660 1 0.64147764 0.31216760 0.23884542 0.08714094 0.06319160 1 0.15695177 0.61224833 0.06344944 0.01895618 0.03194883 1 0.07523257 0.58462934 0.06297829 0.01746159 0.03085642 2 0.05315267 0.58462172 0.06228389 0.01781349 0.03052638
22,MVI_20032_img00425_jpg.rf.5dcda7c56788b7fac62116f2b3d32646,1 0.88133979 0.30776310 0.41067103 0.07001781 0.12081492 1 0.87563503 0.92418346 0.78686428 0.15085030 0.28041210 1 0.85328585 0.68439364 0.22642116 0.04942226 0.07452785 1 0.83456510 0.64668641 0.16665993 0.03854923 0.05767527 1 0.08394001 0.48801904 0.06635346 0.01940641 0.03112733
23,MVI_20033_img00227_jpg.rf.8387d03869c28282af7df924aa6c5b01,1 0.88626266 0.72779355 0.24397554 0.05412579 0.07484503 1 0.85869670 0.67461376 0.15956423 0.04551287 0.05164986 1 0.84967351 0.43814516 0.16709577 0.03393860 0.04995923 1 0.80332977 0.62327881 0.12355825 0.02622108 0.04303339 1 0.60495812 0.58446126 0.10146881 0.02407799 0.04003851 2 0.12770255 0.63279867 0.09027194 0.02307243 0.04274776 1 0.05833727 0.63196797 0.09114380 0.02299404 0.04220814
24,MVI_20033_img00256_jpg.rf.4d347d4925d4559bf083335d9798d57b,1 0.87756968 0.69667044 0.19765226 0.04381599 0.06432035 1 0.86253709 0.64128695 0.14211011 0.04059906 0.04933925 1 0.84438360 0.42644186 0.18065662 0.03525677 0.05706363 1 0.72463876 0.61528749 0.09922034 0.02336941 0.03829582 0 0.47769788 0.85473299 0.88924129 0.28257732 0.22151722 1 0.24154574 0.62425051 0.07217120 0.02319641 0.03893385 1 0.17397431 0.58752632 0.08294156 0.02216282 0.03765233
25,MVI_20033_img00418_jpg.rf.0e4044b50bca46ce5acbd3e4b9f737a0,1 0.89686722 0.73808336 0.38357179 0.08599348 0.13336282 1 0.88278389 0.82147427 0.82230203 0.16359673 0.25356030 1 0.85035002 0.66798177 0.19342314 0.03986607 0.06181576 1 0.81967676 0.47672067 0.13370860 0.03283796 0.05475998 2 0.72336632 0.58551893 0.13505538 0.03007088 0.05835049 2 0.63517070 0.49685640 0.09408504 0.02562962 0.05244918 2 0.16019681 0.49657421 0.08069457 0.02222366 0.04566890 1 0.13297206 0.62507658 0.08259964 0.02024593 0.03657620 1 0.06712878 0.49643888 0.10014870 0.02618237 0.04726496
26,MVI_20033_img00731_jpg.rf.5eac4e1da6b198c29638cc8e379c6244,1 0.90806764 0.74494414 0.40786662 0.08568287 0.13591795 1 0.88446617 0.64213095 0.31300552 0.06169500 0.09571433 1 0.85930073 0.60497885 0.23195423 0.04633722 0.07259408 1 0.85136867 0.77246151 0.89738538 0.18489418 0.20417562 1 0.83951694 0.69524760 0.15263851 0.03394566 0.05243950 3 0.77061331 0.93489189 0.51240897 0.13021602 0.50350132 1 0.64362770 0.61409416 0.09769235 0.02375479 0.03931351 1 0.10870859 0.89414539 0.30951443 0.06168900 0.08522978 1 0.07381433 0.58253269 0.10203417 0.01819878 0.04143409
27,MVI_20034_img00069_jpg.rf.797970b478184b64f94b3a0356b48883,1 0.90777850 0.82203417 0.88246927 0.19789829 0.23416729 1 0.88415581 0.71494889 0.33496437 0.07514744 0.10758028 1 0.86544842 0.63246384 0.17598262 0.03923302 0.06142836 1 0.80414200 0.58967876 0.13139875 0.03043652 0.04979818 3 0.76569647 0.93478942 0.51071051 0.13042096 0.50782263 1 0.70754325 0.63332462 0.12780082 0.03096104 0.05169301 1 0.61477691 0.57893257 0.10663576 0.02753849 0.04377666 1 0.42461270 0.52463431 0.07937545 0.02170906 0.03699193 1 0.18853334 0.63506851 0.07354505 0.02331600 0.03755484
28,MVI_20034_img00185_jpg.rf.db7de947696d81c63d05b374990ac69d,1 0.89694440 0.68574963 0.41824498 0.08660488 0.12731085 1 0.87619650 0.47966309 0.24247904 0.04641857 0.07618895 1 0.84427911 0.64166040 0.18983805 0.04148941 0.06397042 1 0.82489830 0.66935472 0.29256005 0.06448574 0.10593796 1 0.80915695 0.48625402 0.13193979 0.02782841 0.04655070 1 0.80039418 0.62378612 0.12177792 0.03091717 0.04678867 1 0.79839158 0.52480860 0.12578013 0.02640705 0.04475183 3 0.79240751 0.93490462 0.50732602 0.13019056 0.48514483 3 0.39518797 0.46740112 0.07216666 0.03215485 0.07543161 1 0.31824198 0.57576885 0.08604538 0.02115107 0.03834577 1 0.31648189 0.61139145 0.08904966 0.02380619 0.03728783 2 0.21357140 0.50939960 0.07601228 0.01968346 0.03704131 2 0.05612308 0.57410312 0.08458298 0.02128124 0.04093549
29,MVI_20034_img00329_jpg.rf.f175367661229609ee3958741d2a0993,3 0.92227638 0.82813818 0.44741030 0.22646632 0.44275732 2 0.90872818 0.42574806 0.26898692 0.05758915 0.12062812 1 0.89723539 0.75032234 0.85541920 0.17941399 0.28916140 1 0.88623494 0.66509647 0.49971132 0.09997387 0.15542259 1 0.88050169 0.62329950 0.27448111 0.05691938 0.08975554 1 0.86517227 0.95136094 0.89201202 0.09727792 0.21285744 3 0.86515421 0.39582996 0.16877495 0.07062778 0.15499794 1 0.73387194 0.48849907 0.08821660 0.02388573 0.03873287 1 0.71436054 0.43961143 0.12083998 0.02431850 0.04653649 1 0.70752788 0.59746618 0.09780257 0.02790813 0.04239838 1 0.41646865 0.52880020 0.06661333 0.02094498 0.03572847 3 0.23046498 0.96996164 0.48870010 0.05964012 0.41632986 1 0.20642507 0.60724173 0.07761374 0.02332802 0.03971438 1 0.12655646 0.62557812 0.06391003 0.01938782 0.03299162 1 0.09943686 0.50839238 0.05293489 0.01953678 0.03419468
30,MVI_20034_img00614_jpg.rf.ebdd63dbb50345f0c1e951ebdda3a515,2 0.91389138 0.39345300 0.24672811 0.06195884 0.13736620 1 0.90414602 0.49447870 0.28989689 0.06181612 0.11424642 1 0.89727491 0.80322456 0.45959940 0.10270061 0.14835415 3 0.86978918 0.73144093 0.14589666 0.08388348 0.13275702 1 0.86948621 0.45432196 0.60754752 0.10860786 0.21888800 1 0.86674303 0.46458387 0.18074968 0.03724632 0.05978875 1 0.84925640 0.65325947 0.16134617 0.03878708 0.06214590 1 0.83522832 0.51872001 0.13039466 0.02795610 0.04884570 1 0.82968718 0.72722492 0.29781206 0.07298069 0.11400733 1 0.82531077 0.71620665 0.23835995 0.05714712 0.07860894 1 0.81594753 0.42031021 0.17070178 0.03415432 0.05692651 1 0.81103492 0.58387723 0.14208518 0.03301105 0.05583370 1 0.80368316 0.33512306 0.23207328 0.04866109 0.07074485 1 0.76125121 0.46103096 0.11140230 0.02569733 0.04051397 1 0.71792841 0.53240380 0.09631665 0.02269421 0.03799670 1 0.69745666 0.66626577 0.10510022 0.02852993 0.04470921 1 0.69582957 0.58058825 0.11045134 0.02544918 0.04219117 3 0.64670020 0.62978840 0.09779581 0.04496975 0.10143502 1 0.39347172 0.49887404 0.08657300 0.02114172 0.03785863 1 0.05247172 0.48168936 0.07401769 0.01815062 0.03034686
31,MVI_20034_img00688_jpg.rf.bbbb0f3f46d1d5b54d4e5d5a07ee6381,2 0.94786048 0.13171430 0.77979522 0.24222927 0.44040937 1 0.90590656 0.37675242 0.41704507 0.08018627 0.13084669 1 0.89840662 0.40623444 0.85942015 0.20092623 0.28115950 1 0.89758956 0.77393785 0.42625985 0.09288855 0.13592577 1 0.88695711 0.74712434 0.23901986 0.05344343 0.08205520 1 0.86679268 0.29567606 0.38632076 0.07650805 0.11598191 1 0.86586577 0.44021344 0.20283680 0.04334641 0.06546416 1 0.86556953 0.94920464 0.51477418 0.10078316 0.16426706 1 0.86026949 0.50762186 0.20593648 0.04080696 0.06692362 1 0.85634953 0.33573956 0.23330734 0.04574451 0.07179732 1 0.84844095 0.52787752 0.15686356 0.03415241 0.05163462 3 0.83778149 0.68025899 0.09914044 0.05762043 0.09694829 1 0.80716658 0.68812919 0.15995828 0.03765965 0.05568061 1 0.75558537 0.63687134 0.12746277 0.03016214 0.05249958 1 0.70000678 0.48234491 0.12348871 0.02839928 0.05057192 1 0.66331291 0.67804499 0.20123107 0.04878941 0.07961745 1 0.54820538 0.50762949 0.11135615 0.02441902 0.04176626 1 0.25307071 0.46584663 0.09817536 0.02442913 0.03957968 1 0.18438549 0.57769232 0.09406899 0.02271576 0.04243596 1 0.07734632 0.49747648 0.09914054 0.02196388 0.03888719 1 0.05527076 0.61685953 0.10859462 0.02701435 0.04670660 2 0.05185653 0.63753839 0.12414506 0.02799053 0.05610060
32,MVI_20034_img00701_jpg.rf.7a5314657a6448aa079089ffd79674b9,1 0.91248572 0.33702986 0.52355499 0.10283279 0.16817875 1 0.91119957 0.90775356 0.42557316 0.10355110 0.14186420 1 0.90014172 0.23585277 0.48134866 0.09799972 0.14702768 1 0.89113820 0.74962335 0.37112846 0.08137159 0.11912708 1 0.88197029 0.42976460 0.22972300 0.04750195 0.07369971 1 0.87259632 0.73958025 0.21408918 0.05045967 0.07298102 1 0.86930490 0.50458741 0.22530689 0.04436026 0.07366534 1 0.85359889 0.67101774 0.18653412 0.04778652 0.07350497 1 0.85208690 0.52706742 0.16902648 0.03596601 0.05702772 1 0.84911704 0.33541689 0.23195240 0.04705744 0.07172074 1 0.79708940 0.68492880 0.14757726 0.03660488 0.05495510 1 0.76799583 0.47877607 0.13101792 0.03055325 0.05198050 1 0.74135470 0.63407526 0.12112453 0.03059340 0.05050659 1 0.71056378 0.51290331 0.11850356 0.02649307 0.04382803 2 0.59077770 0.06497386 0.90518498 0.12976286 0.18962984 3 0.58911437 0.67375603 0.09360191 0.05524006 0.09064910 1 0.45742455 0.46213951 0.10723715 0.02431717 0.04480643 1 0.29580855 0.49453096 0.09407343 0.02273865 0.03612516 1 0.23458289 0.61148901 0.10219465 0.02544203 0.04705600 1 0.14434215 0.57776308 0.08555605 0.02205887 0.04038701 1 0.05541846 0.61723123 0.10741904 0.03083830 0.05010171
33,MVI_20034_img00702_jpg.rf.b811172fd295495081af404549543b19,1 0.91435748 0.33334968 0.53453341 0.10484104 0.17298851 1 0.89939415 0.90450573 0.41760882 0.10283432 0.13562891 1 0.89691162 0.74801583 0.36798813 0.08058605 0.11890273 1 0.88861197 0.42918463 0.23088541 0.04829578 0.07446542 1 0.88337624 0.23014069 0.49041281 0.09891318 0.14750443 1 0.87386000 0.73912587 0.21129499 0.05001621 0.07293528 1 0.87354362 0.50385494 0.22622752 0.04461765 0.07261224 1 0.86995906 0.67055993 0.18389714 0.04627199 0.07487946 1 0.85157782 0.52738643 0.16897936 0.03634672 0.05717292 1 0.84488219 0.33578491 0.23095434 0.04649210 0.07141023 1 0.78816247 0.68492880 0.14439107 0.03520422 0.05255506 1 0.73747289 0.51318192 0.11794963 0.02665854 0.04388567 1 0.70135027 0.63365068 0.12050841 0.02995758 0.04994862 1 0.67613912 0.47837191 0.12938173 0.03088703 0.05359178 3 0.66500700 0.67404413 0.09085495 0.05242348 0.08933377 1 0.49408343 0.46173964 0.10701488 0.02384586 0.04384513 1 0.33932063 0.49400053 0.09220221 0.02241173 0.03511422 2 0.25588676 0.05526295 0.91977978 0.11052570 0.15952110 1 0.16358912 0.61045332 0.10102041 0.02348175 0.04566488 1 0.15716028 0.57796078 0.08352547 0.02183685 0.04053661
34,MVI_20035_img00112_jpg.rf.68dabadc4418d2bec3ccb3efdd2f1d66,1 0.91520977 0.21392448 0.50556574 0.09793067 0.15195312 1 0.89830476 0.29535255 0.55171871 0.11351023 0.16337872 1 0.89699984 0.78334751 0.40369148 0.08555794 0.13149300 1 0.89188904 0.41261754 0.30029216 0.05989075 0.09407387 1 0.88285273 0.50564651 0.30590825 0.05907993 0.10205021 1 0.86734343 0.38133049 0.24349217 0.05132227 0.07869225 1 0.86517513 0.45476875 0.20136945 0.04157724 0.06583462 1 0.85222006 0.52446728 0.14528385 0.03075008 0.04992783 1 0.84925193 0.41477604 0.16879811 0.03493090 0.05519853 1 0.83339572 0.64817038 0.16532097 0.03911533 0.05547266 1 0.83072692 0.47821083 0.13647219 0.03107662 0.04720612 1 0.82681072 0.26999781 0.74734850 0.16292453 0.31369076 2 0.76808727 0.44638133 0.10791917 0.03184767 0.06833286 1 0.72608626 0.62299547 0.10767305 0.02567406 0.04441731 1 0.69440526 0.49705882 0.10303690 0.02503834 0.03867083 2 0.65308475 0.68443584 0.21189309 0.05150871 0.09421643 1 0.47478411 0.64267211 0.13499198 0.02836399 0.04485283 1 0.39453062 0.53239965 0.07960195 0.02120686 0.03550569 1 0.37107831 0.65937176 0.08663758 0.02586203 0.03984210 1 0.05104722 0.50625634 0.06945477 0.01978750 0.03255441
35,MVI_20035_img00413_jpg.rf.9fb7346f49e705af9963148286f7a2f9,1 0.91974473 0.87426653 0.58444681 0.14232330 0.19390354 1 0.90736681 0.34139400 0.46823292 0.09136024 0.15544329 1 0.89152664 0.45896664 0.71996689 0.12654591 0.25780907 1 0.88860261 0.74306698 0.33879004 0.07667065 0.11297464 1 0.87020135 0.66964912 0.26534042 0.05284748 0.08435345 1 0.86833870 0.36022167 0.20118452 0.05202131 0.06614875 2 0.86714774 0.48880215 0.39835274 0.08006420 0.18851085 1 0.86472064 0.32386441 0.32683480 0.06588869 0.10417619 1 0.86096895 0.12005743 0.88292756 0.20406511 0.23414468 2 0.86002225 0.58858795 0.13332048 0.03454647 0.06934671 1 0.85505754 0.46882763 0.17109139 0.03822327 0.06223583 2 0.84303218 0.50877008 0.22840261 0.04345074 0.09037795 1 0.82151824 0.67016516 0.20037105 0.05261211 0.07349677 1 0.81887168 0.43374872 0.13582036 0.03197670 0.05075855 1 0.79701984 0.48584633 0.13096066 0.03156090 0.04988346 1 0.79091519 0.65933771 0.15438346 0.03794880 0.05502040 2 0.30866542 0.48495569 0.08684824 0.02195034 0.04253094 1 0.10218886 0.51879277 0.06563469 0.02007627 0.03457839 2 0.05399770 0.93970690 0.86883464 0.12058601 0.26233052
36,MVI_20035_img00667_jpg.rf.9d39b52c8c14f4dc5f85664f07c6179a,1 0.88996142 0.68262119 0.22102275 0.05582314 0.08359156 1 0.88743162 0.48417072 0.32086320 0.06707420 0.12946053 1 0.88364351 0.65099177 0.32954421 0.07137690 0.10721817 1 0.87940371 0.78170805 0.25469456 0.06650829 0.08972664 1 0.87831444 0.32482066 0.25872855 0.04954576 0.08214931 1 0.87414587 0.38893118 0.28388290 0.06092491 0.09576941 1 0.87332118 0.49938827 0.20591635 0.04342556 0.07459375 1 0.87074530 0.95630360 0.49115400 0.08738365 0.15941334 1 0.85381269 0.59301882 0.16726317 0.03763828 0.06312671 1 0.84831357 0.46392140 0.11791006 0.03363667 0.05185101 1 0.83054274 0.66525307 0.16213465 0.03890648 0.06439917 1 0.82614338 0.51601887 0.11060502 0.03143654 0.05695272 1 0.82187742 0.69787784 0.12471551 0.03636913 0.05535963 1 0.80384922 0.58191457 0.11938720 0.03489923 0.05144072 1 0.76482058 0.63329268 0.11964011 0.03500957 0.05670577 2 0.61512649 0.78316150 0.44504119 0.09342546 0.16071336 1 0.48549035 0.78276572 0.44573722 0.09342737 0.16021852 1 0.46651092 0.61309533 0.07828262 0.02586727 0.04317689 1 0.40603223 0.57135324 0.06604811 0.02188816 0.03713334 1 0.29666153 0.65584931 0.07479599 0.02601633 0.04060568 1 0.28535193 0.40221397 0.98224015 0.15632246 0.03551950 1 0.20518312 0.97045240 0.90522761 0.05779953 0.18954458 1 0.19884147 0.63863931 0.09126849 0.02941799 0.04306808 1 0.10021559 0.96428075 0.86156301 0.07143831 0.27398357 1 0.09351190 0.63584709 0.10340152 0.03289890 0.05581582 1 0.05110236 0.57469835 0.07426510 0.02143288 0.04024103
37,MVI_20035_img00739_jpg.rf.648bbc0d9b2b138150787a9dbe2205b2,1 0.92082459 0.45216289 0.53685808 0.09840660 0.18742256 1 0.92024660 0.67837443 0.44271163 0.09094095 0.14548037 1 0.91255230 0.18788559 0.79206705 0.16574583 0.28154964 1 0.89396667 0.72938008 0.32329357 0.07846756 0.11007891 1 0.88849646 0.28425782 0.38667498 0.07503605 0.12408342 1 0.88767755 0.79249620 0.24923902 0.06876583 0.09117498 1 0.88488913 0.60393772 0.16914492 0.04270306 0.06599703 1 0.88379693 0.43323860 0.18240465 0.04690189 0.07207601 1 0.87153506 0.50587001 0.21048224 0.04837608 0.09135866 1 0.85531980 0.71040106 0.15077370 0.04184122 0.06106200 1 0.81428772 0.64357309 0.12688543 0.03892269 0.05843368 1 0.72949833 0.58216629 0.09502009 0.02752962 0.04761556 2 0.66713727 0.67558889 0.20618753 0.04718399 0.08516684 1 0.47988454 0.48717766 0.05886251 0.02178764 0.03632319 1 0.33511028 0.61808672 0.07781852 0.02738705 0.05075190 1 0.32744670 0.65095558 0.09570804 0.02794781 0.04483693 1 0.24329850 0.66519756 0.07350174 0.02548084 0.04365487 1 0.12951107 0.57835579 0.06696480 0.02364511 0.04020849 2 0.06765125 0.61950588 0.07734746 0.02739239 0.05345539
38,MVI_20035_img00763_jpg.rf.2aa2560f3549aec723d930ebe811117e,1 0.90213978 0.25056610 0.51205001 0.09780245 0.16693478 1 0.88332897 0.41823421 0.22489066 0.05280685 0.08338442 1 0.88017869 0.65281048 0.33805127 0.06921883 0.11320419 1 0.87934440 0.69727325 0.26156187 0.06101971 0.08927097 1 0.86708719 0.76092596 0.21591525 0.05791559 0.08087640 1 0.86582482 0.49914856 0.28440151 0.06142616 0.11607456 1 0.85725772 0.59929800 0.14784799 0.03612576 0.05808597 1 0.84617072 0.39166467 0.92827358 0.16675239 0.14301682 2 0.83396590 0.65886059 0.17702894 0.04043751 0.07797914 1 0.82670087 0.69545665 0.13617139 0.03880119 0.05768032 1 0.75359100 0.63494339 0.11369791 0.03371353 0.05165377 1 0.70125973 0.58102713 0.08721511 0.02670059 0.04318447 1 0.69209778 0.48198490 0.07669762 0.02505360 0.04188354 1 0.33955297 0.64649968 0.09030774 0.02930384 0.04434562 1 0.27036458 0.61431055 0.07684854 0.02505417 0.04572676 1 0.08567195 0.65284152 0.06797885 0.02327681 0.04195937
39,MVI_20051_img00137_jpg.rf.b8ae30d70a00edc8ea658002de8fed42,1 0.90672928 0.54181795 0.50308285 0.08421612 0.14826698 3 0.90033811 0.48573303 0.20558376 0.12318039 0.15282702 1 0.87892002 0.48484535 0.39267099 0.06350632 0.10694184 1 0.87225646 0.65550399 0.31783116 0.05114841 0.08982854 1 0.86949819 0.57547617 0.29095197 0.05090141 0.08057337 1 0.85162848 0.63564024 0.20317851 0.03587818 0.05840091 1 0.84173155 0.36846411 0.93646107 0.19455466 0.12698593 1 0.82170701 0.58460436 0.22456040 0.03888798 0.05834762 1 0.70200783 0.59560575 0.17627236 0.02997303 0.04596617 1 0.63479143 0.57480564 0.20232110 0.03124981 0.04426994 1 0.57028991 0.63148141 0.16205754 0.02575045 0.04287477 1 0.27897730 0.57444773 0.14656126 0.02572250 0.03914452
40,MVI_20051_img00334_jpg.rf.2a04a14133f61acc2537f7453812b70e,3 0.91705364 0.49468436 0.18691831 0.12618742 0.15394487 1 0.90588957 0.50036774 0.57664213 0.09986372 0.17626228 1 0.88054955 0.52112675 0.36081486 0.06815481 0.10752544 1 0.87730622 0.65379739 0.35232882 0.05661831 0.10511789 1 0.87577397 0.57589259 0.25519664 0.04835758 0.07452211 1 0.87029916 0.80535452 0.20104873 0.04678607 0.06750298 1 0.85652274 0.66978836 0.91027035 0.16406918 0.17945910 1 0.84254587 0.65895281 0.21314331 0.04358864 0.07840651 1 0.82519913 0.58615417 0.20644162 0.03890057 0.06129322 1 0.76180559 0.60632343 0.16827505 0.03315201 0.05002155 1 0.58869624 0.33836594 0.95245852 0.22195673 0.09508276 1 0.34763160 0.60883389 0.13734341 0.02526340 0.04316454
41,MVI_20051_img00357_jpg.rf.a5802b5df9ca66098e1545eb9b4d500e,3 0.91587591 0.49514194 0.18525972 0.12738113 0.15556250 1 0.91106856 0.65976543 0.48019886 0.07581520 0.15229816 1 0.90945685 0.43830041 0.84189987 0.14920027 0.29455662 1 0.90730458 0.48763800 0.45614524 0.08683090 0.14301968 1 0.88095754 0.56276121 0.29852769 0.05843697 0.09071279 1 0.86718893 0.78773146 0.17263074 0.04051762 0.06132693 1 0.86311233 0.66039362 0.26252003 0.05323400 0.09356685 1 0.84514600 0.56677113 0.23628094 0.04642181 0.06877623 1 0.82409728 0.59975743 0.18744646 0.03443117 0.05421503 1 0.64541328 0.60771618 0.14976902 0.02878647 0.04896002 1 0.39557680 0.64381886 0.12346615 0.02571373 0.04425728 1 0.18618369 0.58780928 0.13140323 0.02573490 0.04407508
42,MVI_20051_img00415_jpg.rf.0620255976ca04b69183ed0f6c9d360c,3 0.91354311 0.49710340 0.17865980 0.12550545 0.15332828 1 0.90434974 0.45924082 0.53445234 0.11275511 0.17329674 1 0.88999325 0.47930164 0.37097762 0.07111206 0.11278119 1 0.88328791 0.65270758 0.57565079 0.11064014 0.23292885 1 0.87044293 0.57465744 0.26349466 0.04925327 0.07985587 1 0.86253464 0.80631273 0.21728596 0.04972157 0.07608739 1 0.83246726 0.60472431 0.18318856 0.03679981 0.05931735 1 0.79322654 0.64701767 0.15532963 0.03255625 0.05327120 1 0.77476150 0.75836005 0.11726733 0.02999563 0.04627828 1 0.51419592 0.59180756 0.15124357 0.02986956 0.04618258 1 0.21511091 0.23218475 0.97604155 0.20172099 0.04791670 2 0.20911449 0.22408562 0.97625809 0.21533394 0.04739075 1 0.12555830 0.60660224 0.11764005 0.02473993 0.04320440 1 0.11435935 0.64998569 0.11678851 0.02877159 0.04662465 1 0.09297096 0.58872166 0.13498068 0.02564201 0.04472613
43,MVI_20051_img00540_jpg.rf.9493a3493fc5eb2e8d82ea0411b133ee,3 0.90481657 0.48988500 0.14307620 0.12813559 0.15710683 1 0.89230943 0.51920881 0.46053414 0.08743591 0.15837355 1 0.88461971 0.58892164 0.31087964 0.06919727 0.10544405 1 0.86532086 0.52870164 0.25713382 0.05610819 0.08835325 1 0.85413498 0.56968346 0.18648224 0.04274445 0.06955318 1 0.85333914 0.65803165 0.21081843 0.04480743 0.07692304 1 0.82074499 0.58778491 0.13962648 0.03522978 0.05773330 1 0.78579259 0.64649625 0.15478270 0.03599062 0.07063751 1 0.30004141 0.59445992 0.09349281 0.03180847 0.04386687 1 0.28957090 0.58826370 0.10902150 0.03014927 0.04464507
44,MVI_20051_img00813_jpg.rf.02abee6c73688ebfa9bd596ef2af3364,1 0.91524643 0.29065268 0.86753351 0.19417987 0.26493278 2 0.91033679 0.43231725 0.39119220 0.09134409 0.19438906 3 0.89246076 0.48822985 0.12825787 0.12792902 0.16016621 1 0.89103055 0.79539218 0.23703046 0.06573133 0.09291018 1 0.88047540 0.62911797 0.50087767 0.09541302 0.18731937 1 0.87150592 0.73870068 0.13380263 0.04473038 0.07018594 1 0.86615139 0.65862918 0.18358009 0.04471483 0.07660470 1 0.85809928 0.52347274 0.17942662 0.06058130 0.06986141 1 0.85460800 0.60390739 0.15158131 0.04138908 0.06862912 1 0.84687680 0.97015953 0.38481200 0.05962162 0.14190602 1 0.75564897 0.76946115 0.09014285 0.03745003 0.05508348 1 0.74564570 0.64692698 0.10268062 0.03158464 0.05386910 1 0.70231313 0.58597670 0.12364950 0.03502121 0.05343294 1 0.42816523 0.59200354 0.09752551 0.03367720 0.05098959 2 0.27917418 0.63197904 0.06823599 0.03140135 0.05676557 1 0.06953366 0.72708879 0.04008612 0.02746229 0.04419401
45,MVI_20051_img00822_jpg.rf.d842361a44317233b682196e1ab9343f,3 0.91734457 0.48988256 0.12148318 0.13156548 0.16011448 2 0.90539014 0.41274129 0.43954263 0.10379083 0.21868296 1 0.89633346 0.61908293 0.61569185 0.11382103 0.23497028 1 0.89424288 0.95448937 0.32470260 0.09102106 0.12583666 1 0.88464785 0.77922006 0.20031757 0.05857706 0.08527709 1 0.85952711 0.51431103 0.18016200 0.06242390 0.07123017 1 0.85819060 0.65985527 0.20201476 0.04956837 0.08233757 1 0.85745889 0.60146885 0.15761006 0.04266491 0.07196484 1 0.84831226 0.73197355 0.11336588 0.04166985 0.06464784 1 0.81869870 0.64730248 0.10599115 0.03177052 0.05686794 1 0.79420698 0.22845044 0.95467286 0.21501517 0.09065408 1 0.78931248 0.58770199 0.12396807 0.03637886 0.05663515 1 0.76065141 0.76239786 0.07584189 0.03508072 0.05342653 1 0.45963272 0.59296007 0.09417282 0.03243904 0.05109098 2 0.32490316 0.63265615 0.06827936 0.03287392 0.05946849 1 0.19993165 0.63294106 0.06862117 0.03202724 0.05953083 1 0.14693627 0.98534784 0.62036180 0.02905521 0.19723721 1 0.06865707 0.64002256 0.08649345 0.03489876 0.07759000 1 0.06220463 0.58899097 0.08447987 0.02872562 0.04944499
46,MVI_20052_img00271_jpg.rf.b09603c856780810cd0ef1ab4a8ae0d2,1 0.91420388 0.51971083 0.44107713 0.08899746 0.16622756 2 0.91205990 0.91751308 0.24015226 0.08673134 0.14565821 1 0.89954394 0.80945816 0.25166726 0.07496529 0.10513955 1 0.88677841 0.63299541 0.28618221 0.06757183 0.11975765 3 0.88572973 0.49134412 0.10001006 0.12914963 0.16350253 1 0.87692732 0.84517488 0.16374596 0.06180019 0.08069813 1 0.87052310 0.64494705 0.16325279 0.04718990 0.07876141 1 0.86456668 0.95944423 0.45719423 0.08111134 0.17371445 1 0.85828578 0.55477200 0.17778559 0.05025883 0.09443836 1 0.85008496 0.47376537 0.20201144 0.05219307 0.08141241 1 0.83731711 0.58791494 0.12669758 0.04062481 0.06916683 1 0.80018115 0.64780464 0.11056757 0.03770752 0.06568289 1 0.75685376 0.42279520 0.17427236 0.06816940 0.06722162 2 0.73875284 0.59669580 0.06990468 0.04357662 0.07641433 1 0.71241337 0.77895899 0.03768069 0.03146782 0.05099820 1 0.27437046 0.70929232 0.04082387 0.02990360 0.04976236 1 0.05176328 0.74096384 0.01762589 0.02518806 0.03525158
47,MVI_20052_img00625_jpg.rf.8a0b034d745798d8848adf8a7548d2df,3 0.91891611 0.49417973 0.08438399 0.12882109 0.15935657 1 0.89108515 0.24947863 0.90164494 0.22290812 0.19670992 2 0.87082767 0.95570082 0.69991465 0.08859816 0.38110542 1 0.87053198 0.54812307 0.26260538 0.06367416 0.11292195 1 0.86347997 0.47494907 0.18542089 0.05348806 0.08261337 1 0.86285055 0.76426353 0.07750712 0.03949280 0.06172105 1 0.74460393 0.72962360 0.93847284 0.19143181 0.12305412 1 0.59753430 0.77116423 0.03366375 0.03573666 0.05240408 1 0.08508698 0.76870623 0.02001334 0.03150797 0.03702219
48,MVI_20061_img00343_jpg.rf.40458aface1ca058f884e95b90167aab,1 0.90031862 0.59820085 0.71827908 0.11991816 0.24784164 1 0.87213409 0.63745923 0.18804890 0.04154663 0.06475236 1 0.86915892 0.61799445 0.37613008 0.06532640 0.11895547 1 0.86715162 0.57772837 0.13259327 0.03176689 0.05312195 3 0.86588264 0.84395218 0.12283456 0.08905163 0.16095996 1 0.85653490 0.62049360 0.28405313 0.05825129 0.08998852 1 0.85345125 0.91027374 0.21537499 0.05365868 0.07345754 1 0.83386505 0.79034224 0.12850380 0.03299160 0.04832935 1 0.82652223 0.73134871 0.12758228 0.03396673 0.04875369 1 0.81100529 0.62756352 0.12205582 0.02998753 0.04579113 1 0.75105828 0.53216114 0.12801690 0.03008690 0.05304127 2 0.67173034 0.57694416 0.08404688 0.02185555 0.04396203 3 0.58421868 0.75780168 0.07417886 0.04770164 0.08180155 1 0.41718021 0.68818545 0.07448174 0.02250738 0.03221887 1 0.25275230 0.72055349 0.07588416 0.01894665 0.03212972 1 0.05564429 0.57821198 0.08435166 0.02292366 0.04490585 1 0.05137810 0.25613525 0.43686357 0.10854955 0.12687378
49,MVI_20061_img00386_jpg.rf.125a5ad6d724504cd6fc9bdc669d810b,1 0.91779882 0.71882687 0.47106417 0.09647751 0.14918177 1 0.91770595 0.65706472 0.66777830 0.11420994 0.22768745 1 0.88141066 0.67641916 0.29433734 0.05763168 0.09113646 1 0.86990178 0.58532052 0.19020879 0.03874111 0.06994848 1 0.86089474 0.88749371 0.20183945 0.04956245 0.06709851 1 0.85112351 0.65002017 0.17910187 0.03775997 0.05861526 1 0.84677517 0.52730322 0.18181627 0.03628283 0.06307611 3 0.82846946 0.81510887 0.11408408 0.08037033 0.14307442 1 0.79887867 0.70893493 0.10750914 0.02899847 0.04198701 2 0.77120584 0.58003078 0.12046629 0.02538652 0.05600579 1 0.55623174 0.77341681 0.12146008 0.03153934 0.04340729 3 0.47326019 0.74045820 0.06921045 0.03747921 0.07273962 1 0.33415481 0.71003952 0.07694962 0.02135334 0.03222820 1 0.21775676 0.67925243 0.07326075 0.02025537 0.03175595 1 0.20161487 0.58051033 0.12110649 0.02580948 0.05758750 2 0.11114861 0.57881527 0.08037724 0.02142696 0.03799050 2 0.09254380 0.57931538 0.10492178 0.02504988 0.04747853 1 0.08667192 0.07708133 0.70907841 0.12106419 0.14102345
50,MVI_20061_img00422_jpg.rf.6212de7cf9cc3d0f3b2628b121665fbc,1 0.90098083 0.73721037 0.46213932 0.09109859 0.14554548 1 0.87907213 0.59382629 0.25698423 0.04956608 0.09045343 1 0.87167358 0.67360845 0.24391758 0.05033979 0.07835097 1 0.85742909 0.51792383 0.24311635 0.04574203 0.08747048 3 0.85564750 0.79129109 0.09923846 0.07338591 0.12812021 1 0.84733671 0.85862646 0.18111221 0.05058517 0.05982702 1 0.84535849 0.91754975 0.89708552 0.16490030 0.20582876 2 0.83890414 0.58165622 0.14944367 0.03059988 0.06507330 1 0.69654846 0.68926010 0.08814946 0.02598057 0.03612125 2 0.49715692 0.57922945 0.09749554 0.02186337 0.03848035 3 0.40999895 0.72420139 0.06305272 0.03750458 0.07075402 1 0.30768904 0.75474424 0.10616530 0.02431011 0.03874907 1 0.26026222 0.67104526 0.06395040 0.01816254 0.02819544 1 0.12484448 0.57748489 0.07810505 0.01663694 0.03432913 1 0.12049055 0.75244961 0.08197182 0.02282963 0.03960718 1 0.08044779 0.29212499 0.33690772 0.06020670 0.10164070 1 0.07876554 0.59678316 0.06404925 0.01771994 0.03094633 1 0.07538603 0.69350395 0.05556442 0.01929436 0.02837994
51,MVI_20061_img00701_jpg.rf.8e29f045f0f238ef19080ce8fdfb71d7,1 0.90135401 0.74456434 0.50774784 0.10057545 0.17231312 1 0.89512295 0.59311132 0.39541841 0.07158985 0.12806158 1 0.87021899 0.58454223 0.20021667 0.04134922 0.06940814 1 0.86189741 0.64898663 0.17550864 0.04369812 0.06592059 1 0.83334869 0.59839516 0.12348834 0.03069649 0.04997318 1 0.82753670 0.53748884 0.15493963 0.03589535 0.05443676 1 0.66677678 0.57478557 0.08937216 0.02396936 0.03756562 3 0.61522084 0.70278215 0.05590127 0.05124922 0.07321576 1 0.58966607 0.61815872 0.08217446 0.02470913 0.03817593 1 0.08925485 0.54761848 0.06314715 0.01810741 0.03283918 2 0.08008103 0.59160070 0.04789544 0.01928806 0.03715883 2 0.07803109 0.54792891 0.06392626 0.01849527 0.03304662
52,MVI_20061_img00793_jpg.rf.ae52b3765f8a9ed54c271ae2484e2703,1 0.89635515 0.62068501 0.57739549 0.09974089 0.19283838 1 0.89129233 0.90653610 0.84666662 0.18546028 0.29600964 1 0.88585424 0.46799855 0.56388745 0.09487667 0.17916155 1 0.88200563 0.62146921 0.30681715 0.05800037 0.10043211 2 0.86498898 0.85957489 0.22148508 0.05438194 0.10029556 1 0.85237980 0.58132076 0.18261043 0.03929195 0.06280415 1 0.85163307 0.65382199 0.18188181 0.04060173 0.06565995 2 0.78845918 0.60490031 0.09205796 0.02778082 0.05790286 1 0.74532324 0.54715719 0.12818768 0.02906551 0.04839597 1 0.36213180 0.54125891 0.08526890 0.02604561 0.04351031 1 0.30569580 0.35690517 0.24184377 0.12398386 0.08057513 1 0.20284408 0.30193706 0.33548546 0.08364353 0.10312195
53,MVI_20062_img00230_jpg.rf.d8b5505b8d2b42a24619e1d6c678e6b6,1 0.89006925 0.56696739 0.87309720 0.17668190 0.25380539 1 0.87084275 0.50889845 0.27299070 0.06629353 0.12511435 1 0.86519009 0.62704334 0.27345850 0.06129961 0.10342374 1 0.86379486 0.92232423 0.86403379 0.15535135 0.27001133 1 0.84504247 0.62571955 0.09193782 0.03351421 0.05315094 1 0.76249903 0.76806307 0.06508886 0.03719110 0.05609684 1 0.69867873 0.57508965 0.06831815 0.03076286 0.05247208 3 0.60523206 0.53624811 0.03785066 0.03768320 0.07570112 1 0.58442545 0.57669683 0.03669869 0.02462721 0.03972137 1 0.32556251 0.70763750 0.01732749 0.01871967 0.02831823 1 0.32533538 0.59839125 0.01551737 0.02022095 0.03073444 2 0.23471828 0.57600760 0.05601107 0.02776918 0.06349567 2 0.23394340 0.36352887 0.20444742 0.10140133 0.09121426
54,MVI_20062_img00512_jpg.rf.f9c7c67acb9f96787aa127d359261b31,1 0.90390891 0.61213078 0.49627028 0.09007807 0.16836720 1 0.90341741 0.68540974 0.73485212 0.14105892 0.29144001 3 0.90027899 0.48563442 0.25619178 0.10796051 0.31969147 1 0.87887383 0.92923203 0.29087296 0.08221169 0.10648265 1 0.85612816 0.77864552 0.20089040 0.05891399 0.08798590 1 0.78438354 0.55097761 0.23559002 0.04669781 0.07942439 2 0.42073444 0.53758097 0.06765524 0.02637415 0.04775629 3 0.30487433 0.69079218 0.03534243 0.03281898 0.07068466 1 0.22586621 0.53752246 0.06703178 0.02631292 0.04679446 0 0.07881233 0.69073830 0.03528237 0.03222904 0.07056454
55,MVI_20062_img00723_jpg.rf.a2846ce92e2fd6ad4e34e652b46d013c,3 0.94557071 0.42981063 0.52665330 0.21169298 0.65942056 2 0.70306426 0.49159837 0.16435801 0.07443342 0.07763846 1 0.64470983 0.43088183 0.21304913 0.09522734 0.07784022 1 0.51070243 0.68380318 0.01635005 0.02337723 0.03192326 1 0.35848418 0.64914160 0.01880142 0.02309628 0.03532975 1 0.08458630 0.72234030 0.00569910 0.02400265 0.01112879 1 0.05641810 0.72958746 0.00643057 0.02601795 0.01225929
56,MVI_20063_img00156_jpg.rf.e8ec53e3466eefa72533d51a71038edc,3 0.94183129 0.42670459 0.52947922 0.20751879 0.65413990 1 0.87610370 0.93253269 0.38235686 0.09849930 0.12484965 1 0.86858499 0.77943892 0.18122902 0.05459375 0.07254376 2 0.76090783 0.81958132 0.10765260 0.03976746 0.06290535 1 0.22513767 0.65045252 0.02475390 0.02195911 0.03380401 1 0.15292828 0.59175701 0.10845102 0.02048769 0.05436337 2 0.09937510 0.59258847 0.11166828 0.02371683 0.05789745 1 0.07083942 0.72604008 0.00966813 0.02175007 0.01933606
57,MVI_20063_img00261_jpg.rf.3fb85b06d89047d4fa617d2f0e9deae4,3 0.94421327 0.42677964 0.52764034 0.20780509 0.66338692 1 0.87804544 0.85487385 0.23632494 0.07318153 0.09307097 1 0.84190667 0.71425400 0.10547873 0.03586750 0.05363576 1 0.82142580 0.87696419 0.18473220 0.05936451 0.07261958 1 0.74776959 0.68309870 0.05337662 0.02900572 0.04330226 2 0.54517812 0.75849543 0.05564857 0.02925339 0.04818265 1 0.48558933 0.75801935 0.05505247 0.02897854 0.04737291 2 0.11323803 0.63371964 0.32598519 0.03498058 0.11288643 1 0.10639093 0.72140498 0.00592820 0.02124605 0.01185621 1 0.09114554 0.63308001 0.32774968 0.03461494 0.11270285
58,MVI_20063_img00316_jpg.rf.42eb4ddf89ed6079e7e85cff8cade51c,3 0.93879288 0.42663049 0.52872020 0.20716364 0.66499650 1 0.87588966 0.84689350 0.19302249 0.06463509 0.08080349 1 0.84483111 0.76107130 0.12079065 0.04738808 0.06003695 1 0.76346534 0.67531729 0.05984626 0.02695990 0.04109079 1 0.75076014 0.97928309 0.35555286 0.04143362 0.14850731 1 0.53343850 0.65669122 0.02464887 0.02250853 0.03407124 2 0.48545077 0.73415422 0.03937000 0.02591953 0.04321681 1 0.32803512 0.73342028 0.03806154 0.02615871 0.04194084 1 0.28178278 0.76788015 0.09729814 0.03386803 0.04486772 1 0.05063101 0.72335386 0.00718222 0.02513638 0.01436424
59,MVI_20063_img00524_jpg.rf.697b36a0d3cbd9b5d65061d87639d161,3 0.93990934 0.42909433 0.53083081 0.21043184 0.66507368 1 0.88657147 0.72607756 0.88607778 0.17297020 0.22784424 1 0.86223143 0.75807676 0.16509477 0.05055008 0.06866596 1 0.85661423 0.96192932 0.30362134 0.07589073 0.10821228 1 0.84794515 0.82342348 0.16185329 0.05130043 0.06910686 1 0.80252063 0.83564148 0.12536186 0.04631596 0.06008670 2 0.73926288 0.73410082 0.07678598 0.03161678 0.05947794 1 0.68577009 0.71496444 0.06249042 0.02832794 0.04176831 1 0.56078690 0.69728670 0.03717800 0.02967758 0.04198457 1 0.41684172 0.73360395 0.07709637 0.03212910 0.05660597 1 0.31865898 0.67042336 0.01727387 0.02065029 0.03061942 1 0.20457980 0.72976704 0.06003318 0.03568726 0.04796305 1 0.17249912 0.67952957 0.01536144 0.02461052 0.03067219 1 0.16292542 0.68779979 0.01650444 0.02428350 0.03260961 1 0.15066224 0.72149496 0.06689150 0.03251781 0.04908810 1 0.13569385 0.72084913 0.03773355 0.03233023 0.04613884 1 0.10160647 0.73795691 0.05340338 0.02396259 0.04578972 1 0.07948972 0.55569639 0.00570789 0.01801815 0.01120859 3 0.07387521 0.94536133 0.06190755 0.10896397 0.12313939 1 0.06521246 0.73019514 0.01280480 0.02491560 0.02560940
60,MVI_20063_img00566_jpg.rf.88b8b6e2053bcba70c0292199059bd77,3 0.94529253 0.42657317 0.51751643 0.20713027 0.66172273 1 0.87595075 0.85783806 0.18426712 0.06249123 0.07993822 1 0.84320110 0.71242180 0.08828722 0.03608751 0.05192206 1 0.82723665 0.76050892 0.09242650 0.03666935 0.05251257 1 0.80564922 0.78941059 0.07181977 0.03286285 0.04983687 2 0.74875867 0.71547327 0.04035815 0.02678852 0.04867212 1 0.68203872 0.69119754 0.02798347 0.02457714 0.03658158 1 0.14638950 0.67382841 0.01387666 0.01723194 0.02647411 1 0.11532447 0.67893333 0.01326336 0.01930866 0.02271119 1 0.10921122 0.70389042 0.01517658 0.02343845 0.02750582 3 0.09619683 0.94181208 0.05187689 0.11637564 0.10375358 1 0.09403040 0.99524212 0.35347800 0.00949783 0.11714029 1 0.08255334 0.66013942 0.00833771 0.01558542 0.01667522 1 0.07293867 0.71325264 0.03398401 0.02753506 0.04460947 1 0.06599415 0.56176786 0.00465751 0.01652756 0.00883859
61,MVI_20063_img00615_jpg.rf.8e047de44755c0bb3c1c557f4a9333c2,3 0.91801298 0.42386788 0.53363582 0.21016028 0.67150934 1 0.86641657 0.88104897 0.26226716 0.07522049 0.09641085 1 0.86607468 0.78173690 0.12167797 0.04602079 0.05840058 1 0.82542264 0.88745756 0.20069466 0.06781788 0.07514157 1 0.80204254 0.68477416 0.06021777 0.02963085 0.04286487 1 0.77113134 0.72219362 0.06103648 0.02933483 0.04168095 1 0.61758065 0.74990220 0.04860699 0.02832022 0.04066063 1 0.44430175 0.56695199 0.01540208 0.02103710 0.02948368 1 0.38976958 0.67490139 0.02283483 0.01960182 0.03099114 1 0.22658996 0.69695058 0.03045494 0.02495623 0.03855096 1 0.16946378 0.68423948 0.03143542 0.02600517 0.03565869 1 0.12501691 0.65969348 0.00963916 0.01417990 0.01892257 1 0.11308233 0.67612219 0.01507225 0.02068882 0.02920160 1 0.10351263 0.73598428 0.02831980 0.01975994 0.03282600 1 0.10298125 0.73277984 0.04202175 0.02276239 0.03983943 1 0.08127923 0.69681683 0.01994599 0.02074947 0.03423020 1 0.07996999 0.72107143 0.00646247 0.01663246 0.01292474 1 0.05309582 0.74370270 0.04295433 0.02961330 0.04609157
62,MVI_20063_img00714_jpg.rf.ff917142b7875aa87bbec1e4d7025667,1 0.85612243 0.75142651 0.11148234 0.03936806 0.05494666 1 0.82036424 0.56870804 0.06816873 0.02550068 0.04282482 2 0.78519428 0.92864037 0.28411853 0.08328991 0.12729936 1 0.71579659 0.92539120 0.14007627 0.09247551 0.05775535 1 0.71505535 0.71242847 0.06045238 0.02775364 0.03856857 1 0.71373957 0.67475619 0.03977244 0.02385492 0.03439822 1 0.69972688 0.60722017 0.03978768 0.02258387 0.03600720 1 0.68070990 0.75969181 0.08547604 0.03272610 0.04107115 2 0.51629347 0.57329874 0.03255236 0.02299271 0.04458383 1 0.44310993 0.71976891 0.02324942 0.02261848 0.03539368 3 0.41008833 0.33499308 0.64999460 0.38102627 0.70001060 1 0.25702500 0.68460827 0.02905307 0.02388515 0.03199154 1 0.21079780 0.66254101 0.01537444 0.02003288 0.02639558 0 0.08775089 0.33924236 0.65320414 0.37677566 0.67478735 2 0.08619348 0.33831158 0.65454593 0.37362403 0.67016706 1 0.05235156 0.67057934 0.02834571 0.02390862 0.03579304
63,MVI_20063_img00718_jpg.rf.0a954455f3dad390e1b5406b093fc18a,1 0.83004457 0.74889927 0.10722959 0.03871393 0.05152388 1 0.81801003 0.56951876 0.07073453 0.02626352 0.04325883 1 0.78822619 0.92058744 0.13896720 0.09160213 0.05889406 2 0.76468319 0.91517754 0.26785021 0.07874870 0.12140265 1 0.74586993 0.60930672 0.04228028 0.02362318 0.03836286 1 0.71604824 0.71208315 0.05837113 0.02833700 0.03959565 1 0.69375890 0.67508841 0.03920254 0.02264767 0.03459895 1 0.67624271 0.75730009 0.08229290 0.03413506 0.04378409 2 0.63226640 0.57425466 0.03560761 0.02448359 0.04884361 3 0.42212355 0.33056042 0.66500236 0.38971648 0.66999509 1 0.37744084 0.72199183 0.02163279 0.02281189 0.03701792 1 0.30114022 0.68662205 0.02655987 0.02308064 0.03211082 1 0.18300037 0.65984664 0.01630083 0.01660404 0.02495946 0 0.12632407 0.32895470 0.65564204 0.39711418 0.68871572 1 0.06672910 0.68329396 0.01784030 0.02166214 0.03012848
64,MVI_20063_img00736_jpg.rf.8c8abd93ea7079a119563ca8aa45047e,2 0.85960585 0.86206903 0.21708422 0.06622086 0.10090904 1 0.82451755 0.73654194 0.10299391 0.03413506 0.04840145 1 0.80176109 0.57207060 0.09162914 0.02802429 0.04511068 1 0.78463316 0.90199833 0.14682885 0.08415718 0.06083763 3 0.78168786 0.30899463 0.71008858 0.43502703 0.57982263 1 0.76189148 0.61294556 0.06256627 0.02369442 0.04087330 1 0.71242368 0.70853863 0.06017043 0.02647190 0.03773565 1 0.64823371 0.74695129 0.07914869 0.03043842 0.04033155 1 0.63621867 0.67636194 0.04389490 0.02307434 0.03357297 2 0.58367133 0.57574258 0.05495068 0.02595072 0.05204309 1 0.35377696 0.68433094 0.03202855 0.02423067 0.03549570 1 0.32670271 0.98994479 0.40803920 0.02011022 0.12781522 1 0.17594996 0.65987110 0.01823417 0.01822834 0.02893308 1 0.14864807 0.72835360 0.02670714 0.02189102 0.03234136 1 0.08613236 0.66574225 0.01572200 0.02173204 0.03065754
65,MVI_20063_img00769_jpg.rf.856bab008bcf3e9e38fbc477ebf202f9,1 0.89907354 0.89499931 0.24293799 0.06752586 0.09110894 1 0.86527377 0.57485104 0.10785890 0.03249741 0.05231556 1 0.84814578 0.96765952 0.44330482 0.06468076 0.14196215 1 0.83005613 0.86280136 0.12682810 0.06353416 0.05933418 1 0.81685489 0.71914220 0.07169738 0.02941065 0.04383774 1 0.81030822 0.62390347 0.08227221 0.02971497 0.04759555 1 0.75864959 0.79583502 0.14244238 0.05303249 0.07814054 2 0.68612325 0.58155041 0.06088185 0.03072433 0.06413389 1 0.59725904 0.73538284 0.05367299 0.02743816 0.04116131 1 0.56756914 0.70145226 0.04138418 0.02344036 0.03573076 3 0.45905492 0.28108418 0.86701260 0.45601888 0.26265507 1 0.45289606 0.67789392 0.02951335 0.02154369 0.03358672 1 0.38827297 0.34642825 0.22353866 0.09086614 0.07096672 1 0.13199720 0.69366064 0.01316990 0.01963139 0.02544131 2 0.08846842 0.57090416 0.02002551 0.01839104 0.03319296 1 0.07251368 0.72944384 0.05933481 0.03038845 0.04876340 1 0.05620022 0.69546089 0.02831201 0.02156134 0.04025915
66,MVI_20064_img00187_jpg.rf.c52f4fb8f5669164c4d49350c33e0481,1 0.87813091 0.90195274 0.27865114 0.07401581 0.09808636 1 0.87492639 0.75854974 0.18448589 0.05344486 0.06844125 1 0.87457961 0.60285935 0.30087738 0.05942669 0.09958086 1 0.87002480 0.83148804 0.17656739 0.05209713 0.06737461 1 0.84159613 0.58262033 0.15335119 0.03429890 0.05575242 1 0.79394358 0.78996773 0.13876956 0.03934269 0.05725851 1 0.76317239 0.75717659 0.11140661 0.03355141 0.04932871 1 0.72595227 0.72496672 0.09033099 0.02739935 0.04010394 1 0.71327186 0.56759009 0.07534046 0.02323990 0.03988168 1 0.63573539 0.70378857 0.07370986 0.02441330 0.03452613 1 0.60738075 0.31832914 0.30519493 0.07861605 0.09222398 1 0.52800936 0.73420763 0.06041983 0.02533131 0.03577473 1 0.34415570 0.68148165 0.05190378 0.02347174 0.03255087 1 0.25854978 0.60269108 0.04818653 0.01725826 0.02929667 1 0.17655130 0.70035081 0.06717316 0.02398272 0.03703746 1 0.15968847 0.69313068 0.05686646 0.02009754 0.03459027 1 0.14661027 0.70515475 0.05223256 0.02341223 0.03219517 1 0.08365008 0.72053943 0.08275673 0.02929707 0.03714199 1 0.07552554 0.72719669 0.06128798 0.02422943 0.03557441
67,MVI_20064_img00242_jpg.rf.7287e27558d6ed581f5613b90dd234df,1 0.88685405 0.63392191 0.60970297 0.11428947 0.21095982 1 0.88177049 0.80646305 0.16400706 0.05033245 0.06650929 1 0.87263346 0.59656978 0.24369872 0.04841146 0.08338461 1 0.86258847 0.58238621 0.11268111 0.03006372 0.04960585 1 0.83879036 0.78536501 0.11440617 0.03768368 0.05166335 1 0.82991928 0.71742449 0.11018462 0.03516264 0.05133714 1 0.76336682 0.74187713 0.08211483 0.02851620 0.04539475 1 0.76171261 0.97959103 0.38007910 0.04081774 0.12835565 1 0.75636196 0.61392107 0.05621328 0.02174606 0.03565638 1 0.69682616 0.78182430 0.08814553 0.03003216 0.03948796 1 0.69337136 0.71156716 0.06247475 0.02546902 0.03872844 1 0.55404198 0.23488497 0.40524182 0.07811528 0.12339544 1 0.55213392 0.56424026 0.05013242 0.01986504 0.03203450 1 0.35709217 0.72568359 0.04161214 0.02319174 0.03361225 1 0.34089285 0.68774977 0.04266477 0.02189083 0.03118393 1 0.18389435 0.71041207 0.03534982 0.02075682 0.03008282 1 0.17291321 0.57750945 0.03492590 0.01893635 0.03103386 1 0.09361734 0.78437128 0.09817405 0.03161201 0.04742023 1 0.08368232 0.71193714 0.02802640 0.02080202 0.03128182 1 0.06426429 0.69012818 0.01172065 0.01822758 0.02251564 1 0.05550579 0.65940685 0.01927316 0.01442642 0.02588223
68,MVI_20064_img00442_jpg.rf.e66acecd5afbd5963be5a2174c1c68b0,1 0.89656824 0.71607370 0.29228299 0.06714802 0.10299306 1 0.89062744 0.91806583 0.37534871 0.10045204 0.13923883 1 0.88567120 0.58827858 0.34280365 0.06712303 0.11680360 1 0.88057339 0.82257605 0.20533254 0.06127148 0.08877611 1 0.85093117 0.56681690 0.13298376 0.03385162 0.05496397 1 0.84812802 0.80404158 0.11304813 0.04147854 0.06392307 1 0.82401896 0.97020797 0.29892826 0.05958386 0.10875788 1 0.81392217 0.83112411 0.16248672 0.04933052 0.05558228 1 0.79126650 0.76190948 0.09464120 0.03234062 0.05016465 1 0.78113586 0.56846733 0.09830500 0.02796164 0.04212048 1 0.75375330 0.71397009 0.06340023 0.02609081 0.03797023 1 0.67386734 0.74162283 0.07364417 0.02930908 0.04013056 1 0.63057673 0.78433342 0.07594148 0.02820244 0.04151756 1 0.62889677 0.56684780 0.04762345 0.01964855 0.03182522 1 0.56782079 0.60873151 0.04306639 0.02039108 0.03304902 1 0.51858097 0.69668350 0.05118455 0.02426033 0.03514169 1 0.38802633 0.74253731 0.05092679 0.02517738 0.03830700 1 0.29627731 0.73178730 0.04055396 0.02267265 0.03156695 1 0.26118755 0.70929465 0.03190049 0.02148266 0.03031435 1 0.25400445 0.73735046 0.04390459 0.02392807 0.03113685 1 0.24076694 0.68166113 0.03650186 0.01977348 0.03153109 1 0.20177844 0.71607833 0.03633766 0.02075768 0.03495587 1 0.17526372 0.70469151 0.05806002 0.02660999 0.03905579 1 0.13028644 0.98107199 0.19052691 0.03785582 0.06618452 1 0.12724341 0.58726220 0.02445667 0.01742039 0.02900606 1 0.06734096 0.77511549 0.08080052 0.02904968 0.04282119 1 0.06067294 0.73310571 0.02845232 0.02107382 0.03113929
69,MVI_20064_img00573_jpg.rf.68e479a75fbb81b9ec94ee1b9b4e3faa,1 0.87283975 0.65884757 0.19176326 0.04580994 0.07243814 1 0.86045617 0.82324924 0.16334529 0.04702454 0.06288476 1 0.85971594 0.63146191 0.12104264 0.03544178 0.05348260 1 0.85842621 0.44544487 0.22871246 0.08474579 0.07962790 1 0.85530299 0.55454845 0.12891455 0.03107166 0.05364461 1 0.85384387 0.60142307 0.24327838 0.04731274 0.08630509 1 0.85356802 0.96486902 0.33585212 0.07026176 0.13150926 1 0.82483482 0.73988752 0.12575887 0.03569889 0.05776338 2 0.80887818 0.76979251 0.17964485 0.05432272 0.09177079 1 0.77618152 0.62215815 0.06881767 0.02488842 0.03865965 1 0.72656828 0.79952192 0.12885063 0.03644505 0.04932413 1 0.67077428 0.76326160 0.09984684 0.03449345 0.05385888 1 0.63605005 0.71223536 0.06556339 0.02463856 0.03604584 1 0.50129056 0.74227934 0.07481657 0.02555523 0.03867415 3 0.49912474 0.54965863 0.03691081 0.03505058 0.07072788 1 0.43568811 0.69794130 0.05730659 0.01987019 0.03240370 1 0.43358818 0.74650536 0.08119259 0.02620106 0.03712442 1 0.31873432 0.77414083 0.07018618 0.03188000 0.04425327 1 0.13744618 0.77240882 0.11033214 0.03059597 0.05501854 1 0.09974730 0.70533357 0.04367203 0.02174501 0.03125837 1 0.08808680 0.73841276 0.04822066 0.02196741 0.03010120 1 0.08648567 0.67423258 0.03224268 0.01858711 0.02745044 1 0.08392800 0.75583067 0.08872255 0.03444138 0.03872960 1 0.07518873 0.71556263 0.05240453 0.02046642 0.03295795 2 0.05578209 0.77445025 0.07485420 0.03208075 0.04964541
70,MVI_20064_img00591_jpg.rf.25b2385dfedf32013057398eb881c8bb,1 0.89150488 0.91909170 0.27459416 0.08285770 0.11271553 1 0.88013297 0.67928066 0.24343968 0.05495377 0.08785533 1 0.87827748 0.64206357 0.15079960 0.04094276 0.06228867 1 0.87021285 0.60140629 0.29128861 0.05733690 0.09959373 1 0.86526746 0.54887886 0.14838085 0.03346939 0.05735459 1 0.84007961 0.80871639 0.15557176 0.04435444 0.05982893 1 0.83104271 0.73619108 0.12131628 0.03604736 0.05522056 1 0.82898480 0.62404871 0.08614095 0.02627182 0.04217756 2 0.82017791 0.75233603 0.16087823 0.04606056 0.08056526 1 0.80578077 0.41033117 0.24634304 0.08593347 0.08384805 3 0.68102515 0.54772463 0.04670095 0.03174114 0.07415802 1 0.67244959 0.75987830 0.09670620 0.03283939 0.04720399 1 0.66547209 0.79091535 0.12307311 0.03684874 0.04725497 1 0.58452708 0.71075196 0.06645872 0.02599850 0.03935539 1 0.53705186 0.73673639 0.07574647 0.02885952 0.03971454 1 0.38278696 0.69446492 0.05387521 0.02462606 0.03549271 1 0.19841424 0.67140656 0.03377713 0.01868610 0.02778142 1 0.17776054 0.71633301 0.05486966 0.02147455 0.03556397 1 0.16683289 0.74338961 0.08556565 0.03366184 0.04586396 1 0.14348479 0.76924763 0.11869862 0.03433065 0.04846944 1 0.13419424 0.75403419 0.05332425 0.02238064 0.03204184 1 0.12489408 0.70115805 0.05744970 0.02723503 0.04027394 1 0.08774577 0.73503056 0.03866674 0.02229557 0.03271527 1 0.07749539 0.70418415 0.03425550 0.02162371 0.02923242 1 0.06382807 0.57164097 0.02295471 0.01780262 0.03086578 1 0.05381795 0.77258434 0.07382152 0.02644234 0.04445679
71,MVI_20064_img00633_jpg.rf.2f6e2f880110c91a84dcf499a7d2965d,1 0.90671116 0.76868172 0.47406675 0.09756165 0.16262910 1 0.89379734 0.60892639 0.48391180 0.08511887 0.16144123 1 0.88455176 0.67999220 0.24914165 0.05889149 0.09252844 1 0.87703907 0.94976597 0.31295207 0.08466225 0.10509009 1 0.86002499 0.52348323 0.18348663 0.04365788 0.06813192 1 0.85853624 0.85418005 0.18437207 0.05376091 0.08341336 1 0.85249710 0.63545704 0.12952530 0.03489285 0.05566792 1 0.83774436 0.78469915 0.13117995 0.04065304 0.05495386 2 0.79956812 0.72597995 0.12515422 0.04223318 0.07292469 1 0.76804292 0.79090786 0.10236079 0.03329391 0.04411144 3 0.72057873 0.54354963 0.05788807 0.03472862 0.08512506 1 0.64931762 0.75507345 0.08568172 0.03519993 0.04827251 1 0.56432617 0.70503054 0.06059653 0.02565708 0.03799911 1 0.46586064 0.72895494 0.09809451 0.03193550 0.04142029 1 0.27035812 0.73180752 0.05878945 0.02547798 0.03350564 1 0.26255229 0.68370352 0.03840368 0.02010574 0.02984229 1 0.19094101 0.72197328 0.03786546 0.02013636 0.03187986 1 0.19000174 0.57731581 0.03471682 0.01805687 0.02818227 1 0.17894860 0.73383322 0.04937856 0.02258701 0.03424729 1 0.15657356 0.70366731 0.04142203 0.01840010 0.03210128 1 0.14158222 0.76051250 0.06164880 0.02937260 0.04033189 1 0.13483009 0.69170370 0.04110460 0.02289524 0.03205363 1 0.11039864 0.66069613 0.02415372 0.01579742 0.02542815 1 0.10480010 0.69909239 0.05482566 0.02499237 0.04131958 1 0.06219992 0.34812901 0.27535923 0.07096081 0.09081674 1 0.06175285 0.73043485 0.03081120 0.02202816 0.03414022 1 0.06036631 0.74425631 0.06261741 0.02210379 0.04108920 1 0.05305989 0.71286259 0.06209700 0.02647133 0.03602676
72,MVI_20064_img00787_jpg.rf.871e69069e3802a1a6d60cde4c51f515,3 0.91011852 0.52981720 0.16863341 0.07937851 0.19045792 1 0.86301750 0.66832204 0.17174535 0.04681778 0.07514000 1 0.84305960 0.60812030 0.11839231 0.03450642 0.05494022 1 0.84297484 0.88008499 0.11385999 0.06339951 0.06596403 1 0.82866752 0.81979017 0.13649893 0.05326710 0.06655579 1 0.81405610 0.76942730 0.09684318 0.03771572 0.05114192 1 0.78483534 0.16220996 0.48393955 0.11361837 0.15449133 2 0.75773978 0.68014507 0.04002579 0.02434931 0.04509074 1 0.73023856 0.76379128 0.07133148 0.02818775 0.04000859 1 0.70677084 0.79144588 0.05724463 0.03016806 0.04659920 1 0.59995151 0.81612892 0.11271902 0.04968777 0.05353751 1 0.59539449 0.58822775 0.03507173 0.02314577 0.03400979 1 0.54607064 0.72698698 0.06055430 0.02857246 0.04507184 1 0.50032091 0.76557674 0.04139519 0.02226410 0.03384479 1 0.47804981 0.61973119 0.02555844 0.02078943 0.03173155 1 0.47477287 0.69979963 0.02616588 0.01989069 0.03403280 1 0.30729640 0.72831583 0.04164706 0.02569427 0.04262245 1 0.29170564 0.54524202 0.03390005 0.01932640 0.03205041 2 0.24350293 0.72751312 0.05603358 0.02777824 0.05192856 1 0.20861663 0.72251215 0.01269409 0.01768560 0.02489480 1 0.14064170 0.68009272 0.03714655 0.02553291 0.04708959 1 0.11552018 0.61065407 0.01901321 0.01668644 0.02813964 1 0.11297910 0.30950012 0.30161178 0.07539854 0.12241235 3 0.11247494 0.89791594 0.05865185 0.17329845 0.11555039 1 0.10576820 0.60428581 0.01457218 0.01581173 0.02512395 1 0.07748592 0.68444424 0.01194895 0.01867657 0.02196690 1 0.07736340 0.72690096 0.02787903 0.02099800 0.03552046 1 0.07418973 0.76086545 0.01104087 0.02149706 0.02208154 1 0.06291627 0.69592600 0.01722143 0.01967163 0.03135808
73,MVI_20065_img00192_jpg.rf.c635ef81c4ff3d5560c5bf7e2f7599b9,1 0.88268012 0.70437851 0.25241785 0.06632366 0.10275383 1 0.87544942 0.84993496 0.16201940 0.05249691 0.07594032 1 0.87408996 0.58301001 0.24045208 0.05462360 0.09172902 1 0.87255883 0.66584835 0.13691888 0.04307880 0.06755795 1 0.86459219 0.60430384 0.15723791 0.04337215 0.06897283 1 0.86289805 0.96378498 0.28988550 0.07196617 0.11383042 1 0.86112839 0.78728113 0.11644504 0.04354172 0.05964713 1 0.85787594 0.54311543 0.14657112 0.03855228 0.06237676 3 0.84105158 0.45439916 0.58827591 0.21896439 0.65524101 1 0.79261100 0.63562517 0.09567712 0.03606110 0.05926746 2 0.78189552 0.59498835 0.10653813 0.03383751 0.06585721 1 0.77854538 0.53145866 0.10564346 0.03292522 0.05190637 1 0.76735568 0.75760474 0.07772797 0.03505659 0.04603332 1 0.66379982 0.55390043 0.07221450 0.03182220 0.05557599 1 0.61176056 0.72665787 0.03960545 0.02516003 0.03836018 1 0.57783246 0.78034430 0.04475660 0.03161106 0.04709449 2 0.52293003 0.63834772 0.06068634 0.02740688 0.04796330 1 0.44620150 0.59917603 0.04468807 0.02384901 0.04260406 1 0.39441392 0.63784184 0.06144678 0.02853012 0.04931760 1 0.34648255 0.62086296 0.02855696 0.02215118 0.03446063 1 0.29941717 0.70397797 0.02526318 0.02271223 0.03493105 1 0.26995543 0.74499707 0.02671319 0.02008667 0.03345468 1 0.25918823 0.06747701 0.64445038 0.13495382 0.21861095 1 0.15802221 0.74869289 0.03482166 0.01952209 0.03467616 1 0.15201963 0.75231862 0.05028638 0.02288246 0.03739839 2 0.11695978 0.63682308 0.07852668 0.03343983 0.07847078 1 0.09172019 0.72133350 0.01353442 0.02031441 0.02706864 1 0.08228537 0.58074918 0.01474854 0.01982918 0.02744685 1 0.05146667 0.73092308 0.03257750 0.02098026 0.03952672
74,MVI_20065_img00596_jpg.rf.e3a42ec7b35e7a7335be35adf72a78db,2 0.92859113 0.60602884 0.42721900 0.07813835 0.20966952 1 0.91176945 0.69595456 0.81624546 0.17138519 0.34892845 3 0.90363353 0.53919525 0.10932729 0.06190872 0.14739017 1 0.89047134 0.78733644 0.46370544 0.11873226 0.18000965 1 0.88156784 0.87221642 0.14529891 0.05581779 0.07189374 1 0.87853479 0.62417660 0.21528389 0.05153637 0.09064932 1 0.87487048 0.94330168 0.30058393 0.08459759 0.11254263 1 0.87390918 0.56309438 0.32618113 0.07477350 0.12057180 1 0.86711103 0.67509346 0.14822247 0.04552402 0.07202396 1 0.85402262 0.77932258 0.14241724 0.04991465 0.06941862 1 0.85261416 0.60349250 0.09697108 0.03560123 0.05558391 1 0.84567654 0.87173939 0.09339849 0.04576874 0.05520561 1 0.83976096 0.81597707 0.10970562 0.04589086 0.06095924 1 0.82007116 0.97680998 0.20965909 0.04637985 0.08402950 1 0.81618357 0.75837250 0.07704881 0.03455849 0.05082051 1 0.79347861 0.64611139 0.05477034 0.02902222 0.04685953 1 0.72516537 0.59832287 0.05886309 0.02829437 0.04561973 1 0.69373626 0.74475460 0.04925118 0.03125639 0.04099007 1 0.67699206 0.79032655 0.03237023 0.03232870 0.04435037 1 0.58864230 0.73246870 0.02904655 0.02711535 0.03735175 1 0.38684496 0.75715661 0.01593224 0.02684250 0.03173338 1 0.36052984 0.01465274 0.71651506 0.02930528 0.17769413 1 0.27450082 0.98754406 0.14560010 0.02454643 0.06766706 1 0.26429790 0.70048790 0.00958930 0.01970177 0.01917840 2 0.19383940 0.59179220 0.02636262 0.02273588 0.04712122 1 0.18740752 0.59238849 0.02618648 0.02454004 0.04723105 1 0.18512639 0.59121690 0.01356882 0.02170782 0.02713744 1 0.09850123 0.73317399 0.01528158 0.02350712 0.02510289 1 0.09720867 0.74638729 0.01545705 0.02821054 0.02906049
75,MVI_20065_img01011_jpg.rf.6db852bfdd5372e421adc5a5e27334ca,3 0.92802322 0.45677985 0.47699447 0.17920287 0.47787828 1 0.90621680 0.75963039 0.37580106 0.10559750 0.16431289 2 0.89441687 0.69622941 0.79770646 0.18146772 0.40458688 1 0.89300454 0.65634375 0.49443178 0.09641972 0.17330341 1 0.88514006 0.68713551 0.22409005 0.05714417 0.09296848 1 0.87358099 0.54315648 0.19263811 0.04802198 0.07910771 1 0.86220223 0.65034208 0.15336925 0.04450264 0.07048080 1 0.85966855 0.79211416 0.11244889 0.04323845 0.06161704 1 0.85798484 0.46478534 0.19226835 0.05547523 0.07991080 1 0.84286517 0.56308999 0.14514616 0.03857222 0.06464114 1 0.79113561 0.76698895 0.04709284 0.02932777 0.04523728 1 0.77620620 0.55363321 0.07532245 0.03072071 0.05196607 1 0.53275192 0.69644971 0.79997720 0.18105030 0.40004540 1 0.42698273 0.71259270 0.01824143 0.02294731 0.03319114 1 0.41689783 0.75323153 0.01845803 0.02444019 0.03608493 1 0.17361332 0.01403497 0.74623904 0.02806975 0.19560556 1 0.07533024 0.67950134 0.00572017 0.01768637 0.01144015
76,MVI_20065_img01185_jpg.rf.f647fa742a819ae20c911eff08e3b979,3 0.90029371 0.91709909 0.08704920 0.12230301 0.15807920 3 0.89817542 0.44315214 0.62788916 0.22864914 0.66127625 1 0.87927943 0.50968523 0.21546798 0.05526991 0.08886175 1 0.81019121 0.46915627 0.17520401 0.05390625 0.07900133 1 0.68843138 0.58653774 0.02762613 0.02916374 0.05061115 1 0.60436481 0.38568561 0.21821656 0.09607377 0.08592529 1 0.51341903 0.44107642 0.15525050 0.08298111 0.06661935 1 0.48234177 0.73687091 0.01519806 0.02721968 0.03039591 1 0.37330246 0.01621855 0.73469138 0.03243690 0.21854067 1 0.11192080 0.44783087 0.06518900 0.02774143 0.04463085 2 0.08010028 0.01666301 0.73629003 0.03268047 0.25109682
77,MVI_20065_img01198_jpg.rf.149f8b7eeca630f573e76fef28787fd8,3 0.89494896 0.89661694 0.08257912 0.11153469 0.14756224 1 0.86862373 0.50951915 0.22298591 0.05640936 0.08893843 1 0.83803076 0.46859908 0.18117517 0.05214901 0.07892029 3 0.80233043 0.43369263 0.65170578 0.25002139 0.69658825 1 0.76517856 0.58708029 0.04338593 0.02922325 0.05049665 1 0.36519983 0.73281636 0.01540395 0.02562571 0.03080769 1 0.35976589 0.41556605 0.16459379 0.07971556 0.06823556 1 0.28938404 0.01644714 0.74319181 0.03289407 0.21726246 1 0.11616565 0.69665723 0.00604118 0.01740665 0.01208216 2 0.10287335 0.01667551 0.75458636 0.03272166 0.25634413 1 0.06985210 0.97301750 0.05027048 0.05210571 0.05657865
78,MVI_39031_img00106_jpg.rf.4dc587d5bd7dc048a5e733efe67cf994,1 0.87852353 0.64012671 0.33037190 0.04983397 0.06906109 1 0.86574024 0.56336393 0.27673030 0.03780098 0.05483170 1 0.86017048 0.87494812 0.60306702 0.12183571 0.14587488 1 0.49011120 0.44685621 0.16953979 0.01837025 0.03009920 1 0.16252095 0.41771660 0.15430841 0.01637859 0.02537527 1 0.09338482 0.48633413 0.15945213 0.01418581 0.02594600 2 0.05750736 0.49951892 0.14253056 0.02244062 0.04145017
79,MVI_39031_img00299_jpg.rf.d0ade84c1586b88c4f2b10ec99f3219e,1 0.87915266 0.67185030 0.51667490 0.07654438 0.10512676 1 0.87452590 0.48205171 0.40311852 0.05126114 0.08640709 1 0.85369205 0.47234669 0.30894482 0.03234091 0.05091519 2 0.81306833 0.56162882 0.32840736 0.03745499 0.07096972 1 0.77709627 0.54517570 0.24499471 0.02222385 0.03258357 1 0.76818579 0.42493963 0.25554876 0.02371311 0.03691940 1 0.61581534 0.45924597 0.22486777 0.01858559 0.03296127 1 0.61063462 0.50360017 0.21213093 0.01576509 0.02662539 1 0.56905609 0.52980270 0.22212451 0.01753731 0.02532825 1 0.49513239 0.43137512 0.22313824 0.01567516 0.02504654 1 0.24229456 0.53215280 0.22671657 0.01779947 0.02373810 1 0.09618455 0.45733871 0.20126958 0.01364326 0.02118926 1 0.05291074 0.53200626 0.21690660 0.01493912 0.02535701
80,MVI_39031_img00332_jpg.rf.b677accc7389201f755e1873e3ed9ac6,1 0.88407022 0.50116625 0.52186852 0.07080984 0.13005199 1 0.88176984 0.60409460 0.40023364 0.05366278 0.07656806 1 0.87844080 0.88165779 0.65487270 0.11956253 0.14036522 2 0.87055492 0.54192948 0.29393528 0.02975130 0.06089969 1 0.85816157 0.47618823 0.35551786 0.04041510 0.06565332 1 0.77247888 0.46027107 0.23602085 0.02111607 0.03567295 1 0.75475138 0.42174249 0.26973977 0.02598000 0.04214602 1 0.61358500 0.43012195 0.22961917 0.01752281 0.02840867 1 0.49000040 0.53169761 0.22927985 0.01591740 0.02587137 1 0.29475927 0.50611448 0.21004215 0.01663904 0.02523459 1 0.28771779 0.51996174 0.21803975 0.01545086 0.02533646 1 0.21712013 0.45963650 0.20792587 0.01660900 0.02332730 0 0.05692521 0.86471748 0.37014244 0.04909821 0.07894797
81,MVI_39031_img00451_jpg.rf.d176ade13bb998134cc4bfaa78d7e8c4,1 0.88141656 0.63686028 0.43570251 0.06015377 0.08467255 1 0.85059154 0.40637617 0.38395505 0.04626751 0.07485905 1 0.84711885 0.47253575 0.33039649 0.03617439 0.06050797 1 0.84270406 0.57964315 0.28033605 0.02857857 0.03957024 1 0.80663413 0.42667665 0.29705877 0.03046417 0.05207291 1 0.79902256 0.52876978 0.25835905 0.02329712 0.03699093 1 0.66239989 0.46422758 0.23859272 0.02182674 0.03215981 2 0.37800178 0.50976148 0.23104696 0.01767397 0.03442507 1 0.18210407 0.50896363 0.23365498 0.01865530 0.03319645 1 0.11422931 0.50635653 0.20277774 0.01373024 0.02399759 1 0.07816020 0.50853910 0.20988922 0.01559906 0.02772870
82,MVI_39031_img00470_jpg.rf.807d3791c939d0991e7568f281d2ac27,1 0.87960148 0.48022704 0.36312189 0.04109793 0.06799793 1 0.87388361 0.60479064 0.38347712 0.04920483 0.06983910 1 0.85948062 0.40265006 0.42053547 0.05179579 0.08391676 1 0.85194188 0.57025986 0.26866517 0.02535896 0.03759346 1 0.84976840 0.42576046 0.32069154 0.03513508 0.05922184 1 0.81659585 0.52269411 0.25052519 0.02227859 0.03325596 1 0.76138657 0.46557050 0.25018659 0.02254953 0.03351297 1 0.66314965 0.28885384 0.67988515 0.15567179 0.20971050 1 0.33904254 0.50615702 0.23049116 0.01689129 0.02746925 1 0.08591460 0.51520500 0.24148431 0.02277489 0.03130703 1 0.07553966 0.50479631 0.20100817 0.01489820 0.02218791
83,MVI_39031_img00575_jpg.rf.ae14d821b266ebe3e5d2af85815e2077,1 0.91317874 0.34021790 0.89860487 0.13771691 0.20199375 1 0.89244622 0.40015230 0.59064274 0.07516184 0.14692001 1 0.86356807 0.47579379 0.35446219 0.03944721 0.05955815 1 0.85520673 0.58114719 0.37099836 0.04389095 0.06351256 1 0.83101290 0.53060145 0.26170030 0.02260866 0.03623796 1 0.44981274 0.50174470 0.22852204 0.01627426 0.02663751 1 0.31138638 0.43970308 0.22125068 0.01581745 0.02521844 1 0.16416331 0.52860603 0.23289235 0.01801987 0.02333198 1 0.08852105 0.45456610 0.21116505 0.01104355 0.02180185
84,MVI_39031_img00612_jpg.rf.6ef22bd37257ae82534d0b02b7252c53,1 0.88705373 0.36093738 0.87023840 0.13033700 0.25345497 1 0.86539441 0.48571939 0.41983738 0.05042191 0.07680283 1 0.84778845 0.55092387 0.31093225 0.03168583 0.04706945 1 0.75281632 0.52710018 0.24543509 0.01962967 0.02980881 1 0.47208804 0.44342036 0.23047383 0.01583471 0.02499523 1 0.19538839 0.51907535 0.22608747 0.01471453 0.02334366 1 0.17066722 0.50144868 0.22137818 0.01552954 0.02438011 1 0.07270534 0.45114717 0.22255321 0.01539593 0.02547412
85,MVI_39031_img00652_jpg.rf.e4389f0e900d578e9363b9f5aeabb156,1 0.87774873 0.50120597 0.56513896 0.07360983 0.12194519 1 0.81520188 0.52915821 0.28093631 0.02401867 0.03718214 1 0.78955883 0.44138985 0.25207641 0.01871185 0.02882891 1 0.55080014 0.52634411 0.24175057 0.01876345 0.02539911 1 0.47804764 0.45761099 0.23802142 0.01539106 0.02562847 1 0.39553532 0.52253885 0.23630517 0.01692123 0.02449946 1 0.10152888 0.44060025 0.22016671 0.01311979 0.01797132 1 0.08476917 0.49385138 0.22169964 0.01304264 0.02220263 1 0.08215106 0.43586960 0.21890180 0.01363716 0.01690989 1 0.07628747 0.51863241 0.22983375 0.01669960 0.02678881 1 0.06430450 0.45528903 0.22542443 0.01255226 0.02189932 1 0.05247006 0.45485916 0.21436472 0.01096573 0.02059994
86,MVI_39031_img00695_jpg.rf.c1b409bc8472ee7aed2fa1c15a11b54f,1 0.89068544 0.56287413 0.92313599 0.15855217 0.15372781 1 0.74941295 0.51477523 0.24839272 0.01810236 0.02935801 1 0.73536730 0.43816996 0.26703970 0.02220135 0.03463936 1 0.69850683 0.45996752 0.24865694 0.01930876 0.03121347 1 0.34558338 0.51853170 0.22547114 0.01673088 0.02146392 1 0.21380225 0.45525799 0.21843190 0.01195278 0.02060499 1 0.08710005 0.51566348 0.23607295 0.01627693 0.02552094 1 0.07721642 0.51035419 0.21882875 0.01340256 0.01949449 1 0.05691338 0.52479844 0.22458506 0.01651373 0.02085972 1 0.05110953 0.44207382 0.21586719 0.01256742 0.01862164
87,MVI_39031_img00836_jpg.rf.8ed8b892af67c4d5ff98f34c2b650abd,1 0.88344139 0.68440580 0.46164713 0.06455746 0.09791698 1 0.86917198 0.42727137 0.53557110 0.06250401 0.11100359 1 0.86578268 0.48594189 0.43910289 0.04976377 0.08344374 1 0.80574495 0.43400388 0.29707060 0.02457533 0.04022846 1 0.58094400 0.45192814 0.26094747 0.01858463 0.03061056 1 0.30366144 0.43257084 0.24848940 0.01778793 0.02735181
88,MVI_39031_img00904_jpg.rf.89392082e387184c924a59fc18273067,1 0.86959785 0.58440819 0.33503211 0.03475199 0.05662436 1 0.85346580 0.42795534 0.41247635 0.04214878 0.07356901 1 0.84924453 0.45748429 0.31946251 0.02758904 0.04745641 1 0.52841383 0.43006892 0.27024236 0.01923218 0.03370419 1 0.38340119 0.59272552 0.98274078 0.15271540 0.03451824 1 0.15542111 0.45412350 0.24451971 0.01688957 0.02471752 1 0.05920728 0.36932366 0.66384125 0.04490976 0.04261417 1 0.05730446 0.43211823 0.25010390 0.01438065 0.02408733
89,MVI_39031_img00983_jpg.rf.e22ea6f4f1d498c35cd5d111bbf9e148,1 0.89633685 0.48613849 0.52724724 0.06158543 0.10678711 1 0.83036846 0.53575659 0.27545819 0.02409725 0.03835573 1 0.78208804 0.42092619 0.30174572 0.02588348 0.04168553 1 0.75303680 0.45704670 0.26239305 0.01872816 0.03330607 1 0.41429508 0.41719074 0.27448812 0.01992893 0.03649559 1 0.27387214 0.42520523 0.26031594 0.01719723 0.02795734 2 0.08935010 0.42990789 0.23546634 0.01444550 0.02804375
90,MVI_39031_img01108_jpg.rf.cf3b1a761c81ff12bc2c3af87b0c0dcb,1 0.83494955 0.40374341 0.41224548 0.04322138 0.07148015 1 0.82039046 0.46357145 0.33161702 0.03018694 0.04869328 1 0.80232936 0.41096154 0.34863820 0.03234041 0.05262699 1 0.73999292 0.46537609 0.29808078 0.02389870 0.03643589 2 0.72530061 0.42305198 0.26258755 0.02101507 0.04242644 1 0.63550347 0.41813192 0.29984818 0.02606983 0.03792067 1 0.56092477 0.45913944 0.27123876 0.02090034 0.03310785 1 0.48728028 0.50385809 0.24123538 0.01406879 0.02394819 1 0.39224374 0.41336422 0.30734167 0.02739191 0.04571810 1 0.16048126 0.46496406 0.30929322 0.02714157 0.04656487 1 0.14332330 0.41045456 0.32180138 0.02913475 0.04927721
91,MVI_39031_img01189_jpg.rf.39ba6d57bf7d276b2c82d3910fa21820,1 0.89122784 0.74692545 0.57015343 0.08711014 0.10327320 1 0.88769382 0.37076833 0.61532574 0.07461696 0.13363609 1 0.87056041 0.38902955 0.47374454 0.05124779 0.08421230 1 0.87043697 0.58690987 0.41900548 0.04803791 0.07075274 1 0.86727667 0.48431273 0.48253131 0.05485220 0.08346796 1 0.83223522 0.47112718 0.39395175 0.03725538 0.05824127 1 0.83095330 0.39669590 0.39424469 0.03691511 0.05871530 1 0.78329527 0.41005830 0.36290708 0.03211119 0.05109243 1 0.75845963 0.46249504 0.33220687 0.02838917 0.04458795 2 0.73760009 0.41605043 0.31466293 0.02983398 0.05897913 1 0.35852969 0.45423126 0.28811316 0.02014847 0.03283949 1 0.20975992 0.45699339 0.29474490 0.02149343 0.03272042 2 0.20569339 0.81813507 0.45444651 0.05415382 0.08550835 1 0.20106128 0.46190062 0.30739594 0.02409906 0.04159842 1 0.06688686 0.41809635 0.28485270 0.01803083 0.03910809
92,MVI_39031_img01289_jpg.rf.6e53a3bc6734da241492b78933c9c130,1 0.89649802 0.31278985 0.90233431 0.12606645 0.19114075 1 0.89391172 0.32138216 0.57778234 0.08937016 0.11098661 1 0.89113790 0.55176134 0.85140200 0.12037163 0.21375103 1 0.87360311 0.39406989 0.50058031 0.05377917 0.08944340 1 0.86663902 0.47738676 0.39936991 0.04011335 0.05984201 1 0.86573505 0.48841705 0.49365158 0.05190182 0.08697128 1 0.84670424 0.58605180 0.36894963 0.03463888 0.04918137 1 0.82865220 0.46429543 0.34737453 0.02807159 0.04418221 1 0.71390963 0.50971794 0.29357572 0.02229538 0.03471351 2 0.65627545 0.40221667 0.40578008 0.04769268 0.09281321 1 0.63896573 0.41374426 0.33666048 0.02487316 0.04202003 1 0.61720175 0.41821547 0.31034923 0.02077961 0.03601456 1 0.60286170 0.74334126 0.39503856 0.04437399 0.06946793 2 0.54288906 0.74138451 0.39533122 0.03978519 0.06855092 1 0.54081637 0.45706272 0.30882893 0.02134914 0.03550940 1 0.33639193 0.42948179 0.28459187 0.01725845 0.02610016 1 0.16886330 0.41098003 0.35001888 0.02964859 0.04984961 1 0.10698795 0.40872707 0.36392245 0.03222589 0.05102224 1 0.10492936 0.45130248 0.26141026 0.01401968 0.02407928 1 0.10467933 0.41688766 0.32360456 0.02166595 0.04801164 1 0.08311249 0.43122940 0.26263828 0.01364346 0.02340508
93,MVI_39031_img01339_jpg.rf.d82096e0ce3d2c4878b1ab16baf85ad2,1 0.89968699 0.52609901 0.76121745 0.09892292 0.17569532 1 0.89189571 0.36715510 0.65297365 0.07971244 0.13324175 2 0.88032192 0.39247961 0.48627491 0.06195679 0.14735985 1 0.87419224 0.49748363 0.50685749 0.05801678 0.08844566 1 0.86634588 0.62681937 0.55274043 0.06914940 0.09698582 1 0.85712487 0.47487640 0.40686244 0.03859730 0.06214964 1 0.82135415 0.46576657 0.34840646 0.02855902 0.04548483 1 0.81860226 0.55676918 0.32788925 0.02784204 0.04026499 1 0.76801044 0.40695229 0.38249080 0.03204346 0.05100036 1 0.74478799 0.41709719 0.33971767 0.02707272 0.04076958 1 0.70196235 0.39862027 0.42629234 0.04557104 0.06488149 1 0.66044635 0.45875936 0.32875323 0.02435732 0.03695011 1 0.59648478 0.42669530 0.30248835 0.02029724 0.03263397 2 0.56778353 0.73659720 0.38083267 0.03398581 0.06316957 1 0.47372380 0.45302701 0.28174496 0.01542521 0.02419319 2 0.37484813 0.49411716 0.27594099 0.01904240 0.03095217 1 0.22671030 0.90909862 0.98654766 0.18180256 0.02684746 1 0.17769532 0.43059835 0.27352588 0.01436691 0.02017465
94,MVI_39051_img00212_jpg.rf.c6130317e53a86f045136b2caadc2c0d,2 0.92078072 0.69846621 0.82675915 0.17345057 0.23369465 1 0.85723948 0.96947231 0.62654219 0.05933113 0.07816887 1 0.85433757 0.83325841 0.65645289 0.07966466 0.08901262 1 0.34860682 0.98310032 0.54647946 0.03296070 0.05023136
95,MVI_39051_img00278_jpg.rf.26c24db27ba5feb15596e8883a472d36,1 0.90305114 0.73484755 0.76884618 0.13331184 0.13701239 1 0.85735101 0.80051346 0.66788740 0.08196964 0.09541016 1 0.84257394 0.58568535 0.91654944 0.21164188 0.16690092
96,MVI_39051_img00456_jpg.rf.3220fcf6316d99a7393d6b6673eebb4f,1 0.86278450 0.88309860 0.65011406 0.08334236 0.09352551 1 0.65840548 0.96063404 0.58109951 0.05619698 0.06783562 1 0.10409751 0.03140960 0.79800000 0.06264929 0.09528589
97,MVI_39051_img00686_jpg.rf.5e26287dac0dcf46ec92a60ff7e1e436,3 0.90677106 0.77410841 0.64092207 0.23579445 0.24326134 1 0.89172435 0.81598186 0.76568079 0.11377544 0.13314362 1 0.76193672 0.97955060 0.85756845 0.04089860 0.14969807 1 0.48534480 0.95912571 0.63467851 0.06833153 0.08426781 1 0.35890815 0.22605362 0.97867737 0.21579256 0.04264506
98,MVI_39051_img00813_jpg.rf.80c148ac1afb70fcb37c2a1ccd43d67c,1 0.87229717 0.57521639 0.91481490 0.20106525 0.17037000 1 0.86838895 0.65067997 0.75858965 0.14656439 0.17069912 1 0.77038938 0.92132072 0.95150547 0.15638885 0.09690762 1 0.57961792 0.96244078 0.63056808 0.07445431 0.09855814 1 0.40768698 0.99028134 0.54953070 0.01943712 0.06496487
99,MVI_39051_img00918_jpg.rf.d103ae8eb214b4af70184f7b530ba24c,1 0.87628919 0.92041245 0.59355240 0.05977211 0.07050686 1 0.77024293 0.31241398 0.94480839 0.25227364 0.10976715
100,MVI_39051_img01093_jpg.rf.d3014d719b60486b880dea3aa98b7900,1 0.86375642 0.83729811 0.64568715 0.07647934 0.08564444 1 0.52924603 0.99251938 0.56417713 0.01490078 0.06164093 1 0.33879468 0.80813837 0.98172836 0.15566845 0.03583832
101,MVI_39211_img00039_jpg.rf.c48bc244c18d62aeb7cda9cd563b7ee1,3 0.92123395 0.58029337 0.31882581 0.13022518 0.30157319 1 0.88789415 0.90820322 0.33621955 0.08274727 0.11728220 1 0.87818944 0.73212180 0.35455353 0.06952429 0.12504678 1 0.86322463 0.71261225 0.66502261 0.13046236 0.27790728 1 0.84249371 0.73919473 0.20855536 0.04706554 0.08116627 1 0.52934015 0.73517838 0.14304707 0.03445797 0.05986166 1 0.22821957 0.66881952 0.13607912 0.03456745 0.05580606 1 0.17605063 0.92377663 0.13089732 0.04299660 0.06719909 1 0.06832522 0.29619150 0.98296432 0.12641821 0.03359299
102,MVI_39211_img00327_jpg.rf.10d7a8d9142c73684a1752f09dc11f8b,3 0.91406375 0.57246981 0.33298641 0.14170818 0.31955289 1 0.90601951 0.72058573 0.55763407 0.10655098 0.19692688 1 0.53282917 0.92516966 0.12925928 0.04383678 0.06565632 1 0.06718088 0.82342129 0.12837451 0.03755264 0.05489326 1 0.06693000 0.28898616 0.97983532 0.11029263 0.04019680
103,MVI_39211_img00416_jpg.rf.42f67716f593866355f5e8586a486fe1,3 0.90555245 0.57636137 0.62855706 0.20929489 0.62069941 1 0.40427244 0.92754955 0.14096620 0.04440460 0.06732249
104,MVI_39211_img00755_jpg.rf.b2cbeea5679ad202e41702510608b300,3 0.92413253 0.60465779 0.31675982 0.13193703 0.27851219 2 0.83835101 0.74023533 0.15116715 0.04501591 0.10555087 2 0.49886882 0.94050140 0.17302403 0.06252708 0.12248468
105,MVI_39211_img00876_jpg.rf.d6897ad72f478610f18d3da61c2c830b,2 0.96736020 0.72455015 0.63936028 0.14705486 0.45698633 3 0.92515707 0.59243517 0.36224861 0.14847851 0.30505238 1 0.10880838 0.87052059 0.14449368 0.04102249 0.08993330 1 0.08718912 0.93147373 0.14777660 0.03640652 0.05804102 1 0.07983973 0.84558268 0.11847618 0.02774544 0.04599860
106,MVI_39211_img01202_jpg.rf.523dce57f2e7a5ff36f0beb94412f6c8,1 0.89431673 0.75693922 0.70771875 0.12225990 0.23990707 1 0.86828357 0.71795502 0.26326456 0.04818611 0.07558460 3 0.80155277 0.37386312 0.77246547 0.44285660 0.45506886 2 0.19337338 0.71520991 0.14056256 0.02915373 0.05382719 1 0.13559265 0.71639929 0.14620838 0.02909431 0.04587913 1 0.08520253 0.81067152 0.08729175 0.02659492 0.03304439
107,MVI_39211_img01446_jpg.rf.6005b99f589a100a5236a60b0ac65f56,1 0.88813686 0.72262344 0.66554356 0.11503029 0.22199306 2 0.79022914 0.68681116 0.19889367 0.03482075 0.07247920 1 0.38127118 0.70306377 0.15215222 0.02800713 0.04534953 2 0.06654839 0.70292735 0.15287402 0.02594795 0.04143510
108,MVI_39271_img00108_jpg.rf.fd095394ca58e1e16256aa0aedfa6a10,1 0.84822512 0.85060482 0.47769146 0.06931915 0.07983379 3 0.30649522 0.97432899 0.36739488 0.05069752 0.08642588
109,MVI_39271_img00253_jpg.rf.f87f6e041e8e932d38c7d8a3b70d5935,1 0.90656948 0.08065309 0.77550001 0.16032544 0.16718407 1 0.89605904 0.33767009 0.64599104 0.16380720 0.12520485 3 0.89166456 0.77130442 0.43386327 0.13831825 0.14559782 2 0.84144253 0.88229218 0.46131020 0.05937462 0.08112049 1 0.17126013 0.96800251 0.40942906 0.03775024 0.04787848
110,MVI_39271_img00464_jpg.rf.2895886437282cb492605f136d2950f9,1 0.89013141 0.72745686 0.52705221 0.08607349 0.08221130 3 0.88888985 0.76897998 0.43423367 0.13981333 0.13866053 1 0.88706958 0.51128602 0.67407560 0.14029951 0.13262596 1 0.87569606 0.88218851 0.51230407 0.06805363 0.07589636 1 0.81785268 0.89772243 0.44671106 0.05085964 0.06074533 1 0.81559736 0.96180897 0.45789986 0.04920731 0.05964203 1 0.34077123 0.97866030 0.39761930 0.03557224 0.04471426 1 0.05919613 0.76192446 0.01867841 0.04284973 0.03735662
111,MVI_39271_img00494_jpg.rf.1184116be16d110fb1662a7bc46d1262,3 0.90283120 0.76837640 0.43596315 0.13943911 0.14522429 1 0.88961911 0.59861698 0.57031307 0.10616913 0.09269943 1 0.87960100 0.70786862 0.59211750 0.10342655 0.10154858 1 0.87502879 0.85243244 0.51404085 0.07076073 0.07393398 1 0.82852191 0.83398352 0.47661638 0.05653114 0.06486168 1 0.80281210 0.98152657 0.45565505 0.03635864 0.05700874 1 0.75932914 0.96100922 0.40865010 0.03867149 0.04575503 1 0.69207442 0.03096351 0.89622421 0.06192682 0.18304558 1 0.05497409 0.76385336 0.01780876 0.04190388 0.03561732
112,MVI_39271_img00683_jpg.rf.b881ecf04fce80a9b553b8ceace7e32f,1 0.89616537 0.53848095 0.64036551 0.13693027 0.12009830 1 0.89065903 0.74069614 0.52532167 0.08954649 0.09263897 3 0.87637711 0.77651625 0.42844787 0.14024315 0.14032059 1 0.87427944 0.89609747 0.48068047 0.07376156 0.07076931 1 0.79168141 0.98040395 0.44128447 0.03919191 0.05821095 3 0.77705991 0.95274563 0.37044873 0.09068680 0.09360485
113,MVI_39271_img00898_jpg.rf.031b2f5417427da9e885a8e69f62a94e,1 0.89897519 0.52421169 0.61711521 0.12319851 0.10668221 1 0.89383942 0.14799758 0.82545633 0.22835028 0.19157066 1 0.88647968 0.74441719 0.57068892 0.09521198 0.09385128 3 0.86682224 0.77214518 0.44259633 0.13765736 0.14206908 1 0.85207433 0.67695374 0.53713579 0.09422560 0.09438152 3 0.85025358 0.88005381 0.40302705 0.09398193 0.10896819 1 0.84424317 0.87638245 0.48798866 0.06440926 0.06619005 1 0.80612200 0.97417469 0.47240210 0.05082397 0.06331577 1 0.76834798 0.89513063 0.45371847 0.04967804 0.05634785 1 0.73798627 0.97331772 0.44226437 0.04750099 0.05376396
114,MVI_39271_img00926_jpg.rf.26df08c33231160b8e15cbcd6f1811ab,1 0.90505975 0.28740487 0.70695963 0.16814098 0.13621969 1 0.90160221 0.54137616 0.66307445 0.13912058 0.12771997 1 0.89084142 0.76520634 0.53650284 0.08414192 0.07953396 3 0.88760674 0.76098661 0.44899039 0.14526024 0.14593229 1 0.86212218 0.88915300 0.51775846 0.07012863 0.07622786 1 0.85370189 0.92423496 0.48017097 0.05329018 0.06704731 1 0.84781098 0.84038315 0.48639307 0.06200676 0.06762743 1 0.83542913 0.51359386 0.58942008 0.11724005 0.11147699 3 0.82042253 0.88063641 0.40783067 0.09939117 0.11474895 1 0.71165222 0.99060659 0.46352367 0.01789703 0.06098557 1 0.15956043 0.99144535 0.40496092 0.01693916 0.04517851
115,MVI_39271_img00929_jpg.rf.fcbf7edba0eb138694d9bb7f1057839e,1 0.91300333 0.25665985 0.71746483 0.17143821 0.14258823 1 0.89911807 0.51018982 0.67733355 0.14489899 0.13285999 3 0.89478517 0.75937500 0.44978018 0.14659958 0.14482126 1 0.88914222 0.74976234 0.54264464 0.08662987 0.08135614 3 0.85843319 0.87988634 0.40781507 0.10068493 0.11431112 1 0.85489905 0.87651997 0.52440376 0.07206249 0.07849503 1 0.84736866 0.83156700 0.49159780 0.06260719 0.07130413 1 0.83910960 0.91632442 0.48472281 0.05511971 0.06708202 1 0.80934113 0.49331918 0.59821663 0.12330523 0.11315613 1 0.78921372 0.98748317 0.46669087 0.02503347 0.06240091 1 0.24328718 0.99002394 0.40587945 0.01995192 0.04771547
116,MVI_39271_img01100_jpg.rf.a36f8ef838f7b7759d2b224b0bf766d5,1 0.91157424 0.40112057 0.66655536 0.16600971 0.15017166 1 0.89306903 0.81940346 0.50641184 0.06990013 0.07449951 3 0.89285344 0.46912332 0.52727332 0.27302408 0.20214319 1 0.89116210 0.60527525 0.61245213 0.09668713 0.10383949 3 0.87285471 0.88188229 0.40588846 0.10370636 0.11381559 1 0.86519635 0.66849484 0.55906134 0.08808870 0.08896599 1 0.81614232 0.90321102 0.50447555 0.07108803 0.08914289 1 0.79140955 0.91983433 0.46464176 0.05658112 0.05633717 1 0.63444072 0.90949421 0.45016069 0.05181580 0.05483379 1 0.14926142 0.93822088 0.86654367 0.12355804 0.18115826 1 0.11291973 0.60164609 0.44620872 0.05938005 0.05891066
117,MVI_39271_img01230_jpg.rf.7b8e61b22f6f60dca124ba4d932ded73,1 0.91475737 0.25910003 0.75848446 0.19352975 0.15294838 1 0.87517416 0.85366364 0.53433428 0.07925453 0.08222160 3 0.84635508 0.84169493 0.41578559 0.10718307 0.12450221 1 0.83407444 0.33074861 0.66261749 0.15475569 0.11615915 2 0.82762307 0.90241852 0.45284166 0.05153866 0.07500916 1 0.81618154 0.84327164 0.49467392 0.07394199 0.07066650 3 0.73633707 0.03899950 0.68003979 0.07691199 0.28356457 1 0.05657493 0.99002356 0.36413250 0.01995267 0.04642477
118,MVI_39271_img01325_jpg.rf.08a5e544e60a73a68771fa7b9638d2d4,1 0.91770685 0.41745152 0.68322563 0.15595255 0.13526897 3 0.90881795 0.73481083 0.45689135 0.14489746 0.15728006 2 0.89145422 0.65212488 0.55657463 0.09170494 0.11937370 1 0.80421084 0.93846436 0.41416186 0.04409103 0.05001910 1 0.52039015 0.64367056 0.43330736 0.06079350 0.05848694 1 0.21316324 0.01692460 0.62536993 0.03348647 0.11959591 1 0.12707771 0.99373741 0.38217630 0.01164703 0.04303617
119,MVI_39271_img01357_jpg.rf.59de1a3a73704236dbf11e369f74229e,3 0.90591413 0.67074480 0.48719462 0.16168919 0.18236544 2 0.90206903 0.45993195 0.63091197 0.12265081 0.15277567 1 0.88667935 0.09512926 0.83191452 0.19025832 0.19190807 1 0.85666925 0.90359535 0.42982359 0.05067139 0.05480461 1 0.37449557 0.98934064 0.39334226 0.02131852 0.04379683 1 0.20948239 0.01691029 0.90883141 0.03360288 0.14871349
120,MVI_39271_img01436_jpg.rf.89898d551a2b9843c86afba1e2f4af06,3 0.90899974 0.26306629 0.65821362 0.41377964 0.32831497 1 0.88457090 0.76898165 0.48635421 0.07393150 0.07015896 1 0.87301069 0.88341370 0.47697682 0.06106415 0.06700363 1 0.85595673 0.94624634 0.43972321 0.04795609 0.05556488 0 0.25507882 0.05590104 0.53906598 0.11107205 0.20609684
121,MVI_39271_img01516_jpg.rf.736f6bbc43286b46523ef163a4d2c49d,1 0.89828879 0.41949662 0.60809565 0.13510973 0.10884552 1 0.89020044 0.57777548 0.59580102 0.11337833 0.10195284 1 0.87804747 0.77473183 0.52624884 0.07825241 0.08263607 1 0.85737169 0.93606977 0.44599104 0.05652733 0.06344013 1 0.37524378 0.99097900 0.40457368 0.01744118 0.06304626 1 0.20874786 0.87940054 0.98459487 0.17294292 0.03081007 1 0.14114007 0.64561920 0.43149757 0.06203728 0.05300350 1 0.08592382 0.99451556 0.39224191 0.01096868 0.05923023
122,MVI_39311_img00267_jpg.rf.8be6a0104438da31b3cf5a493f4dd352,3 0.89268857 0.33338999 0.82048497 0.33192636 0.35902986 1 0.89136505 0.58221741 0.68819618 0.07281551 0.12336731 3 0.88656855 0.63881369 0.52735634 0.09195995 0.22787819 1 0.86702013 0.51002293 0.59309292 0.05565996 0.09274216 1 0.85375679 0.41917682 0.60158968 0.05830002 0.08659182 1 0.85155344 0.56013784 0.46579332 0.04319038 0.06014423 1 0.84302139 0.41240220 0.48226728 0.05092182 0.06240482 1 0.84280664 0.35637019 0.53702674 0.04763179 0.07424803 1 0.83664376 0.46324086 0.47664676 0.05465231 0.06808004 1 0.80531824 0.36025724 0.65923266 0.07592316 0.10559254 1 0.71792376 0.67976189 0.40976839 0.03275318 0.04444752 3 0.49811101 0.62997332 0.38085318 0.05181084 0.08716173 1 0.26594543 0.72353382 0.40476069 0.03283691 0.04753027 1 0.15204695 0.65079093 0.44190531 0.03887262 0.05772562 1 0.11250499 0.60862498 0.46064653 0.04825935 0.06945076 1 0.06922920 0.38878064 0.72979412 0.09112120 0.13524780 3 0.05010407 0.69769602 0.35980697 0.05630932 0.07562037
123,MVI_39311_img00493_jpg.rf.86ff74193d953f9f36ae52ba33531e39,1 0.91304755 0.45230074 0.90560598 0.10651464 0.18551617 1 0.89990813 0.43029170 0.61457844 0.06646872 0.09657173 3 0.89444089 0.52322531 0.52401724 0.07851791 0.18539238 1 0.88913941 0.61277294 0.92081985 0.11429462 0.15836010 3 0.87694347 0.58416157 0.45379963 0.06166382 0.14470959 1 0.87118185 0.62923670 0.61267982 0.05619011 0.10072756 1 0.85147911 0.66747665 0.46958942 0.04360523 0.06180916 1 0.82598442 0.41172595 0.49445086 0.04570379 0.06352272 1 0.82293558 0.66924801 0.42825184 0.03354225 0.04721460 1 0.81421047 0.35768352 0.54806709 0.04744468 0.07751017 1 0.80141878 0.46191807 0.48711710 0.05132561 0.07041206 1 0.75759238 0.63661299 0.41235113 0.03560600 0.04445524 1 0.72235972 0.63977237 0.44327374 0.03542452 0.05100632 1 0.70676810 0.36890969 0.47285628 0.06342716 0.05810738 1 0.45407563 0.72520509 0.39946182 0.02834129 0.03712602 1 0.33410990 0.42519884 0.46486931 0.03273430 0.04696770 1 0.33039051 0.84689295 0.98475394 0.13347659 0.03049192 1 0.19210330 0.38632331 0.59013052 0.04240942 0.07238636 1 0.07294798 0.65969944 0.43696575 0.03843126 0.05577774
124,MVI_39311_img00761_jpg.rf.1d3ad5d1b158890572fb4626e923d273,3 0.90972894 0.48284664 0.62378254 0.18233709 0.29122639 1 0.90280902 0.71926956 0.89846391 0.12755795 0.20307198 3 0.88696545 0.33080318 0.82162483 0.29442639 0.35675015 3 0.88164276 0.56636930 0.44087381 0.08781986 0.10232430 1 0.82295716 0.60421009 0.49155250 0.04277821 0.06022968 1 0.80337167 0.35485828 0.55811582 0.05052967 0.07514257 1 0.80013788 0.57167635 0.53498473 0.04489632 0.06700745 1 0.77433515 0.65144901 0.44394226 0.03738289 0.05378647 1 0.77137649 0.46599092 0.48976660 0.04789181 0.05533228 1 0.77104306 0.63162718 0.46970110 0.03549175 0.05574379 1 0.76776147 0.41015162 0.50112228 0.04636564 0.05995827 1 0.75819975 0.43510475 0.52795105 0.06464920 0.06822262 1 0.48384610 0.42160320 0.47144170 0.03608589 0.04716835 1 0.22507611 0.30365438 0.49113359 0.07534924 0.05901394 1 0.17300510 0.54138594 0.51180305 0.05628967 0.06843319 1 0.07403457 0.42180610 0.61858406 0.07544317 0.08466892 1 0.07139412 0.69297299 0.39771972 0.02902279 0.03623524 1 0.06094177 0.52086401 0.52377892 0.05250187 0.06356983
125,MVI_39311_img00816_jpg.rf.e4ca029a24e286f0666244598d6dcbeb,3 0.92701656 0.40095015 0.70756216 0.27542353 0.33892498 3 0.89589089 0.53502760 0.48446522 0.09454374 0.13286324 1 0.86383796 0.56714125 0.60469875 0.05668497 0.08549356 1 0.85352010 0.62223997 0.49539108 0.04031229 0.05536041 1 0.84759098 0.59667625 0.53264627 0.04477348 0.07020149 3 0.83528078 0.31258588 0.89407921 0.26304674 0.21069717 1 0.83207011 0.66746969 0.47033234 0.03859367 0.05750961 1 0.78843766 0.41383691 0.51632471 0.04989929 0.06328850 1 0.78830385 0.42600465 0.55253224 0.05420132 0.06497068 1 0.72189009 0.46441383 0.50846376 0.04757328 0.06143284 1 0.69374329 0.35552959 0.57176838 0.05648699 0.07576237 1 0.46992981 0.66062117 0.43101063 0.03200035 0.04151459 1 0.19716088 0.49958134 0.58878160 0.06639748 0.08046885 1 0.13483520 0.50934668 0.56731730 0.05816641 0.07585735
126,MVI_39311_img00933_jpg.rf.c8c037682781cb5b8556e9fa53019d37,3 0.91435838 0.44311786 0.56146793 0.14533110 0.18971119 1 0.91385067 0.61041188 0.68678079 0.07425261 0.11565981 3 0.90979153 0.21744385 0.82289901 0.43488750 0.35420178 1 0.88249600 0.47725792 0.73528519 0.07770958 0.13085709 1 0.87456411 0.58356919 0.58211203 0.04940844 0.07961254 1 0.86198306 0.64909973 0.53082981 0.04719658 0.08344345 1 0.85855424 0.61888437 0.96645560 0.12159157 0.06708860 1 0.85164231 0.55269442 0.47513428 0.05960541 0.05334511 1 0.83151066 0.62177401 0.45813494 0.03842745 0.04664211 1 0.78611803 0.64500976 0.43315144 0.03982325 0.03885365 1 0.71008807 0.35902452 0.57626944 0.05535326 0.07039909 1 0.29635158 0.31021504 0.54658294 0.06647263 0.06202011 1 0.19207807 0.48676023 0.50365906 0.05421829 0.06184292 1 0.16107710 0.49447885 0.49040275 0.04308834 0.05027142 1 0.10262185 0.47112141 0.51021652 0.05868435 0.06593914 1 0.09652899 0.44505606 0.51450434 0.06126232 0.06328354 1 0.06064438 0.39696913 0.68492517 0.07825403 0.09992065 1 0.05651518 0.43079900 0.53847446 0.06363757 0.06490078 1 0.05569907 0.42700510 0.52340951 0.05408459 0.06386900 1 0.05273755 0.41925931 0.55141230 0.06145153 0.06335716
127,MVI_39311_img01174_jpg.rf.330cdb25a6c83350709fa6df0e5f2c5a,3 0.91565174 0.21268487 0.82649579 0.42536954 0.34700822 1 0.90137947 0.57620072 0.91148472 0.10001698 0.17533340 1 0.88099498 0.59046888 0.52464180 0.04553633 0.06699524 1 0.87688434 0.55727901 0.68550062 0.06826534 0.11957073 1 0.87593126 0.64581170 0.55839462 0.05158062 0.08172483 1 0.86689407 0.50309305 0.52580891 0.05140362 0.06896839 1 0.86301291 0.56050487 0.59758997 0.05330791 0.08866825 1 0.85574901 0.72705321 0.82266715 0.11141825 0.17164645 1 0.83836967 0.61920662 0.45492945 0.03590031 0.04819298 1 0.82729018 0.45620222 0.50556402 0.04695015 0.07050037 1 0.81972104 0.53091278 0.46372175 0.06545696 0.05942211 1 0.81669968 0.41816730 0.54858217 0.05983677 0.07010612 1 0.79169703 0.40483187 0.51134138 0.05370867 0.07041283 3 0.69410795 0.33654692 0.64906015 0.17162461 0.22193794 1 0.64108407 0.26920743 0.60937004 0.06397510 0.07736092 2 0.53563505 0.63829017 0.42730350 0.03379087 0.04952917 1 0.21450464 0.35106747 0.57546406 0.06436992 0.07791672 1 0.15381140 0.63910532 0.42651439 0.03363581 0.05065994 1 0.09008678 0.54352827 0.43866420 0.03866768 0.04240656 1 0.08692557 0.44393892 0.46810026 0.04793587 0.05500593 1 0.08572356 0.39486151 0.58270116 0.05649405 0.07255640 1 0.08503851 0.50714064 0.46513710 0.04893255 0.05194569 1 0.07449779 0.36736140 0.58965902 0.06635628 0.07987137
128,MVI_39311_img01480_jpg.rf.0baababbfaa72ace9b70b483d53a5a1c,3 0.94820291 0.17000973 0.84489946 0.33456388 0.30901546 1 0.90375668 0.53093672 0.79316783 0.08462849 0.14960794 1 0.89252919 0.56186752 0.62664843 0.06928310 0.09639778 1 0.88544118 0.45338308 0.93334088 0.13552682 0.13331804 1 0.87868565 0.63216357 0.57821074 0.06037092 0.09015770 1 0.87558556 0.67559061 0.66341105 0.07421131 0.14600582 1 0.86467487 0.65214367 0.47156506 0.04346581 0.06441879 1 0.86177897 0.51064034 0.69268875 0.07497463 0.11351986 2 0.86098200 0.51366930 0.57623801 0.06130371 0.10762062 1 0.84934109 0.61952372 0.52367444 0.04548416 0.06566057 1 0.84318280 0.40721736 0.56650467 0.04538736 0.06864386 1 0.83856535 0.33955097 0.57362890 0.04723868 0.07829094 1 0.81441396 0.43020753 0.62847447 0.07520392 0.09386320 1 0.81355846 0.44802103 0.51483049 0.04637222 0.06883945 1 0.77584624 0.39653230 0.51905923 0.05208960 0.06223412 1 0.76581508 0.49147520 0.53027391 0.05271254 0.06953812 1 0.74198031 0.57416306 0.97455086 0.10551357 0.05089807 1 0.73545039 0.50328388 0.46866837 0.05915527 0.05431175 1 0.73312825 0.34554429 0.50776100 0.06066561 0.05866070 1 0.69482183 0.13332940 0.76034493 0.10322783 0.13806181 1 0.06080109 0.00879116 0.87649822 0.01711770 0.17308941 1 0.05124230 0.14426136 0.59069705 0.07682266 0.07331419
129,MVI_39311_img01500_jpg.rf.e8ecad7638e263f0341e32c0146e798a,3 0.94048417 0.15875582 0.86943345 0.31694968 0.26113290 1 0.91226941 0.52676840 0.82227831 0.08732452 0.15968399 1 0.89754117 0.43839269 0.94951606 0.14252663 0.10096768 1 0.87682807 0.55686741 0.63549595 0.07172871 0.09875603 1 0.86487269 0.49759150 0.71197529 0.08117847 0.11795998 1 0.85513121 0.64234967 0.60578384 0.06420183 0.10015202 1 0.85004693 0.33889914 0.57397604 0.04798985 0.07632217 1 0.84101027 0.61854343 0.54035559 0.04444895 0.07173710 1 0.83694810 0.63998690 0.48718023 0.04541378 0.06948776 1 0.83188641 0.40100621 0.57508759 0.05145495 0.07243156 1 0.82901901 0.10937300 0.78696494 0.11038346 0.14512663 2 0.81671506 0.50664706 0.58097363 0.06516657 0.11037006 1 0.81602961 0.68655510 0.70602145 0.08590851 0.17118492 1 0.80746865 0.43055196 0.62730293 0.07392874 0.08910179 1 0.79105729 0.44754815 0.51545477 0.04718218 0.06918144 1 0.78690302 0.49047976 0.53100996 0.05407600 0.06965475 1 0.77926344 0.39413137 0.51939087 0.05158319 0.06416073 1 0.69158500 0.50300188 0.46764870 0.05803585 0.05285797 1 0.65186471 0.33502192 0.51243715 0.05423660 0.05988941 1 0.52914131 0.57158270 0.98404026 0.10963612 0.03191928 2 0.09223544 0.22804307 0.68965063 0.06271716 0.10777073 1 0.07247787 0.15006176 0.58975229 0.08394425 0.06978645 1 0.06933032 0.34798646 0.50403767 0.06638021 0.06820583
130,MVI_39361_img00303_jpg.rf.58dacb66398884341346fec1720b6bdd,1 0.90921122 0.91258464 0.89062419 0.17483053 0.21875143 1 0.90438783 0.75781713 0.91200294 0.15807123 0.17574806 1 0.89236194 0.55567169 0.50380239 0.17111435 0.11392136 1 0.76764780 0.36458275 0.36055174 0.09932828 0.06998100 1 0.66682774 0.17696387 0.42478036 0.14217246 0.08189814 2 0.61407918 0.15800715 0.38423476 0.13087658 0.09963694
131,MVI_39361_img00321_jpg.rf.1bfaa62a6aa07df2cdfd033ed383ade0,1 0.90827531 0.91284280 0.89034080 0.17431421 0.21931820 1 0.90483719 0.75900536 0.91215553 0.15757313 0.17547112 1 0.89904583 0.43554945 0.51932201 0.18222208 0.11985168 2 0.78562355 0.18651714 0.37541423 0.13746986 0.09651918 1 0.71904618 0.17127710 0.42598467 0.14359674 0.08087015 1 0.09277644 0.39713969 0.35367918 0.07744675 0.06894150 1 0.08409767 0.00701773 0.35668340 0.01379051 0.07291689
132,MVI_39361_img00335_jpg.rf.fab637dfe3758ccdabe20594bce7473f,1 0.90635937 0.75866194 0.91292439 0.15647545 0.17386322 1 0.90451074 0.91340542 0.89136033 0.17315674 0.21727914 1 0.89803725 0.33589160 0.53703556 0.19130368 0.12834911 1 0.84169573 0.16408995 0.42537708 0.14217846 0.08341074 2 0.73421055 0.20783656 0.37515454 0.14412017 0.09929857 1 0.59213465 0.42397685 0.35072165 0.09945021 0.07027931 1 0.49598774 0.98159795 0.51467829 0.03680391 0.08849869 1 0.24093276 0.00659064 0.36409636 0.01307453 0.07583447 1 0.07402500 0.54250202 0.31432781 0.08973961 0.06122284
133,MVI_39361_img00632_jpg.rf.6407475cda1edccfbe7b308190b0e1d2,1 0.91023189 0.91819033 0.88374882 0.16361914 0.23176346 1 0.90765840 0.76633172 0.90609488 0.15787210 0.18781004 1 0.81611985 0.44084973 0.38547468 0.12445431 0.08027134 1 0.69542974 0.20964699 0.36567676 0.11978374 0.07595792 2 0.57049704 0.06464079 0.38874321 0.12928138 0.15778828 1 0.30701989 0.43800803 0.34759967 0.10899904 0.07457519
134,MVI_39361_img00672_jpg.rf.f440632f1f020374398e1e88c9a2b848,1 0.91138619 0.76797128 0.90159125 0.16092672 0.19681730 1 0.90401304 0.91839928 0.88102682 0.16320124 0.23365788 1 0.85460615 0.59247675 0.35186481 0.08719378 0.07023087 2 0.81233406 0.31825902 0.37260649 0.17515931 0.14348788 1 0.58308649 0.97721443 0.48273239 0.04557094 0.08044834 1 0.57426000 0.55197515 0.31994734 0.07706413 0.06189108 1 0.29998922 0.09621803 0.36800585 0.12182223 0.07530699 1 0.16486254 0.01479356 0.61414213 0.02958692 0.15064754
135,MVI_39361_img00707_jpg.rf.ca81f548ebda4cf379d5dcf821734c2a,1 0.91009146 0.76981134 0.90106244 0.15977764 0.19787492 1 0.89961380 0.84797421 0.49313021 0.15117054 0.11153431 1 0.89331037 0.91865063 0.88116839 0.16249733 0.23415332 2 0.77786064 0.51175761 0.34840119 0.13326855 0.13959031 1 0.76366073 0.19511971 0.36335435 0.11904650 0.07453699 1 0.71070457 0.44037561 0.33726783 0.07543430 0.07033014 1 0.39584085 0.66087275 0.32251601 0.05655823 0.06706567
136,MVI_39361_img00716_jpg.rf.06e4d38fcadc33dd8247f194687070e0,1 0.91050398 0.77105541 0.90082626 0.16097832 0.19834728 1 0.89758986 0.80123866 0.50586758 0.14854693 0.11825752 1 0.89203995 0.91908054 0.88034458 0.16178246 0.23484402 2 0.84440702 0.54131017 0.34127064 0.13488150 0.13648863 1 0.78431875 0.22653289 0.36140866 0.12068329 0.07356911 1 0.64747894 0.47569008 0.33263083 0.07567348 0.06621571 1 0.38880101 0.66951976 0.31569831 0.04972067 0.06758008
137,MVI_39361_img00836_jpg.rf.8cc86427bb3db44e87866df4fc4465b2,1 0.91574150 0.77252083 0.90101743 0.15711174 0.19796495 1 0.89937419 0.92030468 0.88173532 0.15935707 0.23477287 1 0.70249200 0.01948997 0.76289639 0.03897974 0.25765467 1 0.55140328 0.01198053 0.56778049 0.02388405 0.14140282 1 0.36084926 0.02461265 0.40458751 0.04906692 0.07646790
138,MVI_39361_img01214_jpg.rf.321650550f6e5bf205ba3ee7a949a723,1 0.90791619 0.77843027 0.88859334 0.15838699 0.22281312 1 0.89092529 0.92511487 0.86460152 0.14977006 0.25168285
139,MVI_39361_img01419_jpg.rf.9ea6d1b0e439c7c980b392922507bdcc,1 0.91106468 0.86428547 0.68980818 0.13949966 0.18798428 1 0.91059244 0.76780524 0.83748789 0.15062895 0.24504528
140,MVI_39361_img01486_jpg.rf.e9f2a810ad708f3220af2eb546e575ee,1 0.92012173 0.68628259 0.55067978 0.09740648 0.13961067 1 0.90821677 0.89827557 0.76509352 0.14580002 0.20613861 1 0.90486783 0.75654602 0.88958769 0.16615295 0.22082443 1 0.90077716 0.92204313 0.54342289 0.11628704 0.13034744 1 0.89258426 0.04662315 0.75367622 0.09324610 0.24643345 1 0.85254389 0.74739089 0.42582021 0.07414494 0.10507154 1 0.80111843 0.27963247 0.33619862 0.05548382 0.08285847 1 0.78660953 0.18610551 0.33000619 0.06678295 0.08387265 1 0.76012588 0.97369685 0.71310101 0.05260610 0.18799305 1 0.30444127 0.33889947 0.29739909 0.05356426 0.07283306 1 0.14040166 0.39805715 0.30251455 0.05137353 0.08827400
141,MVI_39361_img01719_jpg.rf.f1926c2a346334c96f328da87e5028a5,1 0.92729264 0.84627371 0.64022226 0.13222485 0.18449535 2 0.90248120 0.08950064 0.52144475 0.12984695 0.22581825 1 0.90244240 0.73299394 0.85245836 0.15382166 0.25455823 1 0.88855606 0.88408651 0.49778070 0.09666424 0.11919346 1 0.88434476 0.25865598 0.48511839 0.08924847 0.13959198 1 0.87483668 0.19520677 0.87243776 0.19837759 0.25512428 1 0.86346114 0.31910567 0.35397277 0.05981779 0.08941135 1 0.86011326 0.64132624 0.36310229 0.05444489 0.08734818 1 0.85929674 0.74810562 0.43004212 0.06800070 0.09910803 1 0.81183237 0.80348263 0.36208611 0.05980778 0.08442764 1 0.80895120 0.52204819 0.34747381 0.06545887 0.08948898 1 0.76693881 0.21774483 0.34999657 0.07279310 0.10890017 3 0.72114658 0.41115546 0.27030303 0.06957207 0.18159251 1 0.67503291 0.03072122 0.44400325 0.06144223 0.12554607 1 0.07910494 0.49264727 0.29904578 0.04684715 0.08463573
142,MVI_39361_img01794_jpg.rf.3ea4af465f96824a73ce54d900a0e0cf,3 0.91706276 0.34037497 0.49830990 0.17026381 0.38874073 1 0.91648859 0.81775856 0.58964453 0.12557774 0.17595825 1 0.91299516 0.11775742 0.73423605 0.16351471 0.23795013 1 0.90088415 0.66982551 0.58484201 0.10089912 0.15206127 1 0.89537442 0.10488004 0.50507278 0.11640974 0.17746906 2 0.89381629 0.92088280 0.51947541 0.09547920 0.16621485 1 0.87410432 0.73180809 0.37651970 0.06850471 0.10338635 1 0.85335296 0.62672501 0.38653994 0.06024818 0.09559126 1 0.84490865 0.52105103 0.34074793 0.06797829 0.09139004 1 0.83898330 0.95317645 0.95649834 0.09364690 0.08680954 1 0.80905008 0.15101154 0.38315871 0.07925987 0.12101741 1 0.78426886 0.25407619 0.31842794 0.06362867 0.08614035 1 0.77017188 0.27789993 0.35849597 0.06295033 0.09814858 1 0.59938085 0.05323446 0.37151227 0.07409093 0.10142775 1 0.41685945 0.41260777 0.28997931 0.04991760 0.07874403 1 0.39683193 0.76870022 0.31442013 0.05308647 0.07146478
143,MVI_39361_img01910_jpg.rf.2472cab8c138c3bbb59e566ec99ffd33,1 0.93785822 0.17660356 0.86191795 0.20639434 0.27616391 1 0.91388041 0.68680654 0.56505690 0.09474421 0.15215416 3 0.90652370 0.16708182 0.33627956 0.16673481 0.24499545 1 0.90040231 0.84941483 0.44553310 0.09058418 0.12246473 1 0.89926565 0.91417370 0.75762119 0.14650955 0.21787510 1 0.88661605 0.38895516 0.48901377 0.08834229 0.15121651 1 0.88527673 0.12536942 0.59148035 0.11179516 0.18199501 1 0.88364404 0.26756415 0.45628490 0.08977952 0.14988327 1 0.84570748 0.29843671 0.36514287 0.05987954 0.09818373 1 0.84452266 0.40911959 0.31988995 0.05545619 0.08721280 1 0.82920671 0.52129722 0.33813193 0.06866684 0.08889012 1 0.81019145 0.69929161 0.33134475 0.05780430 0.08346443 1 0.43996653 0.27635210 0.28502903 0.05727715 0.07647505 1 0.26260611 0.01788599 0.35733366 0.03531393 0.10678043 1 0.10114003 0.51136451 0.45138971 0.02814569 0.11140306
144,MVI_39361_img02008_jpg.rf.6ed60396b3da97fb9d6b003c907f22c2,2 0.90535849 0.35689218 0.37461042 0.06710105 0.16677303 1 0.90418082 0.81509867 0.56766396 0.10664520 0.14427834 1 0.89384645 0.07648552 0.85276582 0.15241114 0.29446816 1 0.88707387 0.23254647 0.87472691 0.21277314 0.25054597 1 0.86609846 0.64947910 0.38559217 0.06130819 0.09481449 1 0.83684486 0.52328362 0.33623729 0.06792936 0.09024467 1 0.81204396 0.17390817 0.40330886 0.07911346 0.11089861 3 0.73115259 0.05724916 0.59448724 0.11324024 0.52789640 1 0.72005159 0.41982907 0.29986458 0.05263464 0.07896547 3 0.70576042 0.25013074 0.26445577 0.14356014 0.20103402 1 0.67117089 0.32907913 0.32372131 0.05201602 0.08673449 1 0.28628740 0.49369674 0.28992300 0.04457998 0.07323818 1 0.14833267 0.71043320 0.29674401 0.04636803 0.07525406
145,MVI_39371_img00141_jpg.rf.507f0c9984841570f5133499d0755ee1,1 0.89532202 0.95696945 0.68938723 0.08304482 0.10415363 1 0.88583750 0.66180010 0.66302128 0.09232769 0.09052505 1 0.87904531 0.81814833 0.56919937 0.05900860 0.06207180 1 0.87362206 0.96664019 0.82821486 0.06596012 0.13549800 1 0.78918374 0.85861473 0.52415929 0.04012337 0.04751987 1 0.75038743 0.90775547 0.96309795 0.17475510 0.07301807
146,MVI_39371_img00147_jpg.rf.9a0d3c070d5009e7ebd6679ec365b72b,1 0.89754856 0.61709037 0.68677521 0.10223618 0.09936695 1 0.88090008 0.79376554 0.58228474 0.06187057 0.06427765 1 0.86719203 0.96860247 0.67133894 0.06200676 0.09859228 1 0.84108275 0.92547817 0.94384408 0.14869404 0.11231164 1 0.84020126 0.84735174 0.52996950 0.04196739 0.04794245 1 0.83701783 0.97054057 0.81694639 0.05891866 0.13723722 1 0.60733193 0.38566346 0.97133174 0.26671867 0.05733633 1 0.13530672 0.42458282 0.97895827 0.19362812 0.04208326
147,MVI_39371_img00160_jpg.rf.cf814600524b30145464f658f8835550,1 0.91482621 0.49347734 0.75219808 0.13542595 0.12238607 1 0.90347695 0.61306543 0.88227367 0.16318130 0.14920425 1 0.89754415 0.93727627 0.92523865 0.12429199 0.14952250 1 0.88888025 0.72464991 0.61265616 0.07595768 0.07435341 1 0.87066352 0.67985692 0.94136433 0.17955122 0.11727114 1 0.85134822 0.82245920 0.54167528 0.04494481 0.05185575 1 0.82023829 0.97779503 0.79492779 0.04396172 0.13497314 1 0.69065893 0.99065247 0.62896843 0.01836014 0.08793697
148,MVI_39371_img00428_jpg.rf.79e59c79c4af6506aa4a7cae92230f2d,3 0.93573743 0.22980614 0.72205515 0.38754187 0.27447701 1 0.90007555 0.71617546 0.93049149 0.19906616 0.13901682 1 0.89069742 0.90398645 0.77862020 0.10630760 0.12186365 1 0.88777930 0.70042715 0.60110493 0.06721401 0.06909294 1 0.88715655 0.76630092 0.60683079 0.06249313 0.06882668 1 0.88516223 0.69193959 0.83135414 0.13923578 0.13155632 1 0.88187903 0.91547451 0.65681496 0.07142601 0.08437195 1 0.79281235 0.98097558 0.68608446 0.03804864 0.09171448 1 0.73454928 0.98400206 0.82279186 0.03199568 0.13221588 1 0.40698409 0.95068474 0.48641214 0.02978268 0.03488140 1 0.29415080 0.77139635 0.51437416 0.04816246 0.04578304 1 0.27883115 0.05893798 0.67112288 0.09511861 0.07934389 1 0.05605620 0.99119864 0.46663008 0.01742954 0.03819256
149,MVI_39371_img00433_jpg.rf.304dd97c21b1a7865a75e4dd0af9f465,3 0.92416513 0.18985853 0.74282579 0.37730904 0.30177326 1 0.90089643 0.91995163 0.76190324 0.09985657 0.11744661 1 0.89985454 0.73252778 0.80046272 0.12493582 0.11900806 1 0.88579577 0.75109215 0.61412535 0.06510315 0.07114143 1 0.88111550 0.92828541 0.64734287 0.07179909 0.08142567 1 0.87388104 0.67846336 0.61098075 0.07079468 0.07152643 1 0.85810870 0.75719900 0.91425877 0.17830791 0.17094307 1 0.82481319 0.98698478 0.67739730 0.02603025 0.09271812 1 0.61620110 0.76631508 0.51723366 0.05167904 0.04396286 1 0.32266572 0.94441328 0.48913860 0.03144016 0.03593044 1 0.19958428 0.99442596 0.82626190 0.01106796 0.13246136 1 0.11941987 0.98884506 0.46910210 0.02193623 0.03818626
150,MVI_39371_img00528_jpg.rf.30abf907dfc1c54d075f1e00661ff653,1 0.89883715 0.79605837 0.89349670 0.14951801 0.16667671 1 0.89789814 0.68620286 0.61062536 0.07281885 0.07319984 1 0.87572348 0.95849285 0.69859471 0.08025246 0.09977417 1 0.85378331 0.83949089 0.56876211 0.05785751 0.06484461 1 0.82967186 0.52724390 0.59093380 0.08182545 0.05973377 1 0.80021203 0.04800299 0.94801936 0.09513313 0.10396108 1 0.77121174 0.84470320 0.53576794 0.03893986 0.04808178 1 0.08513197 0.56280127 0.54956732 0.03484440 0.04486399
151,MVI_39371_img00534_jpg.rf.da52d303a2696882a0dea580d31530ca,1 0.91546696 0.83615408 0.85288298 0.13438854 0.15266185 1 0.89470649 0.65272031 0.62669735 0.07918291 0.07955217 1 0.88341093 0.96778021 0.68460479 0.06423359 0.09340715 1 0.86553127 0.82217016 0.57884579 0.05963917 0.06558838 1 0.73899555 0.82843533 0.54398546 0.04597816 0.04902058 1 0.72007310 0.49673548 0.59772844 0.08587580 0.05727921 1 0.21051782 0.51562052 0.59178696 0.05344610 0.05058479 1 0.10074575 0.98500366 0.48880024 0.02838364 0.03431950
152,MVI_39371_img00696_jpg.rf.412ff2050b47a400d5e1acffbc25c02e,3 0.90272933 0.68505425 0.55481520 0.14695473 0.13667240 1 0.88636988 0.80606916 0.57625017 0.05368505 0.06377258 1 0.85566187 0.96703777 0.64104862 0.06374588 0.08211536 1 0.83096778 0.93061771 0.93611383 0.13637009 0.12741375 1 0.82606530 0.89312973 0.54983912 0.04726334 0.04805202 1 0.71648216 0.87932835 0.52202463 0.03636322 0.04433374
153,MVI_39371_img00726_jpg.rf.9e0c65933fd3ae3c9871fa557d0279aa,3 0.93238622 0.52546606 0.61340761 0.22196255 0.19044476 1 0.87971854 0.77728205 0.60560217 0.06516438 0.06835651 1 0.87821215 0.62459593 0.67051029 0.08687906 0.09388103 1 0.82354081 0.80141733 0.56123304 0.04978528 0.05183353 1 0.79515153 0.66487284 0.54319558 0.05506535 0.05486364 1 0.08011463 0.06889039 0.66809921 0.13591549 0.07676430
154,MVI_39371_img00939_jpg.rf.958410166462559de94dd3edfe4fa9e1,1 0.89805341 0.92337818 0.75251503 0.09302826 0.11839066 1 0.88565528 0.82121236 0.56506124 0.05876775 0.06825085 1 0.82398659 0.94948692 0.52852588 0.04504986 0.04970884 1 0.59648663 0.83937340 0.53186951 0.04250050 0.04682093 1 0.07347117 0.06959740 0.66433010 0.13381190 0.07643147
155,MVI_39371_img01135_jpg.rf.0795c2eab9815d3bf44516f2c5746c8f,3 0.93344718 0.34210610 0.67275863 0.31766481 0.24332418 1 0.88797140 0.83458366 0.60317354 0.06638565 0.07161255 1 0.86097342 0.88670406 0.54181185 0.04660492 0.05335007 1 0.76116228 0.91093950 0.50206547 0.03626976 0.04134216 1 0.36728269 0.96452160 0.49565477 0.03499527 0.04204941 1 0.05403234 0.76999965 0.51096802 0.03607998 0.04612522
156,MVI_39371_img01307_jpg.rf.33802632930107cf6121c2ac31859ee6,1 0.93329620 0.30191331 0.83556082 0.18285742 0.19036708 1 0.90723354 0.07631886 0.89826355 0.15089045 0.17415733 1 0.90502852 0.48666635 0.69618454 0.11272793 0.10130539 1 0.09121156 0.93906460 0.48537445 0.03799381 0.04026642 1 0.05784221 0.06989945 0.66368427 0.13323916 0.07606754
157,MVI_39371_img01322_jpg.rf.358f9805b92acc52676253a0c6df509e,1 0.90394396 0.38620222 0.74393444 0.13443322 0.11508751 1 0.89853626 0.12835128 0.90196795 0.23354506 0.19606390 1 0.65781820 0.91718130 0.49420757 0.03852596 0.04555359 1 0.05138598 0.86798982 0.91103191 0.26402015 0.17727661
158,MVI_39371_img01388_jpg.rf.705dd35182844285366f6265e068cf9e,1 0.87618560 0.80252798 0.54846864 0.05766225 0.06376953 3 0.09924978 0.94440136 0.45292263 0.05738564 0.05444584 1 0.05796103 0.86835608 0.91109638 0.26328764 0.17735138 1 0.05455302 0.06900336 0.66302676 0.13423426 0.07702417
159,MVI_39401_img00345_jpg.rf.ecb15a4fd68bc1d030b1e316ad23ba32,1 0.90811199 0.53403077 0.65052862 0.12714624 0.18469963 1 0.90521026 0.35053086 0.54190350 0.11704597 0.18281612 1 0.90055525 0.62896080 0.56070852 0.12035465 0.18715153 1 0.89391381 0.67593427 0.91765680 0.20533857 0.16468620 1 0.89207876 0.87168150 0.50672698 0.13123550 0.11415834 1 0.87511724 0.43055000 0.41984191 0.06843910 0.10314236 1 0.86191469 0.58406706 0.44782869 0.09174690 0.10729234 1 0.84563434 0.34032888 0.38151779 0.05611477 0.09014635 1 0.81199861 0.50532007 0.36186147 0.06357136 0.08291445 1 0.73816341 0.40240831 0.33487368 0.05959835 0.09125695 1 0.73026842 0.74273872 0.36268477 0.07513695 0.06947780 1 0.69641358 0.18212016 0.38841758 0.05652728 0.09579201 3 0.47594535 0.98318501 0.42768909 0.03352013 0.22829320 1 0.43409908 0.61309986 0.32896371 0.06841660 0.06904593 1 0.42695040 0.08030029 0.42479259 0.14622039 0.09452817 1 0.05555125 0.31704800 0.30344720 0.04172668 0.06544237
160,MVI_39401_img00546_jpg.rf.81d93be01290608675772eb5e45da4a7,3 0.92274648 0.51711483 0.58362865 0.22878742 0.43437061 3 0.91901135 0.75496511 0.31463237 0.17850418 0.16021748 1 0.90225786 0.77879782 0.64565873 0.14468899 0.19611979 1 0.87194049 0.72973690 0.41985358 0.07639847 0.08199904 1 0.87018907 0.12661114 0.62299328 0.09133844 0.16800385 1 0.84622389 0.69067178 0.93391418 0.20941181 0.13189316 1 0.83299321 0.96471214 0.54611735 0.07044144 0.11263390 1 0.83233702 0.82062418 0.42107177 0.08185191 0.08776903 1 0.80017024 0.21922455 0.43597832 0.06575136 0.10128126 3 0.73828304 0.31253953 0.31854467 0.08173523 0.16289244 1 0.22223842 0.41985497 0.31383343 0.04240065 0.05964251
161,MVI_39401_img00668_jpg.rf.67b592a624cb26da5ac19de49396b169,1 0.91298616 0.50292568 0.85494204 0.20248070 0.28218403 1 0.87429392 0.85450137 0.89890995 0.23244319 0.20206738 1 0.86981845 0.84252815 0.44268775 0.09865246 0.08814650 3 0.86755913 0.38327780 0.51548686 0.15241175 0.35153275 1 0.85429692 0.67062902 0.38053813 0.06993628 0.07840214 1 0.82236975 0.96922188 0.57001300 0.06135712 0.12514458 1 0.79017556 0.72660599 0.37046416 0.05813084 0.06360908 1 0.70012033 0.27232201 0.42039337 0.05970826 0.08794441 1 0.49842834 0.18278379 0.38703785 0.06073837 0.08079109 3 0.47935051 0.77871156 0.94130688 0.44023218 0.11602631 1 0.18744789 0.63477025 0.31917310 0.05214586 0.05490975 1 0.11042379 0.79052567 0.92836571 0.39673872 0.14229774 3 0.06538945 0.33859997 0.30542307 0.08358393 0.13641462
162,MVI_39401_img01026_jpg.rf.6939d34f8486d88099ef74cfa55e5db6,2 0.92978412 0.69456167 0.65596514 0.16102047 0.26124783 1 0.92557192 0.58738699 0.81955967 0.15495338 0.27546444 1 0.90291768 0.46756434 0.50162692 0.07595854 0.12199678 2 0.87320435 0.58682041 0.36386876 0.07157707 0.09213486 1 0.87081671 0.23986807 0.50827904 0.12191415 0.12637215 1 0.85295486 0.85934372 0.89930270 0.22120953 0.19909663 1 0.85263866 0.47123137 0.37631664 0.05481625 0.07779398 1 0.84102720 0.33870986 0.36901319 0.04776697 0.07477384 1 0.83993459 0.65585423 0.53746910 0.10980701 0.09970818 1 0.79058635 0.38801126 0.34678385 0.04432526 0.06699433 1 0.17159764 0.41622401 0.30961246 0.04246252 0.05695715
163,MVI_39401_img01214_jpg.rf.aa14ee4cfdcef5ee7e869201703f3227,1 0.91986305 0.64858999 0.58490257 0.11752539 0.16155224 1 0.89472711 0.63806238 0.76775608 0.17591248 0.25303059 1 0.89180237 0.77500696 0.39920964 0.07682190 0.07322578 3 0.88558775 0.36922724 0.44965639 0.12688994 0.31928215 1 0.88343692 0.48234916 0.51053610 0.08825169 0.12657795 2 0.81091017 0.58681288 0.36094110 0.07135811 0.09232106 1 0.57799673 0.12190484 0.44867229 0.13526890 0.09322548 1 0.41756415 0.38636155 0.32236562 0.04211254 0.06228733
164,MVI_39501_img00024_jpg.rf.e759066e99c689022b45bc16f6a73716,1 0.89013892 0.11696413 0.59968662 0.11721468 0.12858429 1 0.87679821 0.59372597 0.55635405 0.06444187 0.11690655 3 0.86871338 0.47687902 0.45870343 0.07700062 0.25268972 3 0.81385463 0.53158922 0.34785171 0.03953667 0.08752050 3 0.63631725 0.58246231 0.34598792 0.04199867 0.08233085 1 0.35573280 0.51139669 0.29972806 0.01377544 0.02122164 1 0.28209373 0.51447506 0.29611890 0.01566095 0.02040510 1 0.27660209 0.55425539 0.30887513 0.01645489 0.02716789 1 0.19666207 0.55901718 0.32107224 0.01570148 0.02894325 1 0.19660521 0.51517296 0.30227301 0.01829376 0.02432175 1 0.16028413 0.51814871 0.28533413 0.01255913 0.01600208 1 0.10939701 0.54472322 0.30906668 0.01188517 0.02790437 1 0.10026251 0.41972246 0.36412861 0.03150892 0.04864998 1 0.10021883 0.97943153 0.76121173 0.04108543 0.14608469 1 0.08840957 0.56473536 0.32461910 0.02555628 0.03596258 1 0.08061158 0.58252153 0.30643995 0.01491270 0.02230301 1 0.07116638 0.56785412 0.28222842 0.01336479 0.01667633 1 0.07003734 0.53175774 0.29724879 0.01347980 0.02238798 2 0.06491724 0.06389917 0.06272826 0.12779815 0.12545633 1 0.05537554 0.47785864 0.28277092 0.01340752 0.01899433 1 0.05494013 0.54243288 0.31702418 0.01681156 0.03054657 1 0.05003881 0.54035168 0.30016637 0.01204967 0.02160101
165,MVI_39501_img00107_jpg.rf.27cc108ab34dce8d29a65a7bca066e2a,3 0.88623065 0.56882820 0.47177248 0.07605486 0.22458935 3 0.84732753 0.47588148 0.47799692 0.07998829 0.25607595 3 0.75564140 0.67337627 0.47981839 0.11166916 0.18210716 1 0.75024676 0.52978983 0.34093614 0.01669292 0.02489462 1 0.73865360 0.59480448 0.37216873 0.02311440 0.03428354 1 0.48301607 0.53758821 0.37111926 0.02523403 0.03721676 1 0.40521309 0.56268339 0.35367079 0.01865444 0.02967987 1 0.35734311 0.54619865 0.31816020 0.01520319 0.02279310 1 0.31076750 0.58267508 0.37441108 0.02735615 0.03919663 3 0.27910507 0.49389544 0.30467138 0.02513580 0.04517040 1 0.16499193 0.55075860 0.31967945 0.01400986 0.01954365 1 0.15607744 0.52123375 0.30711687 0.01111183 0.02225814 1 0.14260398 0.46370316 0.33600554 0.01677036 0.02339997 1 0.09242182 0.55311480 0.33877728 0.01571522 0.02360044 2 0.08454230 0.06354455 0.07000296 0.12708890 0.14000572 2 0.05347072 0.41107521 0.39017529 0.04098139 0.06720295 1 0.05268586 0.52873020 0.31006842 0.01277084 0.01833696 1 0.05247921 0.56915855 0.35914977 0.02500973 0.03466620 1 0.05007423 0.54999933 0.31356254 0.01596432 0.02024307
166,MVI_39501_img00184_jpg.rf.439693c22a8bbcfdc021280c413ac916,1 0.87759274 0.58901167 0.54696827 0.05240726 0.09158363 3 0.84467208 0.47572289 0.48222893 0.07886457 0.25557196 1 0.83487022 0.55730639 0.44578276 0.03195353 0.05531368 1 0.83418077 0.59735050 0.42846727 0.03202934 0.04852943 1 0.81617653 0.67089052 0.49318008 0.05013599 0.07369175 1 0.80630946 0.54003115 0.38946252 0.02197781 0.03653307 1 0.80207783 0.58047037 0.39633563 0.02538548 0.03736415 3 0.75850624 0.51936584 0.32587287 0.02644739 0.06358442 2 0.74858785 0.93898978 0.87563932 0.12202024 0.24530072 3 0.66962403 0.67242217 0.79898796 0.26278582 0.40202388 1 0.66360700 0.57992039 0.34294939 0.01929836 0.02812486 2 0.61704868 0.55402322 0.34186897 0.02151194 0.03651943 3 0.45953560 0.94011149 0.87459211 0.11977682 0.25034714 3 0.30007774 0.48325686 0.30264709 0.02691040 0.05910630 1 0.16541268 0.55890131 0.32348423 0.01541786 0.02044525 1 0.10086677 0.54999380 0.33919904 0.01987591 0.03771358 3 0.06902131 0.52491727 0.32838445 0.02855492 0.04742298 3 0.05817769 0.51221867 0.31955581 0.01966057 0.05142956
167,MVI_39501_img00197_jpg.rf.60310a38534edb22d06fbc98bf7ee6e5,1 0.87771928 0.60405664 0.61035576 0.06520557 0.11877556 1 0.86515117 0.56376042 0.46870489 0.03695402 0.06339455 1 0.85606617 0.54312592 0.40288831 0.02458858 0.03822267 3 0.85368860 0.47561288 0.48782668 0.07722149 0.25085220 1 0.85239393 0.61036062 0.45207777 0.03740578 0.06052170 3 0.84168094 0.67703629 0.87588758 0.26816463 0.24568653 1 0.82896167 0.58674078 0.41205497 0.02813187 0.04179029 1 0.71454537 0.58162680 0.35098071 0.02110367 0.03118191 3 0.69770968 0.51939621 0.33497405 0.02801447 0.06174269 2 0.53920192 0.55540876 0.35325830 0.02100449 0.03572049 1 0.48742631 0.69877481 0.53925443 0.06534081 0.08931036 3 0.38730305 0.49005795 0.30696645 0.02592297 0.05752435 1 0.38324279 0.55716581 0.35510023 0.02002258 0.03377328 1 0.13894182 0.55503526 0.34079032 0.01772118 0.02445383 1 0.13643862 0.56658759 0.33691273 0.01338444 0.01964703 1 0.09958684 0.46242685 0.34738631 0.01898327 0.02530422 1 0.09368659 0.54148273 0.33646603 0.01157475 0.03058381 1 0.09121342 0.53971004 0.32731476 0.01294155 0.02372475 3 0.08307787 0.48885798 0.32378533 0.01739426 0.02161231 3 0.07057749 0.50576849 0.30827227 0.01207447 0.03753433 1 0.06040458 0.52405200 0.35351183 0.02390146 0.03305049 1 0.05168936 0.56610851 0.32555246 0.01306381 0.02058983
168,MVI_39501_img00446_jpg.rf.e74c023d38679c6074e8a8be23d1b7c9,3 0.87050062 0.68365788 0.78472023 0.26664820 0.43055934 1 0.86963242 0.55750380 0.47299213 0.03764000 0.05904903 3 0.86340958 0.47410831 0.50289550 0.07980747 0.25437231 1 0.83016402 0.86776140 0.94418669 0.16647077 0.11162642 1 0.82223666 0.61712494 0.42759199 0.02997360 0.04245968 1 0.82208180 0.57100868 0.41481218 0.02966995 0.04886665 1 0.80472565 0.65445137 0.58316908 0.06530437 0.09580975 1 0.72312683 0.41577115 0.35578322 0.01943254 0.02790432 1 0.64009470 0.57912636 0.36689920 0.01846714 0.02736940 3 0.62141764 0.48995743 0.39107237 0.04313965 0.10169048 1 0.53327262 0.53655081 0.36513517 0.01865005 0.03291593 1 0.28024641 0.45261974 0.32792761 0.01267319 0.01729035 1 0.27349481 0.54242344 0.35317335 0.01626263 0.02294598 1 0.24290474 0.57141409 0.36068535 0.01527596 0.02440948 2 0.19169453 0.97650604 0.59135237 0.04645920 0.19256859 1 0.18916421 0.47430663 0.33223724 0.01536102 0.01940470 3 0.14246167 0.97783713 0.59453773 0.04432554 0.22068729 1 0.13979155 0.57454090 0.36471791 0.01703510 0.02516851 1 0.08129062 0.49588208 0.32668805 0.01869287 0.02579889 1 0.07899778 0.92415428 0.68905025 0.11245308 0.12347898 1 0.06511883 0.47982712 0.32528987 0.01656570 0.02128000
169,MVI_39501_img00525_jpg.rf.05d7ede3fb55f4485afd304098782ded,1 0.92204058 0.66470041 0.89156394 0.12835865 0.21687192 3 0.87425131 0.47281556 0.49836997 0.08135033 0.26145079 1 0.85218298 0.70022335 0.67719688 0.09852200 0.16918697 1 0.76534629 0.36539373 0.41522475 0.03389025 0.04570215 1 0.76065207 0.61989503 0.42784414 0.03136272 0.04529743 1 0.75933254 0.57873116 0.43686857 0.03489304 0.06309586 1 0.74715436 0.52361755 0.41805831 0.02795639 0.04459302 1 0.72827727 0.79011631 0.67882047 0.09518318 0.14044771 1 0.70097095 0.57128482 0.40767890 0.02471809 0.04115007 1 0.69838166 0.52272987 0.38920367 0.02281303 0.03976817 1 0.65217370 0.60186810 0.39895420 0.02336464 0.03560982 1 0.61537367 0.53447490 0.35598037 0.01767845 0.02568564 3 0.48304886 0.48631244 0.38259678 0.04093323 0.08555384 1 0.47674432 0.43554931 0.35301087 0.01728382 0.02488241 3 0.21069112 0.48907318 0.35884895 0.03709869 0.05143738 1 0.20376895 0.51835899 0.32749658 0.01785250 0.02649012 3 0.18181711 0.48590155 0.34562783 0.03344078 0.05423303 2 0.13650982 0.05039337 0.65293393 0.06104556 0.10350981 1 0.06350216 0.50675774 0.32873149 0.01723509 0.02913308 3 0.05167789 0.49435806 0.33291581 0.02194405 0.03279653
170,MVI_39761_img00097_jpg.rf.347e949b930cc47d4fe3ea559530b112,1 0.88553077 0.75891280 0.52309957 0.08343000 0.12223845 1 0.85644132 0.44472837 0.36544139 0.04851570 0.07288375 1 0.65757942 0.67092714 0.28626308 0.03390770 0.04698315 1 0.34331948 0.59523630 0.26897254 0.02945175 0.04498205
171,MVI_39761_img00325_jpg.rf.6c1b70b9b8cfb0af8fbaf984577b1abc,1 0.89103574 0.63255448 0.45916309 0.05461760 0.10345573 1 0.87205195 0.26121016 0.52438984 0.08824892 0.12255383 1 0.73762447 0.50614681 0.29658544 0.03419209 0.05925670 1 0.14995539 0.67169161 0.24209695 0.03137360 0.03621788 1 0.11444225 0.63985467 0.23383260 0.03618984 0.04022655
172,MVI_39761_img00392_jpg.rf.5ad139a87d9bcc0537e2f2976b41ca75,3 0.89448619 0.89594707 0.67931366 0.20780563 0.64137249 1 0.87210608 0.66672773 0.54664268 0.07977524 0.12404041 1 0.86918014 0.43741355 0.59348583 0.08950787 0.17661781 1 0.77594090 0.59668694 0.31275058 0.03414345 0.06179762 1 0.76542115 0.04713653 0.83723688 0.09376534 0.25474033
173,MVI_39761_img00883_jpg.rf.5852fe0cdeb3a2b37ea4661c0b6c4d62,1 0.89868057 0.38999550 0.70131712 0.11454673 0.20594692 1 0.09801611 0.00878676 0.89293947 0.01712243 0.20277557
174,MVI_39761_img01114_jpg.rf.a8d19772c564f05a2d09645325af3ce8,3 0.92325366 0.83823557 0.77322187 0.31812706 0.45355606 1 0.06121174 0.00814838 0.89735203 0.01570226 0.19350624
175,MVI_39761_img01156_jpg.rf.388a0df2a06d445719cad24a0af534f8,3 0.90090871 0.75562186 0.64207644 0.28959303 0.53732424 1 0.15126555 0.00932759 0.89794996 0.01843357 0.19993100
176,MVI_39771_img00206_jpg.rf.69a017bfc2071305676e4618cd8af33c,3 0.90467119 0.75028162 0.38779855 0.12272720 0.20301704 2 0.90139103 0.39791577 0.47130231 0.07457595 0.15261538 1 0.90042627 0.07226237 0.89760659 0.14347360 0.20478662 1 0.84228218 0.38340774 0.36902108 0.04213028 0.06793728 1 0.83558822 0.60697727 0.30226326 0.03219280 0.04976201 1 0.79765117 0.50715885 0.29519293 0.02850943 0.04336653 1 0.69432288 0.49215674 0.24248977 0.02154016 0.03206644 1 0.12317165 0.68991375 0.26952703 0.03253450 0.04183292 1 0.08814504 0.38995218 0.26220574 0.02465639 0.03551636
177,MVI_39771_img00229_jpg.rf.64a2292da8f0978d4e0ba6cca0067bfe,2 0.87813723 0.29823651 0.71822896 0.14716120 0.31408548 3 0.87564206 0.73353157 0.36820397 0.11173534 0.18510828 1 0.85432416 0.33848410 0.44698062 0.05979834 0.09012270 1 0.84599799 0.50001154 0.33930211 0.03304081 0.05564842 1 0.79013431 0.48462420 0.26135406 0.02469444 0.03724413 1 0.77360678 0.59175196 0.26109440 0.02597122 0.03867726 1 0.30845514 0.52284136 0.22975907 0.01832542 0.03084259 1 0.15314367 0.37892113 0.27465825 0.02706861 0.03539963 1 0.05498041 0.47270756 0.23815579 0.01987705 0.03214507 1 0.05251339 0.50247488 0.22589765 0.01623659 0.02870283 1 0.05235064 0.49894066 0.23065889 0.01704969 0.02753086
178,MVI_39771_img00287_jpg.rf.b31f2c1dc66a7093b1afe755789d40f1,1 0.87884510 0.43049207 0.75408645 0.10762548 0.22941465 1 0.86802256 0.45327940 0.33618774 0.03643360 0.05854888 3 0.86695892 0.69387083 0.31902416 0.08705368 0.14156260 1 0.77242738 0.44698958 0.28491745 0.02709637 0.04466009 1 0.75046456 0.50955219 0.27737694 0.02769127 0.04587231 1 0.75020730 0.48311157 0.26200545 0.02213478 0.03476877 1 0.32344595 0.33615913 0.31565611 0.03660259 0.04448233 1 0.06186068 0.57296677 0.20950775 0.01675739 0.02486258
179,MVI_39771_img00339_jpg.rf.e1a5fc67c3245c519a1cc40096fed80e,1 0.89656854 0.36843288 0.55709877 0.08379865 0.13633156 1 0.84972864 0.37070065 0.40625838 0.05018444 0.07688677 3 0.84063625 0.66500630 0.29258971 0.06335478 0.11014128 1 0.81821567 0.45812302 0.32605591 0.03146267 0.05021906 1 0.81444383 0.48700604 0.40865831 0.04858122 0.09265375 1 0.47268087 0.26805882 0.37786782 0.05495520 0.06991506 1 0.45833546 0.61448154 0.25173535 0.03315010 0.03490934 1 0.08396602 0.49222937 0.23473177 0.01720209 0.02715073
180,MVI_39771_img00399_jpg.rf.8bd3c90aeef36aeea6809a127862e81c,1 0.89866990 0.37176471 0.52549887 0.07342234 0.11880608 1 0.78977621 0.47687936 0.27643542 0.02797527 0.04029837 3 0.75323981 0.63991766 0.25807490 0.04789219 0.08692322 1 0.36616281 0.57559757 0.23558164 0.02154284 0.03151107 1 0.35532495 0.46236439 0.25102339 0.02044926 0.03236322 1 0.21415730 0.49574308 0.24030399 0.01598244 0.02852373 1 0.11647943 0.46976118 0.26635284 0.02493706 0.03723049
181,MVI_39771_img00432_jpg.rf.a594b4128f2c45de7707f8c90882c9c6,1 0.87189227 0.17054411 0.91187649 0.20039308 0.17451611 1 0.81539792 0.46035509 0.32006850 0.03417854 0.05124617 1 0.75046188 0.48913946 0.25911183 0.02138920 0.03170509 3 0.61241007 0.62984014 0.24584093 0.03863573 0.07415280 1 0.35166216 0.44309759 0.27344303 0.02632103 0.03870592 1 0.32405153 0.56307936 0.22843645 0.01699963 0.02645898 1 0.14545791 0.68645959 0.28121588 0.02812653 0.03386102 1 0.13713290 0.48181515 0.22944493 0.01724987 0.02487450 0 0.05934740 0.63105469 0.24630516 0.03683653 0.07420592
182,MVI_39771_img00469_jpg.rf.cdeb5ff0d7ad4c8b1cfbb552523d3fcd,1 0.86490160 0.42279534 0.41036491 0.04923658 0.07947092 1 0.83007848 0.41174841 0.32678275 0.03419924 0.05084176 1 0.82921022 0.47322006 0.29219358 0.02925234 0.04019098 3 0.31231654 0.62067146 0.23462477 0.03389473 0.06655798 1 0.26028791 0.49647398 0.24964771 0.01669445 0.02502136 1 0.21979843 0.46886826 0.24320977 0.02194595 0.02857533 1 0.06481649 0.68569441 0.28355217 0.02724323 0.03390665
183,MVI_39781_img00094_jpg.rf.aa8b8184f506c6882fba87c09c75a0f2,1 0.92289269 0.45065068 0.67782359 0.21225531 0.34737997 1 0.89699656 0.59388571 0.37474594 0.14488335 0.13143616 3 0.06822522 0.01079096 0.19514716 0.02121309 0.22067919 1 0.05186908 0.07144008 0.09652463 0.02975640 0.04598925
184,MVI_39781_img00264_jpg.rf.c417ef699d0eafa11aa46762930d1051,1 0.83201301 0.14834454 0.20204794 0.05143008 0.07939482 3 0.19245671 0.01139302 0.20016096 0.02278584 0.14816246
185,MVI_39781_img00298_jpg.rf.2c224a4602aa34a6c1d6fd95fbea7ae8,1 0.90357065 0.23948839 0.35207767 0.08765783 0.13121367 3 0.33876285 0.01443703 0.20322535 0.02887386 0.13999548
186,MVI_39781_img00611_jpg.rf.c1ea2294221fcaabec7a20b9eb5377e4,1 0.90825957 0.66231689 0.43537202 0.16080551 0.15110636 1 0.85261738 0.38996167 0.19248205 0.06289139 0.06981318 1 0.82527035 0.33503234 0.19665667 0.05933070 0.06864612 1 0.63316333 0.15594378 0.12637959 0.03884909 0.05452809 3 0.08345561 0.01320579 0.20330570 0.02627065 0.18040538 3 0.08022672 0.01020214 0.06419990 0.02040408 0.12839960
187,MVI_39781_img00626_jpg.rf.974649cb0e1954891e00021cda4c87d6,1 0.86518848 0.46098914 0.28616433 0.09758091 0.09969378 1 0.83302438 0.33356047 0.15957021 0.05057402 0.06022136 1 0.78753400 0.27281837 0.15188010 0.04664054 0.05535979 1 0.73986560 0.18074604 0.15622789 0.04391096 0.06314218 3 0.07716496 0.01051461 0.06449703 0.02102902 0.12899386 3 0.07070518 0.01407708 0.20699992 0.02815396 0.16978561
188,MVI_39781_img00632_jpg.rf.63ead886803207ef890681992c6802ec,1 0.87157309 0.41280971 0.24808321 0.08169489 0.08730764 1 0.79497969 0.31520057 0.14877229 0.04804621 0.05318475 1 0.79422820 0.19378704 0.16937709 0.04866321 0.06757364 1 0.70096064 0.25621128 0.13692565 0.04303904 0.05182476 3 0.06059998 0.01363760 0.20922325 0.02727501 0.16446109
189,MVI_39781_img00634_jpg.rf.f8854697b1c4e29e1d1703a26b23a9b2,1 0.85097659 0.39716134 0.23884296 0.07854977 0.08497745 1 0.79824287 0.19725320 0.17519479 0.05096602 0.06895070 1 0.78417468 0.30848610 0.14541881 0.04658966 0.05424538 1 0.58599746 0.24941883 0.13231499 0.04000854 0.04763055 3 0.06819321 0.01399354 0.20926659 0.02798688 0.16811709
190,MVI_39781_img00841_jpg.rf.61118a6e23bd3e192120497a36bb1494,1 0.91131437 0.36412554 0.35813851 0.10702400 0.14998102 1 0.90583926 0.82976704 0.52696424 0.17652912 0.17090769 1 0.88085836 0.44121222 0.21811411 0.07384186 0.07828755 1 0.79574043 0.26692863 0.14333948 0.04240274 0.05278990 3 0.45066074 0.08003955 0.13772926 0.06127099 0.13133898 1 0.34941596 0.28381033 0.10244645 0.03519239 0.04601071 1 0.10445791 0.11690385 0.12386206 0.03136058 0.04874763 1 0.07290521 0.22683918 0.08988141 0.03219371 0.04079411
191,MVI_39781_img00993_jpg.rf.c5edcb8a593e61313ced898671b21536,1 0.90715760 0.44043225 0.27554319 0.08901999 0.09202962 3 0.90454388 0.17810247 0.40680375 0.18619347 0.38689499 1 0.89079881 0.66507225 0.34768388 0.13222523 0.11676517 1 0.84975016 0.23355198 0.27949505 0.06633749 0.09949646 1 0.79603153 0.27626438 0.12086515 0.04222488 0.05179043 3 0.78163743 0.07771285 0.13673344 0.06107444 0.11720085 1 0.69706702 0.17446411 0.13356490 0.03812823 0.05151458 1 0.16609497 0.21415317 0.08464729 0.02647529 0.03554280
192,MVI_39781_img01465_jpg.rf.72626da7f741b98368f7d0faf080471c,3 0.94004750 0.82313137 0.30708966 0.35373706 0.38349810 3 0.91536087 0.15514714 0.33658943 0.16430624 0.30650311 3 0.90191084 0.52600474 0.17539835 0.17827539 0.16310635 1 0.89935672 0.47696505 0.24923534 0.08827686 0.08598881 1 0.75870466 0.19197078 0.17724813 0.04884515 0.06839392 1 0.23448665 0.05833949 0.14648778 0.03547709 0.05567710 0 0.14430657 0.16084611 0.08322277 0.04130387 0.10503502 1 0.06008048 0.06469309 0.11057656 0.03248010 0.04595342
193,MVI_39781_img01644_jpg.rf.30e25ec41617b7e0def48a68c028608d,3 0.93495667 0.82418713 0.30812156 0.35162554 0.38823781 0 0.91848087 0.40130957 0.29705472 0.14736960 0.33326445 3 0.82825899 0.29835153 0.63066602 0.33250399 0.70495558 1 0.74584842 0.21689365 0.27680323 0.06899109 0.08005037 1 0.49617708 0.22058053 0.09039746 0.03314972 0.03795480 1 0.35785556 0.05588639 0.14472759 0.03560159 0.05346398 3 0.27177203 0.26097860 0.06184844 0.05869293 0.07473301
194,MVI_39781_img01776_jpg.rf.5fc8c18df4c4bc3c4084c4bb629fd535,3 0.92075801 0.59581823 0.19145246 0.23768082 0.24700422 3 0.81644332 0.90499725 0.44142884 0.18960838 0.40306666 1 0.30608681 0.05520541 0.14926621 0.03595823 0.05385306 3 0.08070988 0.03623329 0.51812468 0.07246637 0.54879885
195,MVI_39801_img00105_jpg.rf.198c6df38479320bb30bf4d93213d58e,1 0.90660858 0.49488411 0.45028243 0.12005939 0.10642271 1 0.89610064 0.21631272 0.74234238 0.14916372 0.22429276 1 0.87969041 0.23155270 0.32146182 0.05777740 0.05853519 1 0.72565299 0.59794540 0.37498431 0.09459038 0.07523499 1 0.19470350 0.57836695 0.38873863 0.11133327 0.08497734 1 0.15867685 0.07215617 0.86130209 0.14421443 0.27652874 1 0.09832826 0.99327469 0.54241047 0.01338158 0.12780991
196,MVI_39801_img00176_jpg.rf.b887b8db11e6aebd7fbedef2a7f8f904,1 0.91121787 0.81150782 0.60220375 0.20097728 0.17914610 1 0.87258029 0.63147793 0.36693122 0.09138508 0.07063928 1 0.80722672 0.33130569 0.29242063 0.05191336 0.04382339 1 0.78285283 0.23801346 0.25921769 0.03678761 0.03865881 1 0.12804399 0.19043117 0.25038233 0.03486762 0.03317909
197,MVI_39801_img00354_jpg.rf.cd2ae4a6a1f245dbd12bdf205ff6c07f,1 0.87424493 0.65102215 0.38138397 0.10321026 0.07464786 1 0.85487080 0.25765567 0.35853634 0.06981506 0.06974430 1 0.84964019 0.25853071 0.30980849 0.05532141 0.05796099 2 0.82620192 0.54004159 0.43600483 0.13059330 0.14875116 1 0.81250554 0.40877399 0.30038290 0.06966648 0.04821262 1 0.81119728 0.31121516 0.24585462 0.04599743 0.04436512 1 0.80082071 0.34498692 0.29964499 0.06117802 0.05106845 1 0.78930748 0.11246691 0.95509624 0.22493362 0.08946571 1 0.73734194 0.71926794 0.64468031 0.20511303 0.20499363 1 0.65940857 0.22169886 0.23429563 0.03320637 0.03656578 1 0.54984808 0.09888397 0.26151128 0.04087459 0.04389858 1 0.29001555 0.54023852 0.43594741 0.12834387 0.14881518
198,MVI_39801_img00378_jpg.rf.b8cc6aef6b505beab54572dc8e14a4c7,1 0.90263534 0.42278452 0.46244869 0.11496668 0.10910549 1 0.87712210 0.35521052 0.37084894 0.07682586 0.08264132 1 0.84310889 0.46248708 0.31524277 0.07246027 0.05496731 1 0.80854928 0.30653300 0.26392765 0.05221596 0.04202003 1 0.80801618 0.14851314 0.29116693 0.05184784 0.05385776 1 0.79080528 0.09750724 0.95063042 0.19501428 0.09873896 2 0.62575352 0.84323940 0.58395491 0.21369762 0.23104706 1 0.60575694 0.24789402 0.26313369 0.04421668 0.04096136 1 0.59764642 0.24951282 0.22867517 0.03896294 0.03813372 1 0.46675646 0.98916750 0.51969433 0.02166481 0.10833416 0 0.44865593 0.84191456 0.58802576 0.21124210 0.23638954 1 0.29756960 0.17433827 0.22015128 0.02902346 0.02937613 1 0.10527228 0.24852974 0.24057522 0.04184809 0.03607969 1 0.05072311 0.08191718 0.25671854 0.02955060 0.04296675
199,MVI_39801_img00392_jpg.rf.d96a8829f40bf4e4361de8001784dca6,1 0.91231513 0.60720582 0.56983929 0.17239361 0.16747856 1 0.89814675 0.43883580 0.42266368 0.09952815 0.10519278 1 0.87432116 0.19081111 0.31552250 0.06063843 0.06283007 1 0.86713010 0.83260431 0.43560160 0.13611965 0.09200385 1 0.84953326 0.39157848 0.28756397 0.06025591 0.04985142 1 0.79297662 0.09464864 0.94846687 0.18929708 0.10306606 1 0.76089430 0.26466632 0.24573665 0.04492550 0.03800135 1 0.66626674 0.20915690 0.24410121 0.03318871 0.03606339 1 0.47619024 0.22182162 0.21755628 0.03219571 0.03539268 1 0.11105244 0.09799265 0.22542486 0.03102340 0.03571081
200,MVI_39801_img00394_jpg.rf.931163b113af18e9753428eb2eea0988,1 0.90753800 0.64005446 0.59387035 0.18082151 0.17380857 1 0.89613283 0.45403671 0.43348446 0.10288210 0.10917559 1 0.88504297 0.19743137 0.32087069 0.06327529 0.06423554 1 0.87094754 0.80621500 0.42572603 0.13046627 0.09504385 1 0.84173125 0.38269022 0.28495739 0.05905271 0.05008326 1 0.78505349 0.09122154 0.94920039 0.18244288 0.10159902 1 0.75173914 0.25919595 0.24482505 0.04497957 0.03598228 1 0.65945441 0.20422323 0.24249501 0.03087626 0.03608265 1 0.45315081 0.21907148 0.21786606 0.03173285 0.03446717 1 0.07566816 0.10040798 0.22962637 0.03028188 0.03436670
201,MVI_39801_img00601_jpg.rf.39ec29110b67bd4fdb9fcd203b07ea0c,1 0.90323102 0.66995239 0.56518707 0.17940235 0.17005291 1 0.89423525 0.69386625 0.36225643 0.11778622 0.08969173 1 0.88404769 0.84815474 0.47524724 0.16306152 0.11445389 1 0.88333911 0.29971168 0.34022985 0.07751927 0.08922482 1 0.80527312 0.39535360 0.24505394 0.04197206 0.04356527 1 0.80245095 0.17971733 0.27660320 0.04889684 0.05615540 1 0.78599870 0.35695958 0.25750008 0.05464592 0.04464817 1 0.41489536 0.22295389 0.21782164 0.03113360 0.03685313 1 0.08135203 0.17931898 0.19622068 0.02158637 0.02884541 1 0.07656747 0.19481721 0.18220582 0.03007078 0.03230729
202,MVI_39801_img00821_jpg.rf.e9cfeacb65e13e2ace78d2f81b603229,1 0.86168271 0.20617738 0.27893429 0.05118499 0.06102819 1 0.84451807 0.41032882 0.26090686 0.06135607 0.05269413 1 0.82415116 0.29694500 0.22008666 0.04966049 0.04445239 1 0.79761487 0.47743268 0.30767510 0.07144527 0.05925474 1 0.58631790 0.26617844 0.19828813 0.03413539 0.03905501 1 0.16934557 0.19513609 0.17231363 0.03359847 0.03615100 2 0.10694705 0.28032284 0.17840048 0.02639303 0.03257453 1 0.08776555 0.18070309 0.18982702 0.02799125 0.03174961 1 0.05307564 0.01391437 0.29781337 0.02603728 0.05732493
203,MVI_39801_img00849_jpg.rf.c07ea46425b79675639f4f7830b3b142,1 0.88981330 0.34309278 0.36600368 0.08663197 0.09306931 1 0.78004432 0.32651668 0.22857285 0.05337934 0.04222651 1 0.63125294 0.23179979 0.19592003 0.04409280 0.03989575 1 0.62430716 0.33694654 0.25983698 0.05443211 0.04904256
204,MVI_39811_img00032_jpg.rf.715df6a61841e24974defa877458e790,1 0.85248113 0.43194089 0.28644104 0.07789803 0.06492405 1 0.78229952 0.27054515 0.22291541 0.04895635 0.04540052 1 0.39930329 0.22876322 0.20076301 0.03260560 0.02853575 1 0.19697076 0.22170310 0.17247810 0.03122082 0.03254690
205,MVI_39811_img00190_jpg.rf.b89f672813f5cda378b35db3ceb83d05,1 0.82634366 0.42975636 0.26375802 0.06162539 0.05163636 1 0.77022356 0.24731410 0.19575148 0.03966637 0.03885469
206,MVI_39811_img00773_jpg.rf.017c7c37ab24c17fafbc73f381813e58,1 0.88100082 0.65397062 0.62507553 0.20334778 0.20867176 1 0.60856020 0.23462422 0.18243965 0.03461576 0.03753078 1 0.10921103 0.25554223 0.16835361 0.04459448 0.03805833 1 0.10173084 0.24317248 0.17014892 0.03346896 0.03751884
207,MVI_39821_img00138_jpg.rf.aac801a121db922c3964d87535027eb2,1 0.90554976 0.49386377 0.38034067 0.10163689 0.12488489 1 0.86262411 0.63888702 0.28529513 0.08146648 0.07385230 1 0.84079891 0.24334435 0.26155972 0.04317188 0.05563459 1 0.53257018 0.95492535 0.41120425 0.08903618 0.09787996 1 0.43704242 0.21338750 0.19955347 0.02986134 0.03769593 2 0.05154555 0.95472050 0.41021986 0.09030838 0.10097723
208,MVI_39821_img00180_jpg.rf.96fb0036993e26d8e343ca1d3ad8baf4,1 0.87740374 0.35936112 0.38714783 0.07954140 0.09716992 1 0.86062646 0.62085199 0.28179266 0.07452526 0.06408935 1 0.83201134 0.46057854 0.22496490 0.05235863 0.05092735 1 0.78453195 0.27774749 0.25256205 0.04285622 0.04879141 1 0.55203009 0.21577260 0.20830041 0.03545623 0.04317693
209,MVI_39821_img00282_jpg.rf.91e85d399b2d796bf5e82809ac0f0f65,1 0.91326225 0.61640348 0.48835506 0.14494705 0.15991058 1 0.87921596 0.38234670 0.29307466 0.05870843 0.06006584 2 0.87203020 0.50898476 0.25310655 0.06739712 0.06747866 1 0.66845053 0.35053363 0.19381948 0.03397293 0.03475566 1 0.26002607 0.30467014 0.17768152 0.02682548 0.03493557 1 0.13770665 0.37482195 0.17906832 0.02810240 0.03085251 1 0.12960818 0.35400755 0.18239965 0.02871461 0.03439021 1 0.06162613 0.33580804 0.17569439 0.02373123 0.03016663
210,MVI_39821_img00480_jpg.rf.5d6031c326c4a65e9d994455e97603b9,1 0.87855941 0.44139738 0.36920774 0.06665440 0.08411136 3 0.86890709 0.78698759 0.71733131 0.41436653 0.55876846 1 0.86558306 0.77455616 0.38637526 0.11128120 0.08526788 1 0.65610981 0.30553493 0.20275870 0.02889543 0.03489398 1 0.56223357 0.22261171 0.23617215 0.03214755 0.04177284 1 0.53268200 0.24298401 0.21234696 0.03126221 0.04158072
211,MVI_39851_img00040_jpg.rf.257d1d2b678583dd735b99fe95a59ac8,1 0.89276570 0.20515804 0.69400005 0.16362042 0.31790600 3 0.88205707 0.69709396 0.14429536 0.12133923 0.17912874 1 0.80917174 0.42093821 0.08982685 0.03389845 0.05250033 1 0.80527997 0.42175508 0.18597094 0.04928846 0.07933152 1 0.70885104 0.56804600 0.05925833 0.02910366 0.04822528 1 0.41352355 0.14251933 0.97530131 0.28503847 0.04939718 1 0.34746045 0.42510757 0.13292600 0.03711147 0.06255517 1 0.16123143 0.29424450 0.11235179 0.06484013 0.06531157 1 0.08570693 0.54654627 0.01435475 0.03222542 0.02870931
212,MVI_39851_img00089_jpg.rf.56454fa3014229711cf5f99e236aba8c,1 0.91273642 0.25220108 0.62437081 0.15256257 0.28168344 1 0.87043029 0.37417703 0.19339733 0.05451174 0.08628635 3 0.84826672 0.65728965 0.10015153 0.08831205 0.13959780 1 0.19924188 0.55867195 0.02160583 0.02600384 0.03984757 1 0.15342860 0.24824264 0.13588278 0.05135021 0.06382241 1 0.08506170 0.54182234 0.00571972 0.03444939 0.01100996
213,MVI_39851_img00314_jpg.rf.4ccff0b38055c595f9e849b870e77cd0,1 0.84474564 0.41284966 0.14568470 0.04236994 0.06708188 1 0.34023649 0.48419662 0.05670167 0.02913561 0.04188171
214,MVI_39851_img00438_jpg.rf.f93a81489fc6f65eaababee6c4c5ae7b,1 0.86911178 0.29250107 0.52518806 0.11609426 0.20968513 1 0.86317515 0.65117993 0.22680776 0.05808325 0.08502278 1 0.66239458 0.41653978 0.07501870 0.03783338 0.04608612 1 0.37712291 0.49339857 0.07483178 0.02418880 0.04166356
215,MVI_39851_img00503_jpg.rf.71cb4c1ad118729726ed3ce843599e01,1 0.85362101 0.43259679 0.30733404 0.06615217 0.11158791 1 0.46576121 0.57959003 0.05726766 0.03116798 0.03992004 1 0.44969514 0.44880056 0.10818982 0.03544044 0.05175028
216,MVI_39851_img00506_jpg.rf.cb492d01e1b7ac48d80a1357a8a5ff6f,1 0.85621649 0.42318554 0.33830318 0.07088280 0.12540503 1 0.65913415 0.44808168 0.11229410 0.03542633 0.05176868 1 0.43352965 0.57744536 0.05460640 0.02980528 0.03650537 1 0.10226513 0.44788771 0.08352309 0.02688198 0.04276949
217,MVI_39851_img00515_jpg.rf.927f389df6c6a4b5be08ee649ca03c8c,1 0.88619196 0.38318470 0.46360760 0.09799800 0.18641663 1 0.71332633 0.44210711 0.11962738 0.03543625 0.05931435 1 0.18941447 0.57168550 0.04216816 0.02550774 0.03495572 1 0.15370038 0.44298620 0.08899572 0.02847347 0.04339478 1 0.09969053 0.38182182 0.09470792 0.03416548 0.04634513 1 0.09178866 0.46113658 0.05659682 0.02362213 0.03874032
218,MVI_39851_img00563_jpg.rf.b07d0d89d8a86ddd9a5de021b5ae4dfc,1 0.91158754 0.91050591 0.76872821 0.17898798 0.33382158 1 0.85675204 0.39114652 0.23717508 0.06278305 0.09665756 1 0.81802934 0.40254331 0.14930694 0.03994341 0.06194792 1 0.34612796 0.44793072 0.08793094 0.02701092 0.05090508 1 0.13972253 0.50342064 0.06429577 0.02433720 0.04088269 1 0.05743109 0.37557859 0.09539478 0.04464340 0.04931060
219,MVI_39851_img00590_jpg.rf.3d6b299240272dea56d5657db9402251,1 0.87579995 0.74694767 0.39175808 0.10004215 0.13280854 1 0.86239672 0.31938758 0.42975205 0.10368133 0.17772067 1 0.85090381 0.36061435 0.23267232 0.05999727 0.08784951 1 0.79007494 0.43827534 0.13146127 0.03512650 0.05616939 1 0.48237294 0.49877625 0.09986501 0.02904091 0.04959760 1 0.19973333 0.47980576 0.05995898 0.02358952 0.04273839
220,MVI_39851_img00707_jpg.rf.cfabd72541f1db8c9fb8566fbd38c14b,1 0.81866324 0.41463861 0.22976469 0.06005983 0.09951793 1 0.80594522 0.40182610 0.16941918 0.04472618 0.06913321 1 0.78828061 0.60726004 0.09373884 0.03076706 0.04552573 1 0.67529494 0.49983921 0.13566294 0.03010044 0.05340993 2 0.41731092 0.46921067 0.06632234 0.03871403 0.07323107 1 0.28500822 0.13246849 0.97928285 0.26493678 0.04143410 1 0.12783529 0.39826295 0.09891576 0.03081822 0.04321628 1 0.12169070 0.36325288 0.11437284 0.04887972 0.05767827 1 0.09983459 0.37458022 0.10836388 0.03842654 0.05822785
221,MVI_39851_img00778_jpg.rf.7cbebe2774afdf10659b0c1d229fdddc,1 0.89189351 0.14223514 0.89721677 0.21140032 0.20282178 1 0.87178206 0.10135290 0.68620362 0.19869648 0.32645884 3 0.86831248 0.42547832 0.12349203 0.08251438 0.13278539 1 0.80072987 0.43517712 0.51289377 0.08781340 0.21954584 1 0.26285413 0.59020319 0.05082496 0.02311954 0.03566389 1 0.07181604 0.47846880 0.08131751 0.02129011 0.03845116
222,MVI_39851_img01050_jpg.rf.248b039c285be9c1d88619049b72a796,3 0.90440768 0.21679302 0.37613602 0.25208243 0.42794676 1 0.87625855 0.72266340 0.40154548 0.09757671 0.13837585 1 0.87613392 0.33554673 0.46133695 0.10256414 0.18956547 1 0.82908523 0.46262178 0.26429832 0.04942417 0.08987489 1 0.82818061 0.49025040 0.17129918 0.04148102 0.06835315 1 0.81823939 0.40716504 0.18720229 0.04265597 0.07220621 1 0.76578701 0.46438704 0.11135797 0.02958755 0.04686714 1 0.30797127 0.36383700 0.11605761 0.05065365 0.05505474 1 0.19141872 0.33422012 0.13445621 0.04692416 0.06109447
223,MVI_39851_img01068_jpg.rf.0209c32c75633b67eb3c0254bf239458,3 0.90954453 0.22106602 0.37954791 0.25822725 0.43484168 1 0.88376164 0.67023211 0.27173026 0.06494427 0.09507022 1 0.84414768 0.24526906 0.71446810 0.16551685 0.33692799 1 0.81931692 0.41055942 0.21996906 0.04707022 0.08475642 1 0.81391972 0.48694019 0.22057731 0.05408611 0.08082275 1 0.75398231 0.46957331 0.13344858 0.03240814 0.04682865 1 0.64973414 0.44939132 0.37045708 0.06550665 0.12976027 1 0.36348239 0.36253910 0.11744881 0.05456524 0.05059843 1 0.12439967 0.33996623 0.12973196 0.05476828 0.06863266 2 0.10592593 0.44941483 0.36889400 0.06553211 0.13301363 1 0.08317690 0.50640135 0.09380800 0.02133026 0.03804452 1 0.07947518 0.46912036 0.06982611 0.02066994 0.03221729
224,MVI_39851_img01084_jpg.rf.c58b7866d9793c79d0d7455013f0a947,3 0.89866209 0.21718729 0.37449188 0.26040854 0.42115574 1 0.86959445 0.42219955 0.56634951 0.09987924 0.21800432 1 0.86858201 0.64491882 0.20256358 0.04993420 0.07371491 1 0.85881054 0.40598488 0.26194754 0.05531721 0.10253630 1 0.83937472 0.48239636 0.28213875 0.06545944 0.10482888 1 0.76012748 0.47192469 0.15357640 0.03547192 0.05340409 1 0.36304244 0.36069570 0.11704220 0.06255379 0.05804325 1 0.27481583 0.46293898 0.09049402 0.02825890 0.04424523 1 0.11324967 0.08665563 0.96618404 0.17177265 0.06763172 1 0.06316505 0.16404393 0.28488879 0.05463443 0.07033119 1 0.05941146 0.49901953 0.10567307 0.03044739 0.05155420
225,MVI_39851_img01146_jpg.rf.f04deda681293aebfd608ba8a250368f,1 0.90827894 0.13144722 0.86513078 0.24015880 0.26865773 3 0.90552658 0.21927886 0.37379758 0.26375065 0.42779489 1 0.87005544 0.65392070 0.21005539 0.04994078 0.07113429 1 0.85885835 0.45916390 0.34201992 0.06260786 0.11754155 1 0.79682088 0.43416667 0.17689995 0.04134960 0.05963013 1 0.65973663 0.43234501 0.10050611 0.03068085 0.04521101 1 0.60749489 0.59701486 0.08697720 0.02957067 0.04117579 1 0.39311570 0.46843243 0.09106237 0.02418480 0.03851266 1 0.21075267 0.47702093 0.22726364 0.03870382 0.07236476 1 0.17292884 0.37488389 0.11361444 0.04734879 0.05240478 1 0.13426268 0.47642164 0.08854394 0.02618122 0.04022636 1 0.11637931 0.43553600 0.13774264 0.03409481 0.04793372 1 0.08299143 0.16611974 0.28009033 0.05371690 0.06912451 1 0.06679812 0.47947121 0.07657540 0.02324286 0.04062515
226,MVI_39851_img01297_jpg.rf.c501878e61da9ffb0a12801ea3535e2f,3 0.84804583 0.15398342 0.56858244 0.30796664 0.67713032 1 0.80024284 0.42830324 0.23156970 0.05248280 0.08782015 1 0.78685659 0.39280725 0.20077715 0.04544153 0.06951714 1 0.71449655 0.45776739 0.15406287 0.03400364 0.05279078 1 0.63649786 0.44892569 0.11976985 0.03567429 0.05049906 1 0.23937720 0.38257065 0.11163282 0.04018545 0.04751458
227,MVI_39851_img01305_jpg.rf.d7613d3224e7490ab0944515bb793963,1 0.83152956 0.42087584 0.25278535 0.05704126 0.09438972 3 0.82030654 0.15276859 0.60150619 0.30209274 0.74402781 1 0.80036211 0.44834738 0.12361841 0.03633366 0.05322461 1 0.76504916 0.39306877 0.20970013 0.04486613 0.06965084 1 0.72749722 0.45497112 0.16314477 0.03508101 0.05211067 1 0.44060889 0.38379974 0.11260968 0.03956490 0.04756024 1 0.26840401 0.45205212 0.14927799 0.03834028 0.06457484 1 0.26226914 0.46861067 0.07181226 0.02446575 0.03297257
228,MVI_39861_img00229_jpg.rf.5cfcc70820148ac53778a87967abbeff,1 0.87186944 0.49435339 0.37282684 0.08431721 0.08986974 1 0.73059678 0.92427978 0.85163670 0.15144024 0.29456310 1 0.68881977 0.25894403 0.21264400 0.02886887 0.03461323 1 0.14848098 0.13367474 0.29265368 0.03392649 0.05474277 1 0.07674094 0.23827515 0.24465547 0.02512207 0.03672886
229,MVI_39861_img00369_jpg.rf.114355ba3fe5b5b9fa375c6ae2082872,1 0.89114821 0.42834005 0.37064643 0.07123442 0.09166155
230,MVI_39861_img00622_jpg.rf.ca27c76b9a2d16a42539f2e99aebb822,1 0.88925618 0.48269329 0.45298195 0.08695202 0.11340714 1 0.86024344 0.43079925 0.34269192 0.06395683 0.07410874 1 0.71095020 0.41635417 0.21997653 0.03536627 0.04208201 1 0.70067704 0.28990397 0.25269642 0.03749895 0.04553614 1 0.34272921 0.32011185 0.24226923 0.03487444 0.03527117 1 0.07575818 0.30774035 0.24579864 0.03436112 0.04114017 1 0.05548437 0.12340629 0.28435562 0.04162433 0.10483661
231,MVI_39861_img00717_jpg.rf.f86d7d966017be674f1fc8c1cdd71db9,1 0.88666743 0.57390718 0.46478281 0.11211109 0.12184753 1 0.88390112 0.49881301 0.85093035 0.14114256 0.29813910 1 0.35654336 0.25480742 0.21672955 0.02288513 0.03056121 1 0.31757838 0.28182898 0.22753253 0.02571278 0.03055229 1 0.13463153 0.24790854 0.21569798 0.02599430 0.03217497 1 0.09510292 0.26899533 0.22063866 0.02183466 0.03114233 1 0.07561934 0.22715344 0.22921619 0.02669630 0.03711901 0 0.05903653 0.87453587 0.01415360 0.25092806 0.02830700
232,MVI_39861_img00722_jpg.rf.ab8c814a09cb3306eb61a8804c3dbddf,1 0.89525628 0.61547737 0.49612160 0.12711353 0.13427048 1 0.88269955 0.50552740 0.86529803 0.15048046 0.26940374 1 0.24195629 0.25859463 0.21778722 0.02118468 0.03015480 1 0.15707201 0.28465080 0.22812886 0.02571888 0.03101587 1 0.10812405 0.24072695 0.21835933 0.03217793 0.03706884 0 0.08499630 0.87426836 0.01424604 0.25146308 0.02849187
233,MVI_39931_img00109_jpg.rf.99662800f915f4a37aff24a45f1c9cff,1 0.92708129 0.67698526 0.47516170 0.18868217 0.19313965 1 0.90255433 0.40610790 0.39356496 0.13243351 0.15042510 1 0.88151133 0.26827116 0.19551947 0.06837173 0.07683530 1 0.87848485 0.25275280 0.27442675 0.09259930 0.11854591 1 0.87701786 0.18818901 0.20914392 0.06256475 0.08228770 1 0.85923809 0.45897670 0.11035021 0.05933514 0.05260066 3 0.85425258 0.26018481 0.07053008 0.10168638 0.10052636 1 0.73724848 0.09935433 0.10643878 0.04617200 0.05147786 1 0.56864506 0.18402514 0.08928179 0.03833246 0.03900411 3 0.56138539 0.17023000 0.04725171 0.06688540 0.07847813
234,MVI_39931_img00133_jpg.rf.beddde74bb2d6d0ebf3d14ca875ffd7c,1 0.92066067 0.31459866 0.30968359 0.11084037 0.14598584 1 0.91981310 0.55566940 0.52218652 0.18786097 0.21519346 1 0.90918833 0.90747261 0.65535641 0.18304596 0.27131672 1 0.89267749 0.35226269 0.24040717 0.08862257 0.10001136 1 0.88476813 0.21063128 0.21792462 0.06827760 0.09095235 3 0.86979288 0.26187961 0.05885426 0.10063558 0.09895517 1 0.83368891 0.40825118 0.08359855 0.05147231 0.04820805 1 0.58139360 0.12232492 0.10076774 0.04605968 0.05380137 3 0.44831565 0.92633858 0.11385311 0.14664192 0.10701575 3 0.11747565 0.16417205 0.03399743 0.06003551 0.06707501 3 0.06123096 0.22971866 0.03068760 0.14005656 0.05894184
235,MVI_39931_img00281_jpg.rf.8aaf88159b5edaffe4c53f1d52e17555,1 0.91056889 0.42216445 0.27842038 0.10922582 0.12749696 1 0.90139681 0.32328451 0.31434941 0.10201640 0.11743889 3 0.88135982 0.27092364 0.06695170 0.09974856 0.09646692 1 0.86957967 0.18844535 0.19926424 0.05935163 0.07777672 1 0.79893017 0.49233313 0.11482759 0.05773716 0.05580420 1 0.62543666 0.74215641 0.19645920 0.10792122 0.07985492 1 0.59438181 0.96323795 0.89150018 0.07338371 0.21699944
236,MVI_39931_img00325_jpg.rf.30cc57a0dadbb1c54e0d5539575c3846,1 0.92142934 0.67660666 0.63801842 0.23741808 0.26941767 1 0.91399711 0.79849648 0.53553853 0.23047876 0.25682430 1 0.90428591 0.32431393 0.33075087 0.10299921 0.12293434 3 0.88252503 0.27051289 0.07103214 0.09989014 0.09815326 1 0.82833564 0.57392855 0.14871458 0.07223358 0.07106824 1 0.74923074 0.40572424 0.09402952 0.04801121 0.04983492 1 0.18145066 0.06506184 0.07662139 0.03089390 0.04148207 1 0.08253118 0.96078205 0.47665281 0.07819824 0.14108896
237,MVI_39931_img00666_jpg.rf.59478128e5a30477706b6f194a402588,1 0.93058205 0.68979406 0.63510838 0.23906116 0.26922836 1 0.14193529 0.97162952 0.46625509 0.05672722 0.15507183 3 0.09510662 0.94256377 0.11490049 0.11487226 0.09907680 1 0.09131486 0.01798323 0.88379326 0.03596626 0.22497978
238,MVI_39931_img00859_jpg.rf.9e6f3132a63ce9c79d7ebdc445f3f250,1 0.80887139 0.77513642 0.18962646 0.11168242 0.08205504 1 0.35215458 0.10334978 0.07214057 0.02743312 0.03870388 1 0.24080755 0.01294834 0.89244652 0.02589647 0.20278358 3 0.10412892 0.95194926 0.10726262 0.09610128 0.09556670 1 0.08330503 0.27658045 0.95147552 0.07204537 0.09374733 3 0.06827392 0.02303974 0.13554203 0.04490208 0.12245780
239,MVI_39931_img01089_jpg.rf.18ad055f58a52e15285030db190ed1e6,1 0.86655134 0.39837062 0.24960074 0.10978827 0.13085347 1 0.84694284 0.66341772 0.16690797 0.08810959 0.07218306 3 0.20891695 0.89447651 0.11597457 0.21104679 0.10201643
240,MVI_39931_img01264_jpg.rf.e00e60d484a04e7121095178f04579f5,1 0.91394573 0.61313276 0.40463552 0.15002403 0.18094578 1 0.11886086 0.01569715 0.88750725 0.03139410 0.21639633 3 0.08459095 0.94471888 0.10535353 0.11056204 0.11059909
241,MVI_40131_img00319_jpg.rf.44b4d2892bba37adf263d5c0c3d54a79,1 0.90518469 0.38704505 0.59796371 0.11599293 0.19235382 1 0.88832676 0.24813089 0.42583818 0.08847561 0.12527256 1 0.88794667 0.37549999 0.43182788 0.07320046 0.12419224 1 0.88567144 0.67576504 0.53975263 0.10277081 0.17437181 1 0.87043089 0.31496906 0.25109847 0.05817790 0.07171359 1 0.85900158 0.59028978 0.28234596 0.04841747 0.07547255 1 0.85206813 0.43627787 0.20387754 0.03737755 0.06048547 1 0.84798861 0.25300436 0.31496935 0.09194913 0.08490553 1 0.84187531 0.37187223 0.20658994 0.04389601 0.06668816 3 0.82546240 0.07617753 0.66310967 0.15168093 0.57767928 1 0.78606492 0.45973072 0.16640399 0.02916298 0.04765301 1 0.66935468 0.40596561 0.15833884 0.03122129 0.05038457 1 0.49798754 0.59664059 0.14568563 0.02988300 0.04670272 1 0.31638917 0.45611734 0.12709739 0.02456703 0.04097943 1 0.25910786 0.49744511 0.13848047 0.02630215 0.04259939 3 0.14013025 0.43248796 0.09041944 0.03745651 0.07723553
242,MVI_40131_img00349_jpg.rf.e9081645fdbb0741779fb3640831993a,1 0.91129893 0.33114142 0.58420091 0.10981011 0.17928505 1 0.89920133 0.23229954 0.48313341 0.08876472 0.14508963 1 0.88625860 0.64203758 0.32805519 0.06191177 0.11249313 1 0.88161528 0.28448479 0.33394721 0.07009892 0.09554195 1 0.86754560 0.31024044 0.25175052 0.05303044 0.07415266 1 0.85340685 0.42569618 0.22992653 0.04242210 0.06641198 1 0.85226703 0.36586332 0.21246235 0.04478111 0.06841950 1 0.84839517 0.46571178 0.18560915 0.03407974 0.05677562 1 0.83825326 0.57776980 0.21789320 0.04028988 0.06149673 1 0.78698021 0.39839242 0.17350545 0.03331485 0.05396118 3 0.77764702 0.05749094 0.70623622 0.11498168 0.58752737 1 0.70665461 0.49279909 0.15518661 0.02820234 0.04456625 1 0.69833690 0.24428051 0.95224009 0.21105309 0.09502411 3 0.47612292 0.42239609 0.09871716 0.04091110 0.08571621 1 0.47584346 0.45045199 0.14138409 0.02850847 0.04693897 1 0.16310395 0.49615841 0.13142630 0.02605324 0.04460247 1 0.08500895 0.59028540 0.12028379 0.02593994 0.04097314 1 0.05782595 0.46942205 0.10346130 0.02243328 0.03698747
243,MVI_40131_img00496_jpg.rf.f913c71628dcec98a479f98845f21f06,1 0.93021941 0.41983243 0.65691710 0.11309698 0.20649195 1 0.91255313 0.24025627 0.64717875 0.13097190 0.21196547 1 0.89146715 0.44927969 0.40182449 0.06813192 0.12152784 1 0.87041032 0.47718043 0.25962203 0.04616489 0.07746663 1 0.85945338 0.35171278 0.33084531 0.06575131 0.10956306 1 0.85818905 0.41348138 0.22507145 0.04063473 0.06668515 1 0.85109359 0.31018195 0.24999228 0.05391388 0.07492599 3 0.82386029 0.38015866 0.15704011 0.06118031 0.11664217 3 0.81380236 0.92967057 0.61372209 0.14065866 0.54295626 1 0.80703962 0.36541524 0.27442486 0.05277700 0.07447805 1 0.80586863 0.47951717 0.19534826 0.03539171 0.05855236 1 0.78871018 0.44102755 0.17768242 0.03378210 0.05375094 3 0.78011525 0.05047726 0.71207127 0.10095431 0.57585726 1 0.62749499 0.49238424 0.14547459 0.03243504 0.05472248 1 0.27329558 0.96894545 0.34628758 0.06210890 0.09230986 2 0.06450635 0.45058956 0.11709508 0.03408680 0.07738323 1 0.05264727 0.95088787 0.36615644 0.07427025 0.07839346
244,MVI_40131_img00626_jpg.rf.b334d066ebd4e7094a745a4765b0c820,1 0.90637797 0.07310276 0.93119984 0.14620532 0.13603592 1 0.90040416 0.32335324 0.43070508 0.08158646 0.13471334 1 0.89635146 0.41824551 0.51013651 0.08880472 0.16126347 3 0.89504886 0.38494666 0.17358463 0.06290832 0.14626331 1 0.88823992 0.42989726 0.31485739 0.06511002 0.09744797 1 0.87346476 0.48091731 0.23521581 0.05055351 0.09399232 3 0.84578049 0.91711922 0.55962993 0.16386948 0.55745256 1 0.82864892 0.31389630 0.22674156 0.05243201 0.07529095 2 0.77865773 0.45966663 0.17132647 0.04997597 0.11548500 1 0.46068078 0.42167196 0.10985674 0.02839603 0.04486558 1 0.35804752 0.49301305 0.09671218 0.02620983 0.04130511 1 0.13967216 0.98620968 0.31042504 0.02749443 0.10694799 1 0.06076400 0.90807619 0.30660286 0.06046906 0.08747473
245,MVI_40131_img00672_jpg.rf.14540972137fc32f6914ede8d338c12f,1 0.92686617 0.36553936 0.46723784 0.09953823 0.15608218 2 0.90014374 0.46677113 0.20359821 0.05751839 0.13955308 3 0.89404976 0.37638173 0.18609246 0.07130785 0.17024353 1 0.89384836 0.21221070 0.70395527 0.13819170 0.23852806 1 0.88854533 0.45793085 0.32775249 0.06953049 0.12860146 3 0.85144049 0.91709938 0.55469451 0.16400261 0.55829477 1 0.82442826 0.31348393 0.22075348 0.05242314 0.07636361 1 0.75488144 0.20394683 0.26880288 0.10027552 0.08576117 1 0.64136118 0.50049706 0.11773701 0.02905006 0.04617252 1 0.52642077 0.45308695 0.11905924 0.03025379 0.05102375 1 0.28410646 0.41864929 0.12084836 0.02829037 0.05079045 1 0.11403275 0.46158080 0.09111485 0.02721395 0.04189696
246,MVI_40131_img00967_jpg.rf.cc6615157d833ac6e8e6c7ddeeea9a75,1 0.88850325 0.28351619 0.35655942 0.07275257 0.11865110 1 0.88696086 0.34726977 0.30026267 0.06707406 0.10165787 1 0.87682569 0.47896729 0.22341967 0.04874496 0.08447428 1 0.85794020 0.39856181 0.25059543 0.05852232 0.08649826 3 0.85730094 0.07796705 0.61214868 0.15593390 0.54743307 3 0.83991331 0.91680088 0.52996846 0.16588173 0.54638059 1 0.83660197 0.27376361 0.57021699 0.13542452 0.25402203 1 0.83421284 0.29636679 0.25891204 0.05521984 0.09526606 1 0.72340280 0.38629165 0.13556705 0.03607216 0.05833774 1 0.62818527 0.90936184 0.91885796 0.17886505 0.16148224 2 0.30169216 0.90925426 0.91907825 0.18116684 0.15954113 1 0.11096656 0.97205448 0.26331403 0.05589084 0.10353265 3 0.05085994 0.01761506 0.34525731 0.03522992 0.24909797
247,MVI_40131_img00983_jpg.rf.ccbe3bb15fb41cd21fd3153a426eaa64,1 0.90474808 0.80164709 0.63757205 0.14729233 0.23808212 1 0.90237314 0.33976533 0.31514180 0.06894717 0.10427089 1 0.89101475 0.28582847 0.38622513 0.07342172 0.13058701 1 0.87988585 0.47803822 0.24676032 0.05215034 0.08807278 1 0.87727118 0.39209425 0.26619205 0.06355519 0.09039016 3 0.85217708 0.07450642 0.66098671 0.14901264 0.64372025 1 0.84393030 0.29336481 0.26902993 0.05666571 0.09236684 1 0.80023056 0.21829730 0.70012040 0.17139386 0.32799597 3 0.79766899 0.91705418 0.53288751 0.16465187 0.55012770 1 0.78608531 0.37954841 0.14437556 0.03671045 0.05915103 1 0.23961753 0.08527845 0.29847183 0.07022603 0.07986765 3 0.18100668 0.97682462 0.27533154 0.04635057 0.18132787 3 0.06820736 0.01309621 0.35901952 0.02619222 0.20090237 1 0.06813675 0.49858131 0.07337108 0.02752914 0.05281593 1 0.06563255 0.00964525 0.33856449 0.01927221 0.11497779 1 0.06220718 0.05064035 0.24413521 0.08880069 0.08161788 2 0.06081346 0.00911822 0.33476295 0.01809168 0.14215412 1 0.05409784 0.90778999 0.28439693 0.06329842 0.08934278
248,MVI_40131_img01186_jpg.rf.afc7a0f282b6380d3496e6b86408130c,3 0.93369788 0.84552069 0.30974257 0.20008831 0.30386176 1 0.91914839 0.90835476 0.86353204 0.18097153 0.27139211 1 0.91305619 0.26437540 0.52449427 0.09899559 0.17349415 1 0.90049076 0.64032164 0.64271631 0.12920952 0.20624409 2 0.89809000 0.41934614 0.53918438 0.10647182 0.24261532 1 0.89225268 0.71200504 0.42778255 0.09197025 0.13575990 1 0.86738330 0.46567507 0.26645088 0.05592184 0.09155197 1 0.84782714 0.40356456 0.21340604 0.04827440 0.07772216 3 0.78393924 0.05719457 0.68272820 0.11418328 0.60279427 1 0.61640781 0.14691944 0.23608283 0.12016802 0.08248340 1 0.39182267 0.01871169 0.28127432 0.03714766 0.09791007 1 0.07960372 0.61569657 0.05984566 0.02846327 0.04911501
249,MVI_40131_img01349_jpg.rf.91e604d68e50e684db313dd547664d5b,1 0.91903079 0.07528166 0.89960957 0.15056312 0.19973164 1 0.88875383 0.59213457 0.31489038 0.06823997 0.11208944 1 0.88732880 0.69558177 0.32984016 0.06959667 0.10903754 1 0.88453937 0.71703405 0.91300106 0.18449535 0.17368546 1 0.87141448 0.64058037 0.20555019 0.05025024 0.07616878 2 0.84232396 0.33319266 0.18820620 0.06941953 0.08871455 3 0.77985871 0.67619619 0.09732348 0.07108173 0.12365220 1 0.74390018 0.59915557 0.12915356 0.03575382 0.06255459 1 0.32703424 0.96539822 0.84401407 0.06760941 0.27475681 1 0.17897874 0.60119696 0.08598804 0.02813416 0.04740635 2 0.09139426 0.96543674 0.85294228 0.06729622 0.29235401
250,MVI_40131_img01365_jpg.rf.a2f9bc41d5fc2adfd06cea551ce2a947,1 0.91500324 0.66060476 0.67674050 0.12785950 0.21541281 1 0.87751222 0.67894969 0.28003049 0.06207476 0.09854994 1 0.86981112 0.58528957 0.25878463 0.05781212 0.09820375 1 0.84817135 0.63142552 0.17750407 0.04322424 0.07066605 3 0.64631414 0.66874666 0.08415638 0.06291504 0.11500735 2 0.57994878 0.31623602 0.19533854 0.07188988 0.08749967 1 0.57269895 0.04043825 0.97714872 0.07932506 0.04527721 1 0.54734927 0.31530886 0.19543926 0.07345695 0.08725889 1 0.52504230 0.59399953 0.10906607 0.03183403 0.05490739
251,MVI_40131_img01404_jpg.rf.8f327139cc8520dd70d92850e3f38540,1 0.91383344 0.92561588 0.75632572 0.14849319 0.23447323 1 0.89197147 0.60160828 0.35054293 0.07145386 0.11859064 1 0.88278651 0.68358617 0.77665596 0.15510054 0.25643215 1 0.86812556 0.64886341 0.19396702 0.04935179 0.07687900 1 0.85860544 0.57803183 0.16687536 0.04398270 0.07516098 2 0.82455277 0.28636842 0.20670214 0.07871418 0.09337692 1 0.71313691 0.61574612 0.12003543 0.03504333 0.05844793 3 0.50217742 0.65199480 0.05591111 0.05275640 0.09615784 1 0.16845754 0.43966007 0.09714150 0.03338070 0.05150393 2 0.16462326 0.59115396 0.06065485 0.02582188 0.06090304 1 0.06376749 0.44633188 0.07236189 0.03010712 0.04368742
252,MVI_40141_img00006_jpg.rf.e0554c36f2b2d415e0d28f7947734ac4,2 0.91204590 0.75740070 0.57566175 0.10449753 0.17743931 1 0.89587224 0.35365863 0.88969307 0.16375017 0.22054996 1 0.87884003 0.46161776 0.37263060 0.03863468 0.06627874 1 0.86131430 0.38449841 0.39967527 0.05116072 0.08141232 1 0.85080439 0.47988815 0.28557699 0.02448406 0.04051285 1 0.83604550 0.29435282 0.61252179 0.09976549 0.17847471 2 0.83459753 0.57938247 0.30366378 0.02397404 0.04956341 2 0.81217629 0.63734021 0.32349477 0.04298019 0.08286042 1 0.80160403 0.42522821 0.28305957 0.02972994 0.04194250 1 0.52148044 0.44491320 0.24536140 0.01794262 0.02641354 1 0.40635723 0.48168211 0.25252161 0.01823463 0.02791262 1 0.15455973 0.56296825 0.27852340 0.02322102 0.03882160 2 0.11473814 0.56949682 0.24784284 0.03906384 0.05700245 2 0.10956366 0.48088322 0.24832900 0.01716919 0.02919455 1 0.06017561 0.63717527 0.30003519 0.03619423 0.04047499 1 0.05114321 0.47514338 0.23772066 0.01613483 0.02708840
253,MVI_40141_img00227_jpg.rf.5c6c8561e8925825c460b1b0e69d0722,1 0.90242374 0.35877743 0.47353101 0.06461372 0.09883642 2 0.89412963 0.18685403 0.85715408 0.18056612 0.28237553 2 0.84383082 0.59390287 0.26792901 0.02258701 0.03890715 1 0.49356785 0.46829805 0.26793470 0.01961994 0.03251157 2 0.34865358 0.46828032 0.26829607 0.01979370 0.03281307 1 0.34389776 0.54887152 0.24855444 0.01482000 0.02120094 1 0.33321077 0.59517288 0.26805291 0.02323284 0.03662672 1 0.23337337 0.47983694 0.24273958 0.01466112 0.02322197 0 0.14756106 0.16377803 0.85329599 0.23025072 0.29335785 2 0.06527210 0.59953632 0.25015893 0.02218037 0.03363981 2 0.06273039 0.55439396 0.23265669 0.01372814 0.02331877
254,MVI_40141_img00256_jpg.rf.2dcda68b9d5ab7989b04ef810ac898e2,1 0.87162697 0.27616544 0.65607243 0.10898027 0.17774601 2 0.65976512 0.59450445 0.26894386 0.02090788 0.03444285 1 0.59183592 0.45939455 0.29126942 0.02363243 0.04155269 1 0.31779790 0.59585209 0.26701055 0.02394829 0.03270454 2 0.30895936 0.47634544 0.25375414 0.01585751 0.02850246 1 0.24563655 0.47623749 0.25415254 0.01536665 0.02788248 1 0.14416809 0.54826403 0.24362819 0.01388950 0.02346768 1 0.11573395 0.60038457 0.25251403 0.02488003 0.02738152
255,MVI_40141_img00409_jpg.rf.6b1468eb341a52f76d5c5ddb78f613c4,1 0.88605231 0.36161644 0.51823359 0.06604886 0.10899105 1 0.70522428 0.46138906 0.27556844 0.02080002 0.03270712 1 0.67858392 0.47880297 0.25509162 0.01600304 0.02691813 1 0.07630868 0.61121187 0.26134984 0.01832924 0.02504272
256,MVI_40141_img00606_jpg.rf.0dc7b71b2878b862983f07b632f32075,1 0.88884503 0.46904941 0.42009144 0.04261608 0.07463398 1 0.88165611 0.37570167 0.44164796 0.05605059 0.08280573 1 0.81329316 0.59604559 0.31850629 0.02400618 0.04090395 1 0.74929559 0.48171053 0.27871785 0.02058163 0.03486376 1 0.67299694 0.57963667 0.26029644 0.02180138 0.03017254 1 0.07304414 0.60167150 0.25335515 0.01511078 0.02463160
257,MVI_40141_img00769_jpg.rf.649c1f0bf8c5587eecff1c195be72a66,1 0.84833586 0.06031527 0.72704105 0.12063034 0.19255772 1 0.83769464 0.58402791 0.29921556 0.02312098 0.03756046 2 0.72805983 0.45672584 0.30631742 0.02370110 0.04736462 1 0.43875769 0.45666122 0.30615492 0.02335911 0.04570885 1 0.13031259 0.61641498 0.26665385 0.01946058 0.02704716 1 0.09559621 0.52913799 0.22887931 0.01145134 0.01842461
258,MVI_40141_img00820_jpg.rf.b69956c4722ba2ea3e5d98b36f84caec,1 0.78056240 0.02942322 0.73856554 0.05868639 0.15885029 2 0.76100171 0.41436577 0.41046580 0.04140368 0.08218119 1 0.75233948 0.58531923 0.27705684 0.01837349 0.02849112 1 0.40868580 0.41484194 0.41051769 0.04248333 0.08324032 1 0.10052466 0.60338187 0.25366344 0.01537819 0.02363529
259,MVI_40141_img00984_jpg.rf.40c8250170b6856b1534e937a66ee977,1 0.86721760 0.67737722 0.72756562 0.10934353 0.18641043 1 0.84612006 0.57409992 0.31837215 0.02833748 0.04222794 1 0.84343576 0.61824408 0.31742940 0.03038254 0.04154892
260,MVI_40141_img00993_jpg.rf.e70494d94131e2b5793f9b602fd7f8b5,1 0.86109936 0.61316929 0.30917335 0.02931175 0.04060426 1 0.82908565 0.57127676 0.30996246 0.02774487 0.04002957 1 0.76978183 0.63327031 0.56426430 0.07527981 0.12754364 1 0.05274053 0.60328312 0.25304713 0.01424522 0.02100992
261,MVI_40141_img01032_jpg.rf.141b8836365c8386efe2a7467c725e65,1 0.84937805 0.55594487 0.33731058 0.03134136 0.05021224 1 0.84869289 0.59782047 0.28665047 0.02308769 0.03404922 1 0.80116129 0.56289878 0.28800335 0.02209921 0.03312120 1 0.11836524 0.61644764 0.26631386 0.01983643 0.02694192
262,MVI_40141_img01193_jpg.rf.1582c20d84102b16caf633a8579ea473,1 0.86356455 0.62483125 0.38913841 0.04454279 0.06334381 1 0.75199068 0.58170824 0.25846915 0.02171993 0.02682676 1 0.08042769 0.60114565 0.24520996 0.01476326 0.02291794
263,MVI_40141_img01221_jpg.rf.b44d81a003e4ce05842fa64f699f0a99,1 0.86659360 0.61306419 0.35427575 0.03680420 0.05447216 1 0.51207501 0.58561530 0.25671844 0.01726398 0.02577162 1 0.05839605 0.60315189 0.25660467 0.01714830 0.02459030
264,MVI_40141_img01222_jpg.rf.68f632336dd3ba91556732abf4f41635,1 0.86658674 0.61311159 0.35343323 0.03622494 0.05437489 1 0.57304126 0.58633728 0.25696833 0.01742802 0.02598252 1 0.08401026 0.61820831 0.25988178 0.01581326 0.02496185
265,MVI_40141_img01227_jpg.rf.f351d6ab013e562f951427f586be62ec,1 0.84530795 0.61157255 0.34849510 0.03517857 0.05357313 1 0.69062650 0.59133511 0.25619869 0.02180614 0.02642374
266,MVI_40141_img01228_jpg.rf.736488d71d7b1bc64670aca08f7fe10f,1 0.83869910 0.61127310 0.34732728 0.03508797 0.05308251 1 0.70185077 0.59232836 0.25616050 0.02304096 0.02678938
267,MVI_40141_img01271_jpg.rf.740f2467cdbd830bf4f97a603a59bbe4,1 0.80172276 0.60013824 0.31457970 0.02898960 0.04341884 1 0.59102124 0.60315905 0.25443993 0.02100716 0.02562127
268,MVI_40141_img01429_jpg.rf.510bf6498ad4cbf0fe361f994da1ce4e,1 0.85467613 0.55284028 0.32560744 0.02822924 0.04535561 1 0.80633271 0.59048138 0.26903303 0.01959114 0.02825356 1 0.39907101 0.47973509 0.24138203 0.01571712 0.02528152 1 0.34151065 0.67616777 0.95900512 0.14880791 0.08198957 1 0.31819791 0.60803051 0.25115771 0.01762714 0.02422943
269,MVI_40141_img01472_jpg.rf.4fae1048930a0ff1cfbadd9cf3a236ec,1 0.88961917 0.57458830 0.49619169 0.05726223 0.09376926 1 0.88600147 0.67164030 0.51987343 0.07191715 0.10663452 1 0.83080608 0.54240651 0.27827182 0.02044764 0.03236585 1 0.76782930 0.59010077 0.26378045 0.01922035 0.02846670 1 0.69753003 0.92370739 0.96007499 0.15219154 0.07984982 1 0.62182468 0.47209215 0.26797938 0.01972046 0.03209782 1 0.42787129 0.61027646 0.25120223 0.01763830 0.02501884
270,MVI_40141_img01533_jpg.rf.7030f71a5abc31079fd705f90f443e27,2 0.89983195 0.82197094 0.76050377 0.14414577 0.23806400 1 0.87164640 0.66004353 0.42970495 0.05066414 0.07144451 1 0.85462886 0.54266968 0.32690716 0.02962942 0.04544487 1 0.82944602 0.59532123 0.32237682 0.03104763 0.04395027 1 0.73014140 0.43870850 0.34085007 0.03216305 0.05721955 1 0.62108809 0.59536729 0.25776768 0.02035704 0.02882671 2 0.57101268 0.43884459 0.34073615 0.03076973 0.05687819 1 0.43416679 0.53478727 0.24366283 0.01696148 0.02584362 1 0.05816515 0.61811886 0.25508075 0.01658850 0.02492027
271,MVI_40141_img01558_jpg.rf.e9fec7e310632ae8f7bc2bce83e961cb,1 0.88884783 0.41017418 0.41385871 0.04823093 0.07757928 1 0.86569297 0.63577833 0.36693575 0.03884125 0.05258164 1 0.85198355 0.53983798 0.29703245 0.02470083 0.03864994 1 0.82604039 0.58716450 0.29695613 0.02475357 0.03876100 2 0.82097584 0.70412321 0.51729093 0.07343540 0.13109617 1 0.46946988 0.60155754 0.25658970 0.02020969 0.02801347 1 0.19481060 0.53244071 0.23548379 0.01465244 0.02207632
272,MVI_40152_img00212_jpg.rf.49a73b972cee859d1d2cbd76c0227bc5,1 0.90603554 0.62514386 0.65207653 0.13495045 0.16270485 1 0.86145157 0.84563942 0.37191310 0.05530853 0.07159090 1 0.65994471 0.97001429 0.25511835 0.02946053 0.04669814 1 0.16066058 0.94550104 0.22681675 0.02573452 0.03745532
273,MVI_40152_img00466_jpg.rf.3e034743a3277191df219c3212bbb312,1 0.83670080 0.94705944 0.32606492 0.04293327 0.05992947 1 0.82044387 0.86160011 0.28807921 0.03660889 0.04934902 1 0.71492535 0.73403053 0.43155122 0.08630304 0.08828011 1 0.65327358 0.91672277 0.27923713 0.03549843 0.05000544 1 0.49838588 0.18996713 0.49908895 0.13049083 0.10924225
274,MVI_40152_img01008_jpg.rf.44030e4ae4fe3877d762c9e9f0d7003e,1 0.92186677 0.58496618 0.77456360 0.17878551 0.21879158 1 0.87358999 0.88474474 0.34051714 0.04826412 0.05990119 1 0.73534310 0.90334377 0.27628241 0.03461246 0.04447947 1 0.34765410 0.93438168 0.25555632 0.02948952 0.03963699 1 0.33267179 0.98518524 0.24628816 0.02873077 0.04220600
275,MVI_40152_img01097_jpg.rf.7a8c844d28ba900812bea888e3acc815,1 0.83108532 0.91953030 0.31650372 0.03881111 0.05388517 1 0.18019469 0.97274351 0.24059706 0.03065643 0.03750820
276,MVI_40152_img01398_jpg.rf.14a1a5dceeaf8ef4fbe86d70d4fe6003,3 0.88982195 0.55565748 0.75890951 0.57793026 0.48128490 1 0.87088543 0.86859465 0.42223954 0.06876831 0.09004078 1 0.76211667 0.96061859 0.28920269 0.03508224 0.05089540 1 0.32982498 0.95933170 0.25844393 0.03228531 0.04016461 1 0.09423953 0.98866186 0.23077984 0.02237892 0.04343700
277,MVI_40152_img01407_jpg.rf.7c30c1567c1bf1121246a8b32bb1a200,3 0.90284759 0.62508260 0.73922877 0.47223623 0.52154226 1 0.85309738 0.89102373 0.38936896 0.06125717 0.07933321 1 0.69467521 0.96661053 0.27655091 0.03202763 0.05032959 1 0.16359024 0.96483698 0.25185695 0.02923832 0.04027748 2 0.08004440 0.96736164 0.27001154 0.03087463 0.05982814 1 0.05069531 0.99181108 0.22617044 0.01631584 0.04071951
278,MVI_40152_img01453_jpg.rf.3f739d5293650a648f539f16dc7a47de,3 0.90227365 0.83987658 0.52477444 0.17525134 0.36095049 1 0.80959016 0.95170460 0.29806566 0.03813667 0.05482755 1 0.13468492 0.98601933 0.23868568 0.02705269 0.04305530
279,MVI_40152_img01576_jpg.rf.ec2683c171cffeb957ef14c718bd1e7a,3 0.73136389 0.96750660 0.27528896 0.05945625 0.09822083 2 0.18770027 0.85283012 0.25676370 0.02742958 0.03655491 1 0.09554861 0.85328131 0.25672934 0.02717094 0.03500714 1 0.07943508 0.87965822 0.22446756 0.02174606 0.03556108
280,MVI_40152_img01581_jpg.rf.70a5e8f6c12ce6caa40c9264ac6dda12,3 0.72205490 0.96950541 0.27191215 0.05691376 0.09775524 2 0.27865073 0.87551975 0.22667742 0.02307644 0.03626442 1 0.12589557 0.84684534 0.26214213 0.02819118 0.03750668
281,MVI_40161_img00008_jpg.rf.8b872251fda56d761ae0deb225155cb4,3 0.92574656 0.62219133 0.20677472 0.31213474 0.23329133 1 0.90515047 0.81132259 0.40808225 0.20527611 0.16328373 1 0.90187132 0.31329279 0.19576426 0.07790766 0.07780609 1 0.89715093 0.46997738 0.25759077 0.11123333 0.10014877 3 0.88717014 0.37249203 0.13066359 0.17810545 0.13888788
282,MVI_40161_img00328_jpg.rf.47862d6b0e943a72a5a320d71ea8ce65,3 0.91356254 0.44292725 0.16425726 0.19911177 0.16137472 1 0.46872625 0.02397875 0.22241435 0.04713933 0.07381864 1 0.26966572 0.17533269 0.14064956 0.03679013 0.04816895 1 0.16595481 0.14303176 0.15648227 0.04422817 0.05156083
283,MVI_40161_img00395_jpg.rf.072785e5c0bffacbc0255b7f111d5658,1 0.90956217 0.27184203 0.35609958 0.10284510 0.12486615 3 0.90461761 0.41387048 0.15862429 0.18031359 0.15147986 1 0.89718944 0.34660316 0.66296129 0.19127245 0.28491249 1 0.85254353 0.09336473 0.22174122 0.05195696 0.06855440 1 0.61949980 0.02013699 0.21228609 0.04027378 0.06331758
284,MVI_40161_img00635_jpg.rf.bcbcfb42bfc391e64894051c3afd9ef4,2 0.90522856 0.19746643 0.38780944 0.09234707 0.15777421 1 0.89998585 0.63166313 0.44927455 0.18629074 0.17007673 1 0.88979518 0.21853511 0.70031939 0.15419168 0.26102200 1 0.88511872 0.09102104 0.31783590 0.06936164 0.09596300 1 0.84739161 0.65097394 0.36661820 0.15704546 0.11227570 1 0.81150591 0.85829029 0.90119695 0.27470341 0.19760590 2 0.80255008 0.18942327 0.20109091 0.05069642 0.06450758 1 0.27027366 0.01510405 0.20320368 0.03019645 0.05686893 1 0.18737687 0.06984453 0.19072433 0.03614529 0.04999971 1 0.06766969 0.00968044 0.64316273 0.01924826 0.15795574
285,MVI_40161_img00836_jpg.rf.3443dda6befa1b7cbf9433c2b2dfeb69,1 0.89198589 0.17044165 0.34101372 0.07438512 0.10045271 1 0.88622165 0.35890956 0.21967010 0.06665897 0.06964374 1 0.68641931 0.06107874 0.21471943 0.04054475 0.05908138 1 0.64868569 0.18793674 0.17740029 0.04368382 0.04925601
286,MVI_40161_img01071_jpg.rf.defbb14febe61af8e2307a06c15ca643,1 0.90243685 0.24789999 0.32449107 0.08288569 0.10402422 1 0.89553356 0.60930586 0.34639499 0.13484116 0.11422639 1 0.84792167 0.23472347 0.16377590 0.04393616 0.05029459 2 0.68797505 0.07748126 0.20542095 0.03675069 0.06805029 1 0.59478068 0.01583738 0.23422906 0.03167456 0.06202521 1 0.56599861 0.15334499 0.15845163 0.03961673 0.04187469 1 0.19169779 0.16424365 0.13538268 0.03057179 0.03736930 1 0.09662282 0.15878854 0.14333555 0.03321252 0.04692981
287,MVI_40161_img01204_jpg.rf.8326919b743252a8fc86165b202900fe,2 0.91477728 0.55266366 0.28940530 0.13586016 0.13387594 1 0.88078791 0.14905145 0.30972648 0.06598358 0.09358511 2 0.78032523 0.30947723 0.52456608 0.14542246 0.21010675 1 0.73502207 0.06828065 0.20978651 0.03809104 0.05634437 1 0.67621505 0.30918880 0.52415571 0.14310818 0.20896301
288,MVI_40162_img00005_jpg.rf.eca54d8d3db395354c5f21fac6635847,1 0.89048457 0.31209302 0.21284509 0.05434036 0.06092744 1 0.85456848 0.17615755 0.36940751 0.07081509 0.11065998 1 0.30512580 0.05545998 0.23240628 0.03177605 0.05645962
289,MVI_40162_img00032_jpg.rf.1305856385149b790ad371c5372523fe,1 0.91893196 0.57136879 0.38351045 0.14963741 0.14106321 1 0.90546346 0.31122570 0.57153025 0.13159418 0.20498848 1 0.78716588 0.22852135 0.17885244 0.03857040 0.04571552 1 0.58853424 0.04620450 0.25370252 0.03900146 0.06109371 1 0.14301959 0.08685459 0.21086128 0.03262728 0.04735756
290,MVI_40162_img00038_jpg.rf.7589ca03d271f9689c903d021701dc57,1 0.90090793 0.50419941 0.34381342 0.13077440 0.12598600 1 0.89618921 0.36855078 0.65819244 0.16243105 0.25524864 1 0.61707419 0.04567427 0.25683401 0.04154261 0.06704068 1 0.61276823 0.21552644 0.17245477 0.03577870 0.04279888 1 0.24518587 0.09405416 0.21595876 0.03449842 0.04919477
291,MVI_40162_img00115_jpg.rf.2821eda972b1f8bdb891e1e0cd968729,1 0.91241622 0.74794602 0.46226382 0.20005865 0.17074127 1 0.86883867 0.16253287 0.31868243 0.05580690 0.08145981 1 0.82233894 0.10602936 0.24784129 0.04508372 0.06694617 1 0.69441444 0.03889397 0.26591997 0.04395561 0.06721306 1 0.43910456 0.18399451 0.18585397 0.04178329 0.04831355 1 0.19992395 0.06037731 0.20654231 0.03462311 0.04804620
292,MVI_40162_img00184_jpg.rf.0e606b9d294f504ca1ff80093c06074a,1 0.90567124 0.22190676 0.40792340 0.08981303 0.14652750 1 0.86456609 0.12338896 0.28597474 0.05398735 0.08313999 1 0.85223067 0.27007766 0.23119457 0.05974603 0.06267180 1 0.82937223 0.62090063 0.89831152 0.25624580 0.20284672 1 0.64446396 0.02933825 0.26756067 0.05120834 0.07325573
293,MVI_40162_img00247_jpg.rf.ffabf5ab75066dabbe0258a1b547d32e,1 0.92724544 0.26944466 0.55782118 0.14556456 0.22198753 1 0.88595301 0.85849018 0.46617888 0.22324638 0.18407328 1 0.06229400 0.00470290 0.25436065 0.00940559 0.06630607
294,MVI_40162_img00671_jpg.rf.e20701d9dc9c63cc6a4843e86ca56542,1 0.89011914 0.16355832 0.37150335 0.06639314 0.09740982 1 0.88958174 0.45297747 0.29403703 0.09240961 0.09232593 1 0.87416655 0.77861581 0.55472984 0.22204943 0.18597813 1 0.86444223 0.19975214 0.30353150 0.05625167 0.07256489 1 0.84454340 0.24144330 0.24229798 0.05078902 0.05373449 1 0.76497459 0.06470555 0.25387356 0.03351645 0.05122828 1 0.68302524 0.26307263 0.20608816 0.04335356 0.05286752 1 0.54151917 0.21013860 0.19068817 0.03833009 0.04206812 1 0.25575161 0.10588661 0.22510417 0.03192586 0.05060439 1 0.19502760 0.99293232 0.51717682 0.01413517 0.13054218 1 0.09866276 0.04649095 0.22107539 0.02758437 0.04093914 3 0.07423985 0.00921918 0.19572550 0.01806844 0.07506516
295,MVI_40162_img00727_jpg.rf.7c68b139e8f49ca2dadaca5e3b2eb2f7,1 0.88860923 0.46607475 0.26711793 0.08034954 0.07439146 1 0.88751632 0.23552365 0.33894405 0.06359978 0.10196285 1 0.87569523 0.85194242 0.84896963 0.28755689 0.29986310 1 0.86686379 0.61835537 0.89085996 0.28875332 0.21787724 1 0.86495161 0.14063158 0.35042973 0.05851378 0.08834181 1 0.84456110 0.28010345 0.26930285 0.05928407 0.05890474 1 0.82611257 0.08607990 0.28319850 0.04189765 0.06339483 1 0.72886026 0.21111357 0.19643602 0.03907962 0.05066819 3 0.48722854 0.01820786 0.22555747 0.03641552 0.10048475 1 0.16419111 0.06829549 0.23330472 0.03164349 0.04762998
296,MVI_40162_img01099_jpg.rf.1604eee85d1ee6e77825dbb055898ce3,3 0.93284029 0.47771840 0.23098202 0.23388853 0.18227290 1 0.92924267 0.50953131 0.58535051 0.17499695 0.21039085 1 0.90716141 0.25343189 0.47805510 0.10086050 0.14600887 1 0.89788210 0.24502563 0.33746023 0.06856527 0.08927455 1 0.89764321 0.63497534 0.39196780 0.14499388 0.11583285 1 0.87595201 0.28266137 0.22706795 0.05286765 0.05544639 3 0.86791837 0.07319050 0.41756191 0.13389462 0.28656530 1 0.84883356 0.09929881 0.26107249 0.03778033 0.05587912 1 0.73806739 0.18071284 0.21409226 0.03773127 0.04087371 1 0.65786970 0.03472716 0.25820279 0.03558071 0.04518747 1 0.50532460 0.19153776 0.18912566 0.03108726 0.03594513 1 0.23892631 0.03513809 0.21274092 0.02786539 0.03911839
297,MVI_40162_img01516_jpg.rf.3a464b0097561965102064977da76c3e,1 0.91755408 0.21296928 0.47157869 0.09320617 0.13703785 3 0.91269273 0.40542789 0.21553484 0.19249830 0.15392646 1 0.88674736 0.21798375 0.34090505 0.07391458 0.09221640 1 0.88210380 0.60321889 0.40018015 0.14567013 0.11398916 1 0.87621117 0.37746038 0.33296006 0.08610191 0.08796067 1 0.86531729 0.11208058 0.32013993 0.05254101 0.07687626 1 0.84283400 0.22396336 0.20894508 0.04261298 0.05122720 1 0.83752912 0.24053469 0.25107408 0.05304222 0.05530853 1 0.82258570 0.42494087 0.29405727 0.07844839 0.07462940 1 0.68682045 0.04705575 0.23435588 0.03304272 0.04809227 1 0.20649435 0.17295958 0.18282251 0.02997804 0.03916960 1 0.10352272 0.06749096 0.20365430 0.03028919 0.04871081 1 0.05036487 0.20912690 0.16248298 0.02909322 0.03199863
298,MVI_40162_img01581_jpg.rf.02e412a922ee582dcd2acecf82807165,1 0.92244905 0.36030753 0.65396833 0.16727910 0.22785664 3 0.90591800 0.31545501 0.19000521 0.14567556 0.12065701 1 0.90457362 0.13336811 0.35398335 0.06138949 0.09629393 1 0.89869153 0.51053543 0.33547587 0.10724640 0.10205030 1 0.86510372 0.27132053 0.24128571 0.05497532 0.05859232 2 0.80830526 0.10797298 0.27769151 0.04163632 0.07706051 1 0.75516707 0.22058656 0.20277157 0.03821907 0.04436034 1 0.75482601 0.18791585 0.21880704 0.03997388 0.04671324 1 0.49623355 0.10829214 0.22940190 0.03653562 0.04853635 1 0.33311105 0.04519334 0.23296909 0.03399748 0.04810147
299,MVI_40162_img01616_jpg.rf.db6ccbcf1a1f142768497299b5365190,1 0.91612005 0.84815569 0.51246691 0.20252705 0.18173399 1 0.91260076 0.26649663 0.53852348 0.11955047 0.18574963 2 0.88443565 0.17195079 0.35740547 0.06947894 0.11861076 1 0.87858349 0.31516972 0.24649334 0.06133223 0.06983109 1 0.86039370 0.16960784 0.27878864 0.05073678 0.06047263 1 0.83270282 0.07691261 0.26852374 0.04157300 0.06047735 3 0.83069998 0.27263288 0.17402453 0.11725254 0.10161047 1 0.78312004 0.19649880 0.20595235 0.03902020 0.04667388 2 0.60407668 0.11598364 0.23012605 0.03647923 0.06008244 1 0.35300270 0.03715087 0.23047619 0.03269811 0.05179691 1 0.06118934 0.14707961 0.18945827 0.02851968 0.04109735
300,MVI_40171_img00013_jpg.rf.6d9fe91d603308daff38a33e399286ad,1 0.93340379 0.71205530 0.68705826 0.26511440 0.29937382 1 0.90244073 0.45960655 0.32455072 0.21348162 0.18344707 1 0.90157932 0.80539570 0.14412864 0.11175842 0.09417670 1 0.87251586 0.20433492 0.04875844 0.14916669 0.09518087 1 0.87143087 0.05685455 0.06790801 0.11370890 0.10881464 1 0.85549855 0.16400808 0.90982113 0.32801597 0.18028507 1 0.84216505 0.34304471 0.03757930 0.10430136 0.07515839 1 0.78450066 0.46227946 0.03237188 0.11052685 0.06304602 1 0.68152809 0.98578453 0.40412030 0.02827568 0.10424957
301,MVI_40171_img00083_jpg.rf.ef4864db5c301e6fceff149aec1c293a,1 0.92175668 0.44318347 0.25652986 0.16754808 0.15734977 1 0.90942609 0.29757745 0.42074618 0.26282191 0.21578226 1 0.89663780 0.52403259 0.80410843 0.34357100 0.38038597 1 0.88686979 0.05890603 0.09406434 0.11781186 0.10709978 1 0.87111658 0.93913073 0.49803524 0.12173833 0.19382877 1 0.85875469 0.34682503 0.05191678 0.10721207 0.09153217 1 0.84669870 0.20851910 0.07316515 0.14473195 0.09352107 1 0.83875293 0.46447778 0.04343097 0.11584568 0.08628234 3 0.80504626 0.96900110 0.05911606 0.06119404 0.11823192
302,MVI_40171_img00093_jpg.rf.9203bfbd0c21bca2827dc4f58c7b5425,1 0.91542494 0.60806608 0.73927584 0.30700493 0.33947067 1 0.91057843 0.21260977 0.32194889 0.20977340 0.19422755 1 0.89488840 0.05899328 0.09507507 0.11798636 0.10662115 1 0.85978842 0.34596243 0.05137041 0.10753794 0.09153205 3 0.85639846 0.95701937 0.05911461 0.08596106 0.11822902 1 0.84719962 0.95764503 0.46356616 0.08424492 0.18820353 1 0.84273517 0.20684927 0.07425027 0.14663444 0.09165057 1 0.82954651 0.46409569 0.04447514 0.11578503 0.08823395 1 0.71524590 0.03186967 0.53872347 0.06373914 0.20281925
303,MVI_40171_img00420_jpg.rf.6033d8346d63651c61b2e0441df5ff49,3 0.93374956 0.91787467 0.08124435 0.16425046 0.16248850 3 0.91331863 0.58604426 0.14859800 0.42638750 0.24809351 1 0.90239072 0.76061444 0.25260006 0.14256296 0.11902093 1 0.88418603 0.07481021 0.15167090 0.14356569 0.10462511 1 0.84373599 0.23469848 0.12506447 0.14869214 0.09114368 1 0.75736755 0.37176404 0.09702460 0.10775738 0.09237182 1 0.45003101 0.50660305 0.08980551 0.11404514 0.09060717 1 0.15233919 0.57684946 0.08298032 0.09949512 0.08032795 1 0.09270582 0.80240126 0.05375677 0.07673073 0.05520314 1 0.07053069 0.90991573 0.85499001 0.17915993 0.23581333 1 0.05826640 0.64560900 0.07395406 0.09316883 0.07662905 1 0.05736621 0.54447532 0.08558112 0.12123337 0.08939565 1 0.05243707 0.72219830 0.06727820 0.07642422 0.06680000
304,MVI_40171_img00573_jpg.rf.be6ed12b3a47dfedaabf614634af327d,3 0.92493975 0.59021863 0.15519574 0.42770712 0.24656506 1 0.90948731 0.45226612 0.39208987 0.21307106 0.18387532 3 0.89255697 0.87470579 0.09904727 0.22300739 0.19437902 1 0.87767637 0.44898338 0.79329286 0.34618053 0.33042994 1 0.87190849 0.07751329 0.15984375 0.14438276 0.10522947 1 0.84533107 0.23727186 0.13238728 0.14485817 0.09511524 1 0.82031727 0.37795901 0.10701908 0.11686535 0.09757302 1 0.54945409 0.51777506 0.10216951 0.11399355 0.09382858 1 0.19302613 0.64676108 0.08829908 0.10773220 0.08553034 1 0.07957529 0.59163203 0.09629619 0.09817324 0.08450968 1 0.05022524 0.91218376 0.87315347 0.17560501 0.25065999
305,MVI_40171_img00711_jpg.rf.196adfd017c6a7c33d39cec1845a8e37,3 0.93142819 0.86612768 0.09932609 0.22858067 0.19727290 3 0.90889746 0.37029040 0.20857725 0.55172896 0.31463637 1 0.90122086 0.85292699 0.24112310 0.12402616 0.10751268 1 0.87577152 0.31764934 0.34957237 0.20363202 0.18753538 1 0.70162523 0.08189156 0.16258104 0.16248465 0.12699847 1 0.43900570 0.24563572 0.13877684 0.12174044 0.10402336 3 0.42960790 0.98653946 0.08654264 0.02593460 0.15607145 1 0.30604947 0.53325005 0.09565703 0.10825253 0.08442339 1 0.21676064 0.37618144 0.12021804 0.10683751 0.09521420 3 0.18254055 0.97285752 0.09678335 0.05428476 0.11376528 1 0.14864559 0.28368442 0.13454142 0.12246132 0.10455484 1 0.14309786 0.56542807 0.09699895 0.10123024 0.07944014 1 0.12685192 0.45130309 0.11219373 0.11314700 0.08665400 1 0.07629213 0.21922002 0.15276199 0.11912012 0.11103472 1 0.06174942 0.58872614 0.10402803 0.09105883 0.08031955 1 0.05142530 0.34392333 0.13022188 0.10947642 0.10250657 1 0.05039375 0.31013381 0.14708879 0.12319341 0.11771788
306,MVI_40171_img00770_jpg.rf.dbd377dce54655ce124a70b74036424d,3 0.93001926 0.87572079 0.09735334 0.23036861 0.19470647 3 0.90642178 0.17709427 0.27618876 0.35166225 0.38216248 1 0.85467911 0.96072335 0.18135890 0.07855310 0.08392303 1 0.84987658 0.49733582 0.09203183 0.11285620 0.08841182 1 0.80948931 0.37951469 0.10808971 0.10052595 0.09682469 1 0.51819652 0.23742714 0.14210217 0.12791510 0.10908775 3 0.25113925 0.98951321 0.09023713 0.02013512 0.16576192 1 0.22708488 0.10733494 0.16300066 0.16895481 0.12970948 1 0.10406696 0.14123399 0.15695045 0.13963089 0.10778098 1 0.08431163 0.29191430 0.14126595 0.15095077 0.11618764 1 0.07283311 0.91004967 0.87459962 0.17990046 0.25023503 1 0.06967293 0.06689970 0.16431845 0.13379919 0.17719855 1 0.06054835 0.18427325 0.15699615 0.13989198 0.11674771
307,MVI_40171_img00847_jpg.rf.b2ed30a58b297edf5e2cea33a34c583b,3 0.94313586 0.87595873 0.09960017 0.22732754 0.19920014 1 0.91597182 0.70009685 0.26679993 0.14131145 0.12456350 1 0.89730948 0.11263332 0.37579198 0.22247806 0.18038597 1 0.88104707 0.08705791 0.15618080 0.14205229 0.10521257 1 0.87491429 0.24484101 0.13079502 0.14396371 0.09179855 1 0.86998594 0.37825313 0.10653602 0.10355587 0.09256773 1 0.82586378 0.50172443 0.09448127 0.11279755 0.09002470 3 0.39313257 0.98881569 0.08638383 0.02098007 0.15145015 1 0.12104461 0.98844514 0.11865018 0.02310953 0.08253812 1 0.08015680 0.97609520 0.05338816 0.04746513 0.07325815
308,MVI_40171_img00909_jpg.rf.dd2d6497c1450abd097896e6e6b57632,3 0.94472766 0.87715204 0.10137036 0.22950025 0.20274052 1 0.90145570 0.70978632 0.32155833 0.15747528 0.13943939 1 0.89777446 0.09002371 0.16157234 0.14309155 0.10401716 1 0.88360226 0.24826682 0.13510771 0.14325156 0.09199896 1 0.86849374 0.38189640 0.11221946 0.10324326 0.09080091 1 0.83665246 0.50132837 0.10014243 0.11347599 0.08835931 1 0.59644687 0.98744435 0.17225287 0.02511110 0.07899652 3 0.40974841 0.98859482 0.09987848 0.02199821 0.18509413 3 0.07965523 0.98923735 0.11094394 0.02152509 0.10360012 1 0.06943747 0.75828638 0.09061266 0.07444038 0.06670491 1 0.05455739 0.98855801 0.12684619 0.02259521 0.09492164 1 0.05012393 0.95406895 0.07712514 0.06939888 0.06669844
309,MVI_40172_img00271_jpg.rf.dccab8b659f073016ff3c9da50ef75ee,3 0.95078504 0.75826139 0.16694372 0.30868626 0.26240478 1 0.90317392 0.14510237 0.21526024 0.13590739 0.10226936 1 0.88737893 0.29805334 0.18360068 0.14029436 0.09060905 1 0.86347502 0.42993803 0.15680572 0.10353193 0.09104469 1 0.85319471 0.55253329 0.13835101 0.12301788 0.09278079 1 0.84339267 0.02726045 0.24163255 0.05294207 0.09567863 1 0.07512086 0.31818390 0.98231192 0.16411009 0.03489056 1 0.06752657 0.89297028 0.09661283 0.07201653 0.06475558
310,MVI_40172_img00593_jpg.rf.02426e12af6660ab994b8bae3e24f440,1 0.88689345 0.14798602 0.21280591 0.14262602 0.10148211 1 0.86268592 0.42800112 0.15683036 0.10276146 0.09056587 1 0.85983318 0.54644785 0.14031038 0.10985470 0.08742313 1 0.85031635 0.02650951 0.23499653 0.05261673 0.09869819 1 0.82097960 0.30032616 0.18075442 0.13536224 0.08898897
311,MVI_40172_img00681_jpg.rf.015a66816b8beb52b43e9903238aa909,1 0.90760469 0.35150323 0.41295400 0.21197882 0.17277422 1 0.90436006 0.15070955 0.21596728 0.13563206 0.10364417 1 0.86742783 0.55413098 0.14194871 0.11118164 0.08884161 1 0.85347068 0.43571486 0.15929103 0.10323133 0.09164906 1 0.84094137 0.96236377 0.42496032 0.07527227 0.16665022 1 0.83758831 0.02929069 0.24313993 0.05841443 0.10263605 1 0.82952327 0.30168037 0.18693414 0.14184570 0.09091821
312,MVI_40172_img00723_jpg.rf.ce6b5c64f39d12e1e1ad03a0254ba422,1 0.90454322 0.14996818 0.21604719 0.13598711 0.10304317 1 0.90102232 0.39416890 0.83728461 0.39707910 0.32543058 1 0.86568046 0.30160213 0.18608574 0.14012442 0.09014471 1 0.86119813 0.43647313 0.15903227 0.10339346 0.08939137 1 0.84990853 0.55318165 0.14302176 0.11017094 0.09056411 1 0.76724446 0.02916045 0.24089882 0.05804778 0.09980836 1 0.07006170 0.02242216 0.25853453 0.04484412 0.08131285
313,MVI_40172_img00904_jpg.rf.431fe64936837f219f1b5192bab983ef,1 0.89428931 0.16443193 0.22646398 0.13494564 0.10370094 1 0.86574692 0.56529436 0.14850245 0.10770016 0.08932309 1 0.84047544 0.44815055 0.16621836 0.10269296 0.08880880 1 0.82759547 0.03688743 0.25336545 0.07345822 0.10258455 1 0.81981969 0.31513448 0.19512849 0.13548107 0.08843327 1 0.16574669 0.00915845 0.34213636 0.01831670 0.11574521
314,MVI_40172_img00928_jpg.rf.254a2c77ba34e86c3567f61f876f2b8c,1 0.89142603 0.16824291 0.22937746 0.13309021 0.10263371 1 0.85014087 0.03989422 0.25753469 0.07955784 0.10333977 1 0.84066832 0.45082072 0.16932733 0.10324996 0.08811464 1 0.83982486 0.31846035 0.19891216 0.13586068 0.09357641 1 0.83330393 0.56810513 0.14965327 0.11014519 0.09336586
315,MVI_40172_img00962_jpg.rf.0c1c68d224b914588d0e6b156b98dc47,1 0.89356810 0.92176056 0.49335357 0.15566216 0.19333131 1 0.89147806 0.16902413 0.23483562 0.13282204 0.10355636 1 0.87987030 0.03986460 0.26146765 0.07933602 0.10149984 1 0.87299544 0.45398493 0.17571785 0.10067101 0.08702769 1 0.86651635 0.56880732 0.15567670 0.10853424 0.08831720 1 0.85440916 0.78563528 0.86284117 0.31066113 0.27431746 1 0.82470798 0.31992712 0.20373335 0.14224367 0.09006753 1 0.06551623 0.00962742 0.34650950 0.01925465 0.09904127
316,MVI_40172_img01220_jpg.rf.abda28b4df816ce2f991d45c99097792,1 0.90306121 0.17310271 0.23936408 0.13273978 0.10181098 1 0.85675365 0.45629263 0.18014188 0.10196075 0.08870888 1 0.85415858 0.04156320 0.27000017 0.08253178 0.10479250 1 0.84026831 0.57356863 0.16231017 0.11137810 0.08507099 1 0.82326472 0.32592411 0.20704069 0.13680730 0.08605504 1 0.66687697 0.98918028 0.22276812 0.02163925 0.08099670
317,MVI_40172_img01357_jpg.rf.473c1bce35ddfaaab46ebb87c78e8abe,1 0.93723297 0.50924582 0.73046331 0.31826248 0.29563980 1 0.91416585 0.87061033 0.26856756 0.12029343 0.10057440 1 0.89946622 0.17653413 0.23597693 0.13331428 0.10103064 1 0.86983430 0.45962448 0.17610419 0.10020533 0.08959332 1 0.86086440 0.04413280 0.26416135 0.08785170 0.10367870 1 0.84496629 0.57536960 0.15942681 0.11028070 0.08691745 1 0.84194654 0.32810292 0.20491037 0.14616089 0.09017478 1 0.36971822 0.01469936 0.35235646 0.02916470 0.10030761
318,MVI_40172_img01395_jpg.rf.6e5efc25fcbc2b4b262f7bf4cbae8902,1 0.90999430 0.40477862 0.80035553 0.35318184 0.30695267 1 0.90377128 0.30776808 0.43890506 0.21313758 0.17601831 1 0.89698553 0.17731426 0.23636634 0.13458934 0.10279002 1 0.88122869 0.45874157 0.17814953 0.10107040 0.09003372 1 0.86091238 0.04409653 0.26352038 0.08781980 0.10451307 1 0.85484964 0.57845249 0.16068792 0.11250706 0.08699617 1 0.82179815 0.32804508 0.20378399 0.13734188 0.08776312 1 0.31071928 0.01452713 0.35412648 0.02865907 0.10205626
319,MVI_40172_img01403_jpg.rf.bec6a17da6ab0570bc343301bdd3b455,1 0.92474633 0.64031372 0.67936411 0.28254738 0.25783978 1 0.89077848 0.17565551 0.23649163 0.13037639 0.10171586 1 0.87795502 0.45930843 0.17798241 0.10099335 0.09019945 1 0.86120582 0.12247872 0.49954442 0.23469086 0.20094092 1 0.85947204 0.04427062 0.26622262 0.08789626 0.10140743 1 0.84882402 0.57856002 0.16065109 0.11100979 0.08643594 1 0.83466011 0.32832856 0.20549002 0.13939772 0.09068542 1 0.46609086 0.01508598 0.34742405 0.03017176 0.10162587 1 0.06033758 0.99469299 0.27490749 0.01011600 0.10590763
320,MVI_40172_img01673_jpg.rf.7f70ac23a99d79979d1d1eed954aeb76,1 0.90372843 0.80653162 0.27795925 0.13006287 0.10323343 1 0.89478856 0.18417690 0.23500960 0.13195314 0.10163984 1 0.87864441 0.46628189 0.17711182 0.10282669 0.08780932 3 0.87502444 0.25973988 0.88140624 0.51446352 0.23386073 1 0.87053198 0.04752190 0.26302431 0.09504361 0.10220718 1 0.86315709 0.58375540 0.15940982 0.10675011 0.08608615 1 0.84632915 0.33424325 0.20390706 0.14021177 0.09045949 2 0.84521973 0.07882714 0.63717747 0.15702453 0.30160542 1 0.83642387 0.12132868 0.48778820 0.20424798 0.17002811 3 0.41028455 0.77299848 0.89795456 0.44687204 0.20409069
321,MVI_40172_img01701_jpg.rf.ce75e417f11f3972a63cc59c334f7b68,1 0.90156627 0.35838830 0.40772228 0.20597444 0.15852785 1 0.89952612 0.18161500 0.23375192 0.13099394 0.10190619 1 0.87689757 0.46467733 0.17719674 0.10226517 0.08853097 1 0.86203861 0.69964132 0.61981902 0.23916607 0.22808256 1 0.86129820 0.58250160 0.16197937 0.10728245 0.08350253 1 0.86093402 0.04674133 0.26188564 0.09266641 0.10246649 1 0.85759318 0.33099027 0.20453872 0.13911114 0.08969260 2 0.81174368 0.86586590 0.67359614 0.26826801 0.42005606 3 0.44387147 0.86607630 0.66429272 0.26784720 0.43727951 3 0.32311189 0.84218716 0.85579600 0.31562548 0.28840780 1 0.27386466 0.01683799 0.34857206 0.03351625 0.09701891 1 0.20380487 0.84760818 0.90717406 0.30478344 0.18565168 2 0.07720389 0.95891833 0.87301037 0.08216314 0.25397906
322,MVI_40172_img01790_jpg.rf.cd3e31422e722041302fd743990c03f4,1 0.92318803 0.77916689 0.68278437 0.25790310 0.23715153 1 0.89379430 0.18492785 0.23126298 0.13338385 0.10108126 1 0.87948221 0.58352604 0.16243191 0.10878563 0.08729515 1 0.87690735 0.04761701 0.25781984 0.09437155 0.09951615 1 0.86138642 0.46756253 0.17832427 0.10351391 0.08869152 1 0.84838504 0.33448076 0.20307955 0.13874187 0.08937455
323,MVI_40172_img01939_jpg.rf.1f2a95b0918221c5203d4dbcce084560,1 0.89768320 0.18278868 0.24081936 0.13228245 0.09965458 1 0.88676566 0.67763224 0.65363016 0.24878235 0.23360958 1 0.86540180 0.04713669 0.26758695 0.09427318 0.10108452 1 0.86053485 0.46639419 0.18712230 0.10048809 0.08830061 1 0.81389207 0.58332472 0.17087516 0.11011896 0.09456217 1 0.79009163 0.33817704 0.21800217 0.13308787 0.09692212 1 0.69101191 0.95043163 0.69354510 0.09908066 0.26502981 2 0.12196729 0.94942803 0.69609575 0.10114374 0.26889744 1 0.09984943 0.01779261 0.35060797 0.03558502 0.10478134
324,MVI_40172_img01942_jpg.rf.dd8d81fbeb7466f485853464bdbb06b0,1 0.89490122 0.18168701 0.24079452 0.13056800 0.10082188 1 0.88364482 0.74873605 0.61479225 0.22209921 0.21654835 1 0.86642534 0.04704368 0.26696682 0.09408716 0.10198698 1 0.85617006 0.46539884 0.18585528 0.10036259 0.08878953 1 0.81743079 0.58243752 0.17081363 0.11288910 0.09370251 1 0.79808551 0.33529706 0.20924964 0.13468781 0.08457499 1 0.53166425 0.97820911 0.66436086 0.04358158 0.24625845 1 0.05486567 0.01690782 0.35171642 0.03353720 0.09434967 3 0.05127994 0.96521397 0.75868177 0.06780128 0.48263626
325,MVI_40172_img02139_jpg.rf.9c3647f3fa64b8ead03c105f80dc4800,1 0.91451794 0.39855084 0.44994572 0.21761942 0.17428286 1 0.90329206 0.18706491 0.24072258 0.13377795 0.09892139 1 0.86506456 0.04888451 0.26635098 0.09776881 0.10117121 1 0.86274177 0.58746662 0.17209389 0.11046467 0.09204898 1 0.86033326 0.46984034 0.18875903 0.10025539 0.09172051 1 0.86030221 0.33694165 0.21412349 0.13797708 0.08771199
326,MVI_40172_img02180_jpg.rf.657298de03f3cffbe2ad361ca2c27c25,1 0.92011130 0.73408494 0.36837454 0.16490774 0.16259956 1 0.90638751 0.18781157 0.23863754 0.13158917 0.09814100 1 0.87168497 0.33771491 0.21160808 0.14105873 0.08944005 1 0.86654258 0.04929544 0.26377196 0.09859068 0.09961653 1 0.84715134 0.10584615 0.65268984 0.21169209 0.25265226 1 0.75795150 0.47338305 0.19382339 0.10835686 0.09093075 1 0.69301522 0.98933387 0.25165744 0.02133207 0.06957378 1 0.50450587 0.03647108 0.92137184 0.07289990 0.15513153 1 0.34192351 0.58347492 0.16706038 0.11928806 0.10259790
327,MVI_40172_img02320_jpg.rf.02d3a2730ece4c7b5ca525210b19c94b,2 0.95287055 0.75693007 0.84147246 0.37685375 0.31335025 1 0.90533346 0.77816563 0.30638270 0.13984051 0.10684009 1 0.90186197 0.19067391 0.23816855 0.13212984 0.09907160 1 0.86103630 0.58781099 0.17255344 0.10885334 0.08661447 1 0.85458493 0.33989301 0.21117640 0.13952532 0.08821449 1 0.85105127 0.05028824 0.26265404 0.10057628 0.10110531 1 0.84929329 0.47120476 0.18712715 0.10101938 0.08905847
328,MVI_40172_img02604_jpg.rf.43fe5766b37b2c840da4cdae73e27be1,1 0.90750486 0.80479300 0.39803560 0.17481608 0.15510201 1 0.89437139 0.19801025 0.23566239 0.13143730 0.09935951 1 0.86716241 0.05510501 0.26233213 0.11020982 0.10188270 1 0.86558944 0.59675488 0.17292440 0.11315212 0.08911104 1 0.84782946 0.47832470 0.18848863 0.10152626 0.08828588 1 0.83809310 0.34614508 0.21154377 0.13990417 0.08843327
329,MVI_40172_img02619_jpg.rf.7710f1d44ff5cb1bdcd384d083a40c5a,1 0.89360374 0.20092852 0.23558788 0.13236656 0.09903207 1 0.88100028 0.55702209 0.47524796 0.22896004 0.21237526 1 0.87760460 0.42584376 0.82141340 0.32405977 0.32294545 1 0.87539506 0.48196812 0.19064268 0.10183573 0.08759344 1 0.86350375 0.05641624 0.26074603 0.11281179 0.10221334 1 0.85907078 0.59922781 0.17641240 0.11180897 0.08794844 1 0.85146028 0.34870608 0.21251636 0.13951173 0.08892468
330,MVI_40172_img02624_jpg.rf.033ca715129741e23f4178d9d444872c,1 0.93193740 0.61595678 0.73029447 0.28101473 0.27328444 1 0.90060782 0.19942971 0.23701098 0.13379085 0.10008254 1 0.88895255 0.44466496 0.51280055 0.25187969 0.22601624 1 0.86894888 0.05504112 0.26129022 0.11008204 0.10258827 1 0.86756659 0.59673123 0.17864625 0.10717564 0.08671312 1 0.86135781 0.34789777 0.21452746 0.13699656 0.08896003 1 0.84824234 0.48037691 0.19266419 0.10343494 0.08601460
331,MVI_40181_img00066_jpg.rf.375c8040a166972e5f40e7c64d39bdc3,3 0.91867471 0.87801556 0.16605338 0.24396868 0.33087928 1 0.91561705 0.20402359 0.11419215 0.11961290 0.09948189 3 0.90237677 0.26005440 0.04828882 0.24877815 0.09610422 1 0.83241236 0.02941795 0.24047029 0.05883570 0.12932000 1 0.73446065 0.40924636 0.75687027 0.31807363 0.38236065 1 0.66950613 0.02943862 0.65954561 0.05874850 0.27701645 2 0.57230657 0.41034994 0.75651526 0.31917839 0.38541346 1 0.09180997 0.36879663 0.01078425 0.08829365 0.02156830 1 0.08860253 0.94112286 0.04070969 0.11775408 0.07692943 1 0.08748196 0.89742641 0.03250874 0.11884880 0.06175241 1 0.08372130 0.97337165 0.04732448 0.05325651 0.08773043 1 0.05483703 0.87343349 0.02414130 0.10451813 0.04828240
332,MVI_40181_img00266_jpg.rf.37b7c19c6a1e7bd8a5c5247bb148be3d,3 0.91597122 0.61713830 0.10334561 0.52608411 0.20669102 1 0.88805974 0.62677660 0.21484115 0.21288147 0.15543656 3 0.86424088 0.20657058 0.03663795 0.22995672 0.07327570 1 0.78876901 0.01676053 0.04777915 0.03327140 0.07874790 0 0.58539706 0.46117406 0.68630099 0.51724663 0.62739782 2 0.35804120 0.45780565 0.71567755 0.51446683 0.56864471
333,MVI_40181_img00641_jpg.rf.70b7fb2302b1ef5731fd7f30b6384248,1 0.91777211 0.44342660 0.50428677 0.28871920 0.28810301 1 0.90834582 0.08251131 0.10741462 0.11274762 0.10845308 1 0.90365613 0.85421419 0.31089251 0.27586517 0.22595315 1 0.89590478 0.34918609 0.72578011 0.32256260 0.36348343 3 0.88209611 0.26235957 0.05069477 0.31852779 0.10101906 1 0.80825704 0.02150911 0.25626984 0.04285166 0.12596787
334,MVI_40181_img00857_jpg.rf.420aa3e0314593dc60be0c967a81d26d,1 0.92289144 0.49940863 0.51380334 0.27984085 0.28697529 1 0.90245938 0.75506573 0.28391838 0.22838917 0.17947502 1 0.78052825 0.01500440 0.06227815 0.03000860 0.07888328 1 0.11166777 0.01289980 0.01710541 0.02579940 0.03295537 1 0.06865802 0.49410992 0.00734330 0.07667522 0.01468640 1 0.05282371 0.46315002 0.00634725 0.08548155 0.01256223
335,MVI_40181_img00973_jpg.rf.fc1b93cd6ee31347fbdab9f72cdb037f,1 0.90471363 0.81162608 0.26806285 0.22329631 0.17009254 1 0.73146921 0.16772629 0.10843956 0.08949630 0.09919348 1 0.25402769 0.46068802 0.00741279 0.10825195 0.01482538 1 0.07003001 0.42971067 0.00557286 0.09886255 0.01114552
336,MVI_40181_img01599_jpg.rf.fd7c8f5061ac22f18019e054f9f6431c,1 0.90310156 0.77414265 0.28555855 0.22761059 0.17959234 3 0.90047759 0.35033128 0.06936350 0.32653785 0.13849695 1 0.89317673 0.16774426 0.10002342 0.10366774 0.09572367 2 0.87981403 0.28224201 0.19586060 0.16635933 0.16293015 3 0.82971537 0.09269608 0.03315334 0.17621467 0.06495509
337,MVI_40191_img00068_jpg.rf.60bad0dae96ea613124c81aedde0b939,1 0.90927958 0.68163786 0.50487680 0.08430691 0.13822660 1 0.89568865 0.72413173 0.33109970 0.05362415 0.07763939 1 0.89149731 0.88725414 0.30187531 0.05807514 0.07016215 1 0.88982177 0.79857640 0.29118347 0.05347300 0.06867304 1 0.87817836 0.64246902 0.31406183 0.04838333 0.07779903 1 0.87621582 0.30544939 0.31559768 0.05077939 0.07582207 1 0.86502033 0.36553435 0.35233779 0.05330811 0.07862663 1 0.85593158 0.75514383 0.23252392 0.04276619 0.06245365 1 0.83366448 0.68248706 0.22031009 0.03446598 0.05356536 1 0.82665294 0.61267242 0.21190948 0.03207703 0.05096321 1 0.79536581 0.71181583 0.18901545 0.03159809 0.04845235 2 0.73817486 0.76758237 0.17360852 0.03366146 0.05681548 1 0.52101064 0.60755863 0.16327363 0.02543850 0.03976359 2 0.38972709 0.37430055 0.15057005 0.03418093 0.06456017 0 0.28980461 0.38271279 0.14365093 0.04652939 0.07236242 1 0.14900783 0.47584553 0.14494853 0.02283497 0.03653302 2 0.09538151 0.39542260 0.13330412 0.02922430 0.06314616
338,MVI_40191_img00283_jpg.rf.a1c3fb86e1b5e9441425db656b36da1a,1 0.92054093 0.15031332 0.77370329 0.15806477 0.26112251 1 0.91125923 0.07969344 0.63303375 0.13024654 0.16081371 1 0.90668905 0.05002266 0.53381691 0.10004512 0.13349419 1 0.90156019 0.35492039 0.42972220 0.07188864 0.10595610 1 0.89544129 0.93247795 0.32911134 0.06831760 0.08793697 1 0.89471316 0.85183840 0.36294751 0.06581955 0.08486023 1 0.88973165 0.40313029 0.30070436 0.04838161 0.07197428 1 0.88568532 0.29236295 0.90277037 0.15094781 0.19445906 1 0.87396008 0.64544706 0.31119382 0.04861889 0.07455010 1 0.86850178 0.48523035 0.24584808 0.03691311 0.05686436 1 0.86677235 0.47372246 0.35597732 0.05352364 0.08664861 1 0.86558557 0.95020618 0.84974649 0.09867802 0.20491872 1 0.84387529 0.31495781 0.30596399 0.05671892 0.08853598 1 0.83496809 0.61268463 0.21004114 0.03118706 0.04895320 1 0.82568800 0.45349941 0.19606191 0.03296814 0.04919703 1 0.68883789 0.37758913 0.17106202 0.03052654 0.04627566 1 0.07711157 0.64544258 0.13976943 0.02244835 0.03595858
339,MVI_40191_img00291_jpg.rf.9f846e5850f3b28204794c96333d0d25,1 0.92368931 0.90556326 0.70621500 0.11824265 0.16871119 1 0.90369672 0.28485699 0.34892697 0.06451569 0.09996076 1 0.90365827 0.06964628 0.90786266 0.13879125 0.18267746 1 0.90019214 0.32627482 0.49785929 0.08317509 0.12620068 1 0.89428079 0.89985504 0.29960158 0.06206627 0.07793036 1 0.88982934 0.82716885 0.33167858 0.05918255 0.07455206 1 0.88563406 0.38938317 0.33512330 0.05369930 0.08171773 1 0.87957454 0.46427236 0.40091124 0.05952501 0.09685087 1 0.87267876 0.64001517 0.28591027 0.04374409 0.06756992 1 0.86864352 0.47944059 0.26888759 0.04036007 0.06344042 1 0.84346050 0.44691720 0.21299231 0.03613377 0.05330219 1 0.79605693 0.61057272 0.20070164 0.03001041 0.04745564 1 0.78606331 0.03279634 0.77046642 0.06532951 0.20820198 1 0.78183907 0.36622777 0.18660140 0.03396034 0.04828949 1 0.16421631 0.00678320 0.62161264 0.01356620 0.14443359 1 0.05844180 0.51769228 0.14825115 0.02293549 0.03700900
340,MVI_40191_img00523_jpg.rf.cbde69fc0f45e20ec0e09e012d10b1fa,1 0.91415471 0.36941974 0.70943737 0.10478826 0.19428234 1 0.91342723 0.19058707 0.47119236 0.09109101 0.13179207 1 0.90772539 0.87557087 0.61208539 0.11096115 0.15116625 1 0.90430760 0.69255428 0.49721284 0.07215958 0.11436644 1 0.89431721 0.78679018 0.90857749 0.14764767 0.18284482 1 0.89347053 0.94198761 0.45323144 0.08058243 0.11396902 1 0.88638717 0.63908672 0.22824199 0.03740339 0.06998792 1 0.88344276 0.42962999 0.43173419 0.06194248 0.10627744 1 0.87671793 0.34142785 0.29881225 0.05110817 0.06969414 1 0.86084777 0.23170073 0.32931223 0.05740466 0.07515335 0 0.85508180 0.29058821 0.48271188 0.10481701 0.25919611 1 0.85472816 0.33230586 0.23138342 0.03727498 0.05122900 1 0.83223307 0.74002757 0.19127401 0.03151712 0.04837992 1 0.81961364 0.77823753 0.18011317 0.03182468 0.04427948 1 0.81030130 0.67605400 0.17071140 0.03163757 0.05014486 1 0.70847911 0.47708244 0.16657040 0.02710514 0.04320245 1 0.37804049 0.62184772 0.15378128 0.02580700 0.04606187 1 0.10427624 0.45051522 0.14388573 0.02376575 0.03659122
341,MVI_40191_img00751_jpg.rf.48d9bed2edd01793bab3659ab404a4f7,1 0.91965801 0.19277456 0.76113639 0.13329420 0.21087179 1 0.88756478 0.46001186 0.44883409 0.06729612 0.11398649 1 0.86975622 0.66765556 0.38876896 0.05976162 0.09463177 1 0.86777264 0.76801982 0.23637595 0.04066067 0.05703115 1 0.86671120 0.38325248 0.36352127 0.05304842 0.08418403 2 0.85940003 0.67812705 0.18414812 0.03168955 0.06263647 2 0.84261531 0.74805975 0.32448144 0.05973730 0.09988298 2 0.83771616 0.45442734 0.22291455 0.03110905 0.06369753 1 0.82699925 0.63377733 0.19612434 0.03136225 0.04924865 2 0.79288244 0.35011592 0.27430816 0.04717550 0.08375950 1 0.75718683 0.37942586 0.18292925 0.02948389 0.04469256 1 0.74419165 0.96904125 0.89950581 0.06188450 0.19929409 2 0.71832585 0.64447088 0.24931993 0.04227924 0.07588911 1 0.66608435 0.48189020 0.17942411 0.02780180 0.04512832 1 0.57394588 0.41829944 0.19430723 0.02877769 0.04878082 1 0.55452466 0.64452753 0.24978580 0.04288216 0.07697582 1 0.39623025 0.74335637 0.14702442 0.02663918 0.03883281 2 0.30318251 0.40714512 0.15165548 0.02442560 0.04631815 1 0.28821310 0.44620776 0.15752153 0.02447481 0.03609767 1 0.12329730 0.61591234 0.14018073 0.02361059 0.03799710
342,MVI_40191_img00900_jpg.rf.f201e9d5dcf35d19ed976a46fed309db,1 0.90002847 0.05953378 0.71026888 0.11906736 0.18407784 1 0.89796984 0.42645940 0.49619808 0.07833693 0.12619514 1 0.87171477 0.06543948 0.90965366 0.13087876 0.18014107 1 0.86205810 0.49036489 0.29983501 0.04479332 0.07366886 2 0.85678494 0.39080029 0.33902578 0.04968843 0.10055485 2 0.85309631 0.70979967 0.53453512 0.09179611 0.18754807 1 0.85080540 0.39788218 0.21355317 0.03498869 0.05564952 1 0.84774172 0.51598825 0.20656116 0.03366852 0.04948916 1 0.84316438 0.46454511 0.20688851 0.03062220 0.04765124 1 0.84262258 0.41597929 0.27720959 0.04086847 0.06500139 1 0.75421506 0.62232242 0.17455335 0.02601051 0.04365916 1 0.74116921 0.34276352 0.20809183 0.03522177 0.05748434 1 0.74052906 0.41972008 0.17594575 0.02866735 0.03976049 2 0.73765326 0.34062490 0.28130918 0.04241004 0.07405386 2 0.64066154 0.32730901 0.43267994 0.09163117 0.19540558 1 0.33476433 0.52737532 0.15509925 0.02835426 0.04853311 1 0.31443918 0.34110236 0.28107195 0.04242735 0.07498684 1 0.07300977 0.49007382 0.14010041 0.02353182 0.03574092
343,MVI_40191_img01100_jpg.rf.70315ea5cf38a8bd0ef96e9161298db5,1 0.89752895 0.34756405 0.44636254 0.07088237 0.11038551 2 0.86635458 0.87627239 0.57362528 0.09611092 0.17648449 1 0.85923100 0.48893437 0.30972095 0.05177155 0.08752441 1 0.85057276 0.63456459 0.21197903 0.03299599 0.05323687 1 0.83049524 0.69477482 0.19178394 0.03264828 0.04921076 1 0.83002853 0.97422857 0.55417719 0.05154266 0.13047848 1 0.81419909 0.46868420 0.18135916 0.03015919 0.04489396 2 0.77092391 0.76720443 0.15412602 0.03272600 0.05228691 1 0.74600673 0.71487541 0.15716352 0.02807827 0.04355199 1 0.64738995 0.66430302 0.14581215 0.02562113 0.03848054 1 0.64588457 0.52338319 0.16181250 0.02511978 0.04055419 1 0.47457361 0.61579485 0.14484694 0.02189064 0.03600121 1 0.24184524 0.01028121 0.83021107 0.02046542 0.22478905 2 0.07124168 0.01053756 0.84467640 0.02103085 0.24153004 1 0.05469192 0.65555191 0.33723786 0.02766571 0.06177444 1 0.05349245 0.44972334 0.14135621 0.02261181 0.03596544
344,MVI_40191_img01152_jpg.rf.148f1a338af346eb21575acc2812f524,2 0.91137064 0.69871855 0.45651931 0.07103786 0.13904536 1 0.90272653 0.96319485 0.47794399 0.07347641 0.11073532 1 0.89279145 0.35881677 0.78807802 0.13923721 0.27594223 1 0.88612771 0.93023872 0.31408532 0.06670570 0.07789969 1 0.88257772 0.80327568 0.27364926 0.05103378 0.06748896 1 0.88162631 0.40463595 0.30307164 0.05039358 0.07531047 1 0.88143498 0.77787294 0.39093285 0.06411915 0.09606066 1 0.87493086 0.49088488 0.27350273 0.04042091 0.06791573 1 0.86101180 0.39598289 0.21256732 0.03480511 0.05105392 1 0.85492736 0.34966648 0.20336919 0.03503509 0.04649668 2 0.79815811 0.72387486 0.26172600 0.04103241 0.07843351 1 0.78221118 0.42204413 0.17259848 0.02780619 0.04174190 1 0.58245510 0.39685466 0.14749975 0.02759595 0.04174573 1 0.48081267 0.44168987 0.14665484 0.02422743 0.03545523 1 0.15939979 0.61518669 0.13151786 0.02181606 0.03608820
345,MVI_40191_img01163_jpg.rf.f472d96bf7ed7d98270705c22ead01bd,1 0.89343292 0.89548960 0.28178341 0.05751400 0.06898651 1 0.89190632 0.91862488 0.40717387 0.07891769 0.09447699 1 0.88934672 0.78175650 0.24649065 0.04603806 0.06178355 2 0.88268840 0.68062172 0.37609549 0.05636311 0.11084270 1 0.87737638 0.75312881 0.33647809 0.05433788 0.08432083 1 0.87729198 0.38017607 0.35114079 0.05761213 0.08713446 1 0.87154728 0.37890329 0.23792663 0.03981810 0.05806637 1 0.86445665 0.47739601 0.31946020 0.04659939 0.07974377 1 0.86226082 0.32332773 0.23336232 0.03963995 0.05422435 2 0.80943412 0.71067524 0.23373082 0.03687859 0.07204223 1 0.79453707 0.40894256 0.18974515 0.02929668 0.04487493 1 0.76770920 0.38160610 0.16383057 0.03084898 0.04671762 1 0.67655480 0.43156533 0.15915301 0.02720022 0.03992596 1 0.65375185 0.28514235 0.95323272 0.14860177 0.09353437 1 0.05139872 0.42201319 0.16908954 0.02768288 0.04950578
346,MVI_40191_img01660_jpg.rf.650b9a93a60309a7db793de59e23bdca,1 0.90822780 0.71903334 0.57982044 0.08666639 0.13900700 1 0.90138686 0.42137294 0.54217434 0.08219919 0.13718147 1 0.90130502 0.85858517 0.42197943 0.06970177 0.09439440 1 0.88846260 0.94184441 0.83436606 0.11631098 0.22029643 1 0.88642806 0.29904757 0.31859093 0.05216274 0.07304392 1 0.88578779 0.33640227 0.46885109 0.07291827 0.11007614 1 0.87737119 0.86073093 0.25975966 0.04904308 0.05845366 1 0.87704790 0.65920472 0.31882625 0.04945545 0.07783799 1 0.86779535 0.75777950 0.35222600 0.06043615 0.08275504 1 0.86518329 0.72226601 0.26626618 0.03976192 0.05856214 1 0.85058630 0.63517365 0.22767420 0.03449612 0.05582695 1 0.84568566 0.74963150 0.21367640 0.03752460 0.05258079 1 0.79454851 0.80397005 0.19103006 0.03997936 0.05818002 1 0.65540260 0.39995115 0.15936403 0.02625260 0.03759334 1 0.61322910 0.80951769 0.97676129 0.17441478 0.04647722 2 0.49828795 0.44957047 0.15043658 0.02618446 0.04642284 1 0.46388844 0.52137127 0.15253096 0.02502327 0.03976569 1 0.06572797 0.44999151 0.15055717 0.02781429 0.04306533 1 0.05132358 0.70209045 0.13273463 0.02330647 0.03809505
347,MVI_40191_img01802_jpg.rf.faedaa5c7509f39e29ed25eb7686adfc,1 0.90757364 0.78135386 0.73877153 0.11430225 0.17866840 1 0.89636511 0.82295344 0.47738042 0.08147120 0.11086693 1 0.89628160 0.90631905 0.29689775 0.05748024 0.06701241 1 0.88306731 0.68084126 0.42147504 0.06229849 0.10410669 1 0.87772673 0.35113974 0.46257324 0.06608725 0.10805483 1 0.86815298 0.71746464 0.25894158 0.03898430 0.05820017 1 0.86333853 0.63859310 0.28771076 0.04403782 0.06402493 2 0.86201531 0.88409443 0.39035306 0.07145271 0.11275854 1 0.85557830 0.41713228 0.19636139 0.03112469 0.05046971 1 0.83008796 0.37284131 0.19888737 0.02925091 0.04494839 1 0.82475483 0.69781594 0.21869678 0.03174791 0.04930859 1 0.81107026 0.97968039 0.42092824 0.04063902 0.08946352 1 0.80238330 0.65332813 0.23205018 0.03214846 0.05339308 1 0.79040837 0.76792073 0.23112273 0.04046926 0.06315470 1 0.76682693 0.72009354 0.18573663 0.02867928 0.04330010 1 0.63917869 0.40454578 0.15526965 0.02697849 0.04026151 1 0.59435517 0.66573076 0.16502042 0.02686539 0.04297948 1 0.53198826 0.62405281 0.18809276 0.02826729 0.04669809 1 0.51829141 0.45001965 0.16405506 0.02730122 0.03587074 1 0.51098579 0.76080837 0.16592026 0.02697449 0.04195065 1 0.26792198 0.53363538 0.15903831 0.02428427 0.03596487 2 0.12392296 0.62278285 0.18869171 0.02742348 0.04945250 1 0.09431759 0.61201382 0.15881723 0.02060804 0.03758705
348,MVI_40191_img01903_jpg.rf.90bfa78f8053dad6b2c25517eea122bf,1 0.90451133 0.10937224 0.59323893 0.11621818 0.17919655 1 0.88862747 0.81713312 0.30793161 0.05333638 0.07720261 1 0.88620675 0.30493369 0.43349684 0.06968546 0.10146677 1 0.88455284 0.65875049 0.35041466 0.05365858 0.08309593 1 0.87650895 0.45737948 0.43300214 0.05922956 0.10280876 1 0.87577260 0.12695580 0.43941878 0.08913545 0.12171786 1 0.85847217 0.70631056 0.24101231 0.03935032 0.06055627 1 0.85568023 0.78496509 0.25009341 0.03980303 0.05264254 1 0.82580549 0.46383061 0.20853757 0.02986946 0.04709445 1 0.81625688 0.64888525 0.24975514 0.03795395 0.06465673 1 0.81454557 0.63766980 0.21796914 0.03010788 0.05105485 2 0.80529553 0.77971506 0.19005661 0.03936615 0.05852098 1 0.78693938 0.67589684 0.18718171 0.02978878 0.04543467 2 0.71904367 0.72130160 0.17998934 0.03001261 0.05188074 2 0.65720141 0.41301155 0.20110958 0.02689819 0.05725203 2 0.65533274 0.80724783 0.48791599 0.08604584 0.15041046 1 0.64386994 0.98403740 0.59121928 0.03179283 0.12358599 1 0.63769895 0.44268818 0.17365233 0.02706070 0.03682988 1 0.50287598 0.49570971 0.24507313 0.03777275 0.07521114 2 0.46271151 0.49568577 0.24500728 0.03826637 0.07442265 1 0.45590657 0.64486580 0.16076539 0.02518673 0.04240165 1 0.40390524 0.74288416 0.15724245 0.02847195 0.04382970 1 0.38994771 0.41274467 0.20152328 0.02705021 0.05469799 1 0.28521201 0.72233601 0.17953165 0.02973957 0.04973917 1 0.07400128 0.61455841 0.14399379 0.02191286 0.03522229
349,MVI_40191_img02133_jpg.rf.0c680059f7d676eb685ef9a5bae155c4,1 0.92247999 0.89380636 0.61129417 0.11029396 0.14958344 1 0.90722883 0.42739325 0.49588261 0.07731390 0.14162140 1 0.89701402 0.71088018 0.51527324 0.07101517 0.11512051 1 0.88238710 0.95469332 0.36061234 0.06816978 0.08073435 1 0.88088351 0.87615929 0.27922094 0.05207691 0.06242814 1 0.87927568 0.23701171 0.42707229 0.07498351 0.09859037 1 0.86888403 0.50508919 0.29697838 0.04027433 0.06567802 1 0.86837178 0.34389303 0.48245211 0.07032399 0.12089787 1 0.86808801 0.38557286 0.38626947 0.05846128 0.08529825 1 0.86768246 0.85261211 0.34605236 0.06183071 0.08754387 1 0.85530901 0.35626171 0.29315581 0.04410853 0.05956554 1 0.85527509 0.51721640 0.23211234 0.02993622 0.04985042 2 0.85340625 0.45569944 0.23580968 0.03078384 0.06769238 1 0.84653670 0.64248381 0.26876545 0.03988447 0.06737833 1 0.83973801 0.75227404 0.21542404 0.03323917 0.04704657 1 0.83678550 0.68936939 0.21248369 0.03052959 0.04817076 2 0.83620834 0.07017038 0.87094595 0.13872602 0.25810790 1 0.82640839 0.34078774 0.24863830 0.04044628 0.05482073 1 0.78488910 0.79716272 0.20474865 0.03471336 0.04782219 2 0.73956627 0.62766247 0.19165709 0.02460079 0.05316606 1 0.68428463 0.67696190 0.18574429 0.02874546 0.04003959 1 0.45167109 0.51649542 0.18142216 0.02986088 0.05162196 1 0.42456424 0.72111821 0.16800994 0.02640238 0.04610159 1 0.31950578 0.42425270 0.15921264 0.02432241 0.03641887 1 0.21336892 0.75454903 0.15748836 0.02591019 0.04003346 1 0.18984577 0.68225946 0.19772397 0.02990179 0.04742653 1 0.18920101 0.62677183 0.19204383 0.02539349 0.05121460
350,MVI_40191_img02276_jpg.rf.5008921581d592ef773995f8d75361c5,1 0.90460575 0.84007647 0.89543073 0.15073504 0.20913834 1 0.89727628 0.72090969 0.51553183 0.08044033 0.12557240 1 0.89153558 0.15136843 0.42026120 0.07953403 0.10871198 1 0.88257271 0.49611588 0.31905069 0.04891281 0.07929182 1 0.87748194 0.73559556 0.27408247 0.04492607 0.06585178 1 0.87650752 0.89411602 0.27661800 0.05022621 0.06481504 1 0.87233973 0.78556290 0.35113058 0.06150417 0.08520994 1 0.86813080 0.66749754 0.28345304 0.04652710 0.07450695 1 0.85990018 0.46098070 0.22419384 0.03665867 0.05435481 1 0.85563725 0.39994316 0.22213933 0.03521070 0.05289674 2 0.85499865 0.84539156 0.30112257 0.05285950 0.08958549 1 0.83770645 0.63780718 0.19328010 0.02949295 0.04949708 1 0.81795335 0.69200544 0.18760688 0.03187256 0.04772372 1 0.81710988 0.74819221 0.19454401 0.03297510 0.04927568 1 0.78960478 0.42431583 0.19302547 0.03077164 0.04485083 1 0.78220725 0.38270788 0.17813081 0.02893753 0.04169683 1 0.73986793 0.79511480 0.17152681 0.03472881 0.05255494 1 0.59010822 0.29412475 0.53486238 0.09147272 0.17212963 2 0.45595694 0.29380434 0.53477616 0.09156456 0.17246742 1 0.32181299 0.99312172 0.60835390 0.01362953 0.11837940 1 0.23556720 0.44059887 0.14531485 0.02471704 0.03989818 1 0.13096333 0.75888338 0.14694934 0.02696514 0.03895736 1 0.06795013 0.41984940 0.18419278 0.03647461 0.04816599
351,MVI_40191_img02308_jpg.rf.2bc755bb1b642586e6a9468e0449181d,1 0.91890115 0.87656155 0.37790575 0.07391624 0.09041214 1 0.91472656 0.75597229 0.77075911 0.10988064 0.18417225 1 0.91301519 0.41683517 0.59928570 0.09509420 0.16710854 1 0.89612621 0.72465930 0.50750909 0.07582960 0.12160969 1 0.89074332 0.91369877 0.64765735 0.11691895 0.15554304 1 0.87894362 0.41189575 0.32327600 0.05376186 0.07983894 1 0.87191737 0.67671127 0.33739381 0.05406227 0.08379631 1 0.86939770 0.72765522 0.25634894 0.04561348 0.06472864 1 0.86508948 0.32407169 0.32577500 0.05177088 0.07673492 1 0.86398178 0.36486349 0.27356114 0.04358816 0.06392384 2 0.84870338 0.77979751 0.22509794 0.03625288 0.06655580 1 0.84232992 0.81704512 0.20319555 0.03893738 0.05349264 1 0.83979946 0.33098435 0.23351905 0.03870668 0.05358205 1 0.83587706 0.70403128 0.21087408 0.03477879 0.05175433 1 0.82260281 0.64604297 0.20684822 0.03585520 0.05914111 1 0.80632210 0.41471934 0.18947349 0.03237610 0.05139594 1 0.60576463 0.71598120 0.15952169 0.02804852 0.04104278 1 0.50197768 0.67273421 0.15317323 0.02633266 0.03995919 1 0.31501961 0.62680931 0.15500045 0.02371025 0.04213843 1 0.22279325 0.49495592 0.15427303 0.02387314 0.03688951 1 0.16775821 0.75081387 0.13708723 0.02722626 0.04612918
352,MVI_40191_img02340_jpg.rf.81b2f6c55e41cc3ca8fca93b6d484697,1 0.92001033 0.30785804 0.53520489 0.09586825 0.14393482 1 0.91604853 0.68371305 0.44982519 0.06164474 0.10211859 1 0.91351038 0.79043531 0.39370236 0.06483116 0.09337606 1 0.90846199 0.14641626 0.56445642 0.10656138 0.14496365 1 0.90769482 0.74446225 0.70065088 0.10720797 0.17071896 1 0.90532994 0.92637663 0.66414995 0.12213230 0.16382866 1 0.89466888 0.91216288 0.42590961 0.08133583 0.10091591 1 0.88499534 0.79650316 0.26459856 0.04975719 0.06461029 1 0.88226765 0.24901748 0.42522049 0.07346897 0.10133247 1 0.88002264 0.91304579 0.28977163 0.06069355 0.08051124 1 0.87637264 0.24723172 0.31573832 0.05429573 0.07283063 1 0.87634313 0.67976580 0.33721497 0.05188293 0.08107629 1 0.87290978 0.36721449 0.25716000 0.04379706 0.06838360 1 0.86940038 0.65314584 0.24019957 0.03943319 0.05937352 1 0.83265686 0.47361164 0.19702390 0.02952709 0.04796283 1 0.81270260 0.68522601 0.19264615 0.03384733 0.05042262 1 0.78621501 0.43511963 0.17441434 0.02912025 0.04359496 1 0.75403577 0.37377329 0.18291506 0.02826672 0.04447596 1 0.75219446 0.53586512 0.16653231 0.02770920 0.04417324 2 0.70422190 0.73871775 0.17343693 0.02903471 0.05375443 1 0.67109597 0.68311024 0.16267605 0.02810526 0.03796086 1 0.65276468 0.77093043 0.15566096 0.03072186 0.04600930 1 0.63629198 0.63178711 0.15831075 0.02802448 0.04498069 1 0.41824830 0.40950642 0.14911575 0.02702627 0.03825355 1 0.21360643 0.49109888 0.14915516 0.02456226 0.04027939
353,MVI_40191_img02398_jpg.rf.5b08eb70320b5a3623b051b223485b4d,2 0.91121966 0.86334457 0.53086319 0.08569412 0.16308289 1 0.89974993 0.06058547 0.68073921 0.12117074 0.22116470 1 0.89757246 0.38460975 0.37166562 0.05803699 0.08955355 1 0.88902605 0.70038061 0.43147391 0.06398125 0.09845526 1 0.88406235 0.20289404 0.35896606 0.06077681 0.09136696 1 0.88358372 0.74987760 0.29760923 0.05186062 0.07376337 1 0.88032049 0.36532497 0.26858549 0.04575090 0.06457682 1 0.87765938 0.30430527 0.25270185 0.04381828 0.05962791 1 0.87632382 0.84005909 0.22875302 0.04240875 0.05731192 1 0.87425977 0.49019175 0.32078094 0.04935970 0.08090820 1 0.87086320 0.66136036 0.31095099 0.04734135 0.07442980 1 0.86451745 0.44257979 0.24234939 0.03957548 0.06023183 1 0.85521567 0.96840448 0.51027188 0.06319084 0.12568493 1 0.85012972 0.70702477 0.21655983 0.03679619 0.05506755 1 0.84409505 0.63895597 0.24044170 0.03534908 0.05693235 1 0.84314585 0.77025833 0.21992466 0.03986473 0.05669165 2 0.80582517 0.80181837 0.86548335 0.16081276 0.26903310 1 0.77103454 0.79000969 0.16700981 0.03511143 0.05086281 1 0.76950085 0.64315033 0.19183295 0.03044300 0.04956369 1 0.73219055 0.72415509 0.16040930 0.02959042 0.04310572 1 0.70813531 0.48285732 0.16515524 0.02776203 0.04433048 1 0.59972715 0.98351288 0.89494996 0.03280640 0.21009988 1 0.33154950 0.62802892 0.14602804 0.02427092 0.04151716 1 0.15792003 0.53713751 0.14239006 0.02398891 0.03842297 1 0.13604897 0.44901981 0.13935128 0.02578316 0.03921878
354,MVI_40191_img02443_jpg.rf.fdda21a49d24121753e35174ae89e994,2 0.95475495 0.80389023 0.78566689 0.14017296 0.28698988 1 0.91525984 0.81355131 0.40052390 0.07200437 0.10115099 1 0.90605247 0.22766433 0.45241199 0.08326682 0.11052465 1 0.90381861 0.06896225 0.49876785 0.10184207 0.13401804 1 0.89389879 0.34340081 0.44281468 0.07409325 0.11325388 1 0.88780361 0.31344643 0.88867056 0.15155296 0.22178836 1 0.87708229 0.95839310 0.33393283 0.06666374 0.07687807 1 0.87302506 0.43384252 0.25608616 0.04264307 0.06480331 1 0.87300688 0.83564978 0.28557296 0.05796795 0.07374973 1 0.86624336 0.08394122 0.91908417 0.16780317 0.16056404 1 0.86442244 0.66003289 0.26256075 0.03972893 0.06175251 1 0.85944724 0.50981150 0.22328174 0.03773098 0.05793343 1 0.85745776 0.86671658 0.24121425 0.04797935 0.06073627 1 0.85683322 0.70333443 0.19560679 0.03468246 0.05224297 1 0.84517938 0.41091214 0.18989940 0.03204706 0.04741759 1 0.84475142 0.97017503 0.49324694 0.05964975 0.11717625 1 0.83920354 0.63796301 0.20541596 0.03255577 0.05115453 1 0.82981145 0.47254052 0.18862000 0.03254786 0.05648184 2 0.79167867 0.75288644 0.30064421 0.04837866 0.09102850 1 0.66482002 0.62479391 0.16581093 0.02560854 0.04055476 1 0.62942135 0.68427343 0.39530315 0.06908112 0.12654896 2 0.58868873 0.68409166 0.39342041 0.06913548 0.12547302 1 0.48488739 0.67616491 0.15302517 0.02600641 0.04113865 1 0.32144251 0.72460279 0.14934714 0.02881584 0.04185152 1 0.21054001 0.76884499 0.15001533 0.02699337 0.04201231 1 0.19423336 0.49188890 0.13284724 0.02676010 0.04550848 1 0.16009387 0.62933283 0.17641388 0.02802782 0.05631230 1 0.08697259 0.53393373 0.12982049 0.02513828 0.04170737 1 0.07862808 0.63073072 0.13429439 0.02434616 0.03637681
355,MVI_40192_img00053_jpg.rf.281342b0181fdc9ab99a5a527791bc7f,1 0.90517426 0.69936538 0.48293676 0.07715569 0.12381973 1 0.88949722 0.76722841 0.33595691 0.05762482 0.08347735 1 0.88862145 0.67182431 0.33425388 0.05269852 0.08067675 1 0.88217342 0.86369781 0.32461729 0.05924683 0.07812176 1 0.87928212 0.80757685 0.26087527 0.04462757 0.05935221 1 0.87769037 0.21471272 0.36130266 0.06096905 0.08358412 1 0.87571764 0.95836887 0.32789097 0.06745224 0.08123746 1 0.86843377 0.71656575 0.22247660 0.03972893 0.05825672 1 0.86694336 0.97015605 0.52350855 0.05968771 0.12790852 2 0.84792548 0.64688354 0.20616071 0.03439436 0.06809874 1 0.83367586 0.03532732 0.77656360 0.06998038 0.20663385 1 0.82701612 0.96299505 0.82740555 0.07374001 0.20911064 1 0.81935745 0.32570174 0.46666812 0.08681197 0.15659792 1 0.81148982 0.75349560 0.18157049 0.03385029 0.04958856 2 0.79233968 0.46926661 0.17292893 0.03825302 0.08318014 1 0.79017508 0.81029673 0.18390496 0.03768806 0.05189123 1 0.74940670 0.41424313 0.56402063 0.09223919 0.19865284 1 0.65923446 0.69713926 0.16335413 0.03079338 0.04796953 2 0.59095305 0.62880106 0.15565701 0.02923527 0.05555739 1 0.16449510 0.62807527 0.15579062 0.02911234 0.05711820 2 0.15434165 0.67637367 0.13736265 0.02323303 0.04677863
356,MVI_40192_img00111_jpg.rf.79fa303ae9cfb84c59b210463b115b8e,2 0.91976804 0.83675680 0.46645656 0.09010563 0.15336380 2 0.91274899 0.34381995 0.39690700 0.08565865 0.18567162 1 0.90368187 0.92401972 0.41132687 0.07544117 0.09665587 1 0.90084815 0.77218447 0.76919727 0.11944027 0.18419151 1 0.89035273 0.68330235 0.40105906 0.06999741 0.11341848 1 0.87588060 0.75974345 0.32755730 0.05534372 0.08099470 1 0.87574518 0.79050055 0.26005015 0.04905167 0.06370878 1 0.86989146 0.93819256 0.33347120 0.07646484 0.07966013 1 0.86313820 0.64951315 0.25576043 0.04018097 0.06555691 1 0.84974843 0.76362677 0.20056963 0.03463287 0.05066271 1 0.84130996 0.64003515 0.20378697 0.03151150 0.05044250 1 0.83847553 0.69793997 0.20261545 0.03393497 0.05264611 1 0.83084404 0.81903830 0.19196935 0.03583412 0.05161543 1 0.74539858 0.73858566 0.17525041 0.02845783 0.04228444 2 0.72310787 0.41067554 0.19369597 0.02947023 0.05696630 1 0.56260061 0.67734623 0.15305529 0.02774982 0.03796232 2 0.27696010 0.62949309 0.14154320 0.02568254 0.04867578 1 0.13564062 0.53396454 0.13993176 0.02553558 0.04049137
357,MVI_40192_img00223_jpg.rf.e40f4c0f6561b93c96049dee301ba912,2 0.92218715 0.37430582 0.35654817 0.07339182 0.15568056 1 0.90776378 0.74970112 0.69796143 0.10660343 0.17705688 1 0.90456563 0.38845069 0.60701551 0.09564519 0.16064434 1 0.88039154 0.51370983 0.24391277 0.03475990 0.05323672 1 0.87667167 0.77009487 0.29288468 0.05067654 0.07319708 1 0.87513983 0.73784685 0.35894399 0.05073614 0.08366547 1 0.86484951 0.31794963 0.33510253 0.05210500 0.07489786 1 0.86238492 0.97237954 0.55084867 0.05524072 0.12049131 1 0.85294861 0.75190496 0.20261489 0.03231297 0.04566783 1 0.85210937 0.65836449 0.28560996 0.04325619 0.07235713 1 0.84398395 0.81676426 0.21922762 0.03499241 0.04958730 1 0.81540048 0.96944823 0.89530425 0.06110334 0.20939130 1 0.80415869 0.63505049 0.21678510 0.02939377 0.04827356 2 0.74198270 0.68194094 0.17371025 0.02908459 0.05311484 1 0.72896278 0.42865610 0.18274643 0.02719688 0.04043112 1 0.43464971 0.71933923 0.16279058 0.02490206 0.03826222 1 0.21240453 0.66202650 0.15223652 0.02573185 0.03854120 1 0.16792725 0.62257853 0.16292788 0.02833729 0.04910889 1 0.10767961 0.74337759 0.14533885 0.02372704 0.04038467 2 0.08133308 0.62341356 0.16232064 0.02860718 0.05071242 1 0.06975602 0.68104115 0.17413245 0.02907839 0.05149493
358,MVI_40192_img00232_jpg.rf.cfb5fb6c28c6bae6ce2ab30ff9b184a2,1 0.90326297 0.72299652 0.58743496 0.08621788 0.14351511 1 0.90017581 0.33242426 0.76998510 0.13068676 0.22015190 1 0.89654028 0.93841076 0.74020944 0.12203636 0.20132456 1 0.89521301 0.79554439 0.88473282 0.13561163 0.22320671 2 0.89133197 0.34490790 0.40861387 0.08368235 0.18159800 1 0.88859916 0.94190378 0.47542439 0.08901386 0.10704536 1 0.87606525 0.27968001 0.38287344 0.06234064 0.08671885 1 0.87215281 0.65290308 0.26715980 0.04057674 0.06678295 1 0.87155247 0.75807872 0.26850543 0.04566441 0.06514244 1 0.86938411 0.50542727 0.26944776 0.03848095 0.05951262 1 0.86267620 0.72802081 0.32421775 0.04796953 0.07588816 1 0.85901731 0.80143509 0.20476122 0.03309326 0.04683722 1 0.82979745 0.74239054 0.19145943 0.03073883 0.04393761 1 0.81382823 0.41796174 0.19703304 0.02822714 0.04403479 1 0.80127865 0.63065290 0.20423016 0.02775249 0.04505035 2 0.75673175 0.67551985 0.16682205 0.02731352 0.05131922 1 0.49815202 0.98978252 0.43643942 0.02024860 0.09475298 1 0.21494886 0.53519583 0.15757358 0.02218666 0.03628888 1 0.16454984 0.71203761 0.15216572 0.02412691 0.04258995 2 0.14283308 0.62089176 0.15573101 0.02666073 0.04568610 1 0.13071969 0.73576651 0.14122252 0.02631969 0.03766081 1 0.08056162 0.65915194 0.14675515 0.02155085 0.03755822
359,MVI_40192_img00307_jpg.rf.a02cefd1a72de6bc0be617c796074b28,1 0.88949615 0.80875635 0.28747158 0.04843864 0.06273718 1 0.88842243 0.19651123 0.48504910 0.08191373 0.11482487 1 0.88359898 0.69550991 0.47584529 0.07215767 0.11871672 1 0.88357323 0.77946577 0.39272456 0.06027718 0.08776560 1 0.88136774 0.90414276 0.29384818 0.05465813 0.06639295 1 0.88119775 0.88670979 0.37513049 0.06602383 0.08618588 1 0.87836295 0.72828636 0.27371068 0.04851122 0.07346811 1 0.86836129 0.49712467 0.30076065 0.04119854 0.06710134 1 0.86701107 0.65513992 0.28883123 0.03938351 0.06294918 1 0.85606140 0.68839245 0.36774759 0.05629311 0.08344431 1 0.84698910 0.75573025 0.21834469 0.03549805 0.04937434 1 0.84484702 0.81195428 0.21430809 0.03722119 0.05173221 1 0.83727515 0.64213896 0.24121451 0.03534527 0.05531130 1 0.81978202 0.51943569 0.19607892 0.03281059 0.04732113 1 0.63382828 0.67306867 0.17074003 0.02590952 0.04189425 1 0.37600568 0.83447893 0.94808740 0.15870938 0.10382499 1 0.27170560 0.70855374 0.15617644 0.02531986 0.03871346 1 0.25821170 0.62279673 0.16311803 0.02501154 0.04147916
360,MVI_40192_img00406_jpg.rf.b04c81c38fde88565db50d0b63963523,1 0.90572673 0.33613458 0.76904440 0.13189249 0.23066273 1 0.89745414 0.79230952 0.83531027 0.12991304 0.21340427 1 0.89308345 0.33573532 0.38843079 0.06477528 0.09807444 2 0.88172489 0.78967676 0.38290372 0.05674305 0.11618538 1 0.87940073 0.67999611 0.36346071 0.05072002 0.08960977 2 0.87619871 0.31676750 0.24033210 0.05263367 0.08508487 1 0.86843306 0.85170174 0.34599581 0.06473198 0.09035311 1 0.86746931 0.85789089 0.24930940 0.04471989 0.05747013 1 0.86744118 0.80257235 0.25871437 0.04710197 0.06396441 1 0.86558354 0.72166114 0.25668998 0.04287100 0.06157951 1 0.86100757 0.96278229 0.34877458 0.06846504 0.08361244 1 0.85836506 0.45033264 0.22329754 0.03400574 0.05133287 1 0.85769325 0.75572786 0.21201901 0.03668404 0.05000811 1 0.83981544 0.80355997 0.19744682 0.03615627 0.05023155 1 0.83843976 0.64441977 0.22920713 0.03344383 0.05502462 1 0.78108758 0.44198599 0.16546172 0.02587738 0.03939061 1 0.76013756 0.62709479 0.18080267 0.02725630 0.04617708 1 0.72344702 0.67541246 0.17211466 0.02594461 0.04038796 1 0.52901369 0.71864533 0.16070421 0.02711115 0.04165392 1 0.24100384 0.63401365 0.15757818 0.02578564 0.03930373 1 0.07398523 0.75217199 0.14333677 0.02440739 0.03602915 1 0.07367541 0.53454037 0.13996379 0.02378941 0.04027658 2 0.06403522 0.53321762 0.13953668 0.02116070 0.04250205
361,MVI_40192_img00808_jpg.rf.06e3aaa37125bb6c38c9ba55366c84f4,1 0.91853106 0.40810145 0.60700426 0.09085734 0.17046852 1 0.91504067 0.23764477 0.62936902 0.11277875 0.17319708 1 0.89629036 0.72625732 0.54387188 0.09086113 0.15027637 1 0.87809414 0.42672014 0.27453687 0.04606037 0.06911721 1 0.87733012 0.84889126 0.33332922 0.06298466 0.07886338 1 0.87727326 0.67893562 0.37595658 0.05768757 0.08904133 1 0.87347549 0.96970310 0.35608845 0.06014137 0.08175154 1 0.87293386 0.73651757 0.29667459 0.05011044 0.07306204 1 0.87158388 0.76617303 0.22036205 0.03740196 0.05397643 1 0.86770147 0.51190262 0.21192245 0.03510685 0.06131563 1 0.84769309 0.62664890 0.20429197 0.03327980 0.05112532 2 0.77184284 0.82121751 0.19039576 0.04495969 0.08347716 2 0.65192878 0.94563055 0.77448764 0.10860310 0.23350229 2 0.38308331 0.62623253 0.13774045 0.02467880 0.04939833
362,MVI_40192_img00811_jpg.rf.b155ec61220f815915ab630bc7ae3f56,1 0.91057098 0.39386044 0.65859890 0.10047121 0.19087744 1 0.90791017 0.20832384 0.68676844 0.12590823 0.19321079 1 0.90166831 0.71778741 0.51201296 0.08335218 0.14136944 1 0.90041769 0.67618742 0.35949047 0.05497875 0.08297267 1 0.87875617 0.96123066 0.34135299 0.06905746 0.07998514 1 0.87643385 0.73173418 0.28556907 0.04829655 0.06831856 1 0.87564433 0.83979464 0.31979783 0.05978317 0.07618432 1 0.87495148 0.42087346 0.28648126 0.04822118 0.07160172 1 0.85380912 0.51040707 0.21758435 0.03457079 0.06458545 1 0.85297376 0.76126971 0.21388307 0.03667517 0.05385160 1 0.85255694 0.62579045 0.19831755 0.03169460 0.04928403 2 0.73850828 0.81601076 0.18363301 0.04249001 0.08434947 2 0.66064316 0.93498287 0.71177731 0.12939186 0.21051598 0 0.54562551 0.81649551 0.18306282 0.04377804 0.08275385 2 0.27009705 0.62541924 0.13550124 0.02481852 0.04880517 1 0.08041831 0.45014544 0.13927658 0.02561569 0.03768287 1 0.05749521 0.49520326 0.13611503 0.02435026 0.04343202
363,MVI_40192_img01041_jpg.rf.095495d38809d581255587efd7dd98ea,1 0.92231894 0.12198889 0.64943047 0.12392235 0.19220695 1 0.91860116 0.75374446 0.64125290 0.10746336 0.18605804 2 0.91432488 0.77177649 0.33164792 0.07124996 0.13025846 1 0.91142827 0.33542280 0.70822029 0.13436604 0.26251926 1 0.89574981 0.90446949 0.36016538 0.08129768 0.10686307 1 0.88095355 0.32327409 0.30321882 0.05799255 0.09043775 1 0.88065475 0.87630205 0.23785582 0.04972496 0.06471968 1 0.87658811 0.66217175 0.30588465 0.04924078 0.07811537 1 0.87066454 0.79461498 0.23449454 0.04663658 0.06396332 2 0.85422462 0.34527230 0.23218865 0.04728498 0.08036308 1 0.84796315 0.75234551 0.17336502 0.03284960 0.04802160 1 0.79496926 0.68962688 0.16861522 0.03011761 0.04825819 1 0.71604061 0.05077946 0.93726273 0.10063157 0.12531395 2 0.57726848 0.78741007 0.14242747 0.03096447 0.05675225 1 0.32584259 0.99230719 0.56194172 0.01537399 0.12273903 1 0.15032281 0.62156038 0.13047409 0.02926674 0.05047183 1 0.10397217 0.78663378 0.14332494 0.03064442 0.05851672
364,MVI_40192_img01485_jpg.rf.1e430f61249c61393135e34b3804657b,1 0.88931203 0.27330120 0.31511245 0.06558013 0.09958878 1 0.88518578 0.71153488 0.46691995 0.07084026 0.11457129 1 0.88299984 0.77328176 0.32560229 0.05977898 0.08596735 2 0.88277644 0.66908073 0.26246972 0.04794788 0.10464010 1 0.88276541 0.93559637 0.41206654 0.08508511 0.10982363 1 0.87305868 0.80719481 0.22420488 0.05263786 0.07549390 1 0.86399305 0.40205039 0.27102766 0.04899981 0.07848005 1 0.85450882 0.71006241 0.18379833 0.04469147 0.06447399 1 0.83893162 0.49343653 0.21651382 0.03816833 0.06105433 1 0.82788783 0.83189344 0.16929545 0.04852848 0.06405115 1 0.81646502 0.63286924 0.16565111 0.03227654 0.04978633 1 0.50139332 0.72953510 0.12942345 0.03306456 0.05263996 1 0.16694461 0.84636233 0.98071327 0.12536273 0.03760681
365,MVI_40192_img01809_jpg.rf.fc371c61c11306ea8eea6afc97ba0a30,3 0.93728995 0.12308113 0.48376112 0.24616205 0.39663086 1 0.89759678 0.35974646 0.56245651 0.09227638 0.16085854 1 0.87525553 0.88091297 0.29239197 0.05987854 0.08096991 1 0.87251312 0.71633806 0.21372037 0.04272356 0.06045704 1 0.87005615 0.48939695 0.28377843 0.04969740 0.08160973 1 0.86210608 0.48023567 0.20921112 0.03756714 0.05754927 1 0.86127043 0.75475235 0.15642235 0.03677063 0.05466275 1 0.85680962 0.66180410 0.25563302 0.03884335 0.06977806 2 0.85642129 0.39981723 0.29707527 0.05250387 0.10609670 2 0.84775513 0.35098574 0.20972595 0.04359684 0.08535367 1 0.79791301 0.22891226 0.29224968 0.05702224 0.06967640 2 0.70242983 0.81534948 0.14780626 0.04001598 0.06334128 2 0.69753790 0.87423744 0.92216158 0.16105843 0.15455761 2 0.67829615 0.38217607 0.24204655 0.04160910 0.07375150 1 0.62349129 0.51222529 0.15010540 0.03025770 0.04537354 1 0.42042598 0.02192336 0.96743378 0.04373746 0.06513223 1 0.22464110 0.37402265 0.27652018 0.02427540 0.05545063 1 0.21842147 0.47632837 0.13025612 0.02969713 0.04812205 1 0.16017608 0.17672957 0.97940159 0.17590611 0.04105682 1 0.10587645 0.38108244 0.23698602 0.03853674 0.06057076
366,MVI_40192_img01820_jpg.rf.a3d2833df7c639ab5142bf9e02373e1e,2 0.91685420 0.78353839 0.68598375 0.11046476 0.22252674 1 0.89831764 0.47136254 0.34883041 0.06111794 0.10064240 1 0.89613611 0.28044362 0.78843088 0.13266335 0.24367924 2 0.89325291 0.37584732 0.34732218 0.06282821 0.12527008 1 0.88457561 0.84478092 0.24196939 0.04993305 0.07256002 3 0.87157536 0.10344381 0.60604401 0.20482416 0.52784729 1 0.86521786 0.70294161 0.18677980 0.03798752 0.05551002 1 0.86471617 0.47411814 0.24485965 0.04263477 0.06710434 1 0.86076415 0.65315990 0.21943684 0.03565483 0.06273074 1 0.84298450 0.50502138 0.17310210 0.03391094 0.05476215 2 0.84291685 0.33159413 0.23664531 0.05008655 0.09236289 1 0.80832267 0.18622959 0.34001186 0.06366291 0.07759233 2 0.73606646 0.36764879 0.27706470 0.04956141 0.07924967 1 0.68301618 0.46833200 0.14780006 0.03241653 0.05113430 1 0.65968245 0.74134312 0.13737000 0.03325596 0.05342047 2 0.53860003 0.79222074 0.12696878 0.03563356 0.05795643 1 0.36463490 0.36597183 0.27607608 0.04755630 0.07633629 1 0.11524840 0.43437185 0.12220453 0.02747421 0.04061186
367,MVI_40192_img02047_jpg.rf.6801b943a4bfddb033c8fb27ed8e63af,2 0.91137320 0.32970819 0.30519781 0.06659536 0.11397381 1 0.90339071 0.81574326 0.40584378 0.06903114 0.10528984 1 0.90226763 0.09183012 0.59460864 0.13851504 0.21243830 1 0.90008080 0.88055000 0.33945675 0.07506409 0.10374889 1 0.89662755 0.90896835 0.66066213 0.12468739 0.17535982 1 0.89423561 0.68112507 0.39813881 0.06630802 0.10595064 1 0.89396834 0.33788908 0.42549839 0.07380877 0.11629438 1 0.89182162 0.42440271 0.44110026 0.07997847 0.12782984 1 0.87811548 0.75104094 0.30217090 0.05682716 0.08395615 1 0.87642783 0.94247990 0.28752487 0.06646500 0.07866955 1 0.87370300 0.80623674 0.24623432 0.05175076 0.06845484 1 0.86673260 0.67074914 0.28898282 0.05283747 0.08122034 1 0.86184305 0.82445793 0.18268127 0.04089355 0.05477438 1 0.85843104 0.48689871 0.24103291 0.04496174 0.07691607 1 0.85626042 0.43650084 0.19972435 0.03705025 0.05686128 1 0.83754033 0.64233794 0.19146352 0.03766146 0.05796785 1 0.81650299 0.34846230 0.24181778 0.04727221 0.06727738 1 0.78323585 0.50989141 0.17607092 0.03070354 0.05468047 2 0.77334410 0.26759009 0.24756899 0.05569296 0.09089804 1 0.77319849 0.73981457 0.14948843 0.03324738 0.04794006 2 0.74894702 0.83316488 0.91293068 0.18839645 0.17297134 1 0.72539020 0.37113290 0.15101831 0.03226299 0.04381633 1 0.37300065 0.47652907 0.13874128 0.02888527 0.04364083 1 0.13656037 0.62649808 0.12148374 0.02439823 0.04159338
368,MVI_40201_img00284_jpg.rf.183ddb0e63ddba68496da06ef78e611f,1 0.92004663 0.56549158 0.68780904 0.17447691 0.23320761 1 0.90468633 0.30615849 0.33519876 0.08512726 0.10839896 1 0.90220577 0.23525436 0.47283535 0.09179277 0.14450016 1 0.87637997 0.53880844 0.22392523 0.07541618 0.07307467 1 0.87455153 0.28926737 0.23451209 0.06365757 0.09206734 1 0.86704427 0.12771829 0.24424374 0.05471399 0.08525290 1 0.86376870 0.90835752 0.36718826 0.14037151 0.10054550 1 0.85059935 0.02516685 0.27301269 0.04884092 0.08006802 1 0.83984542 0.92555275 0.46407194 0.14759998 0.11927738 1 0.82953262 0.36082139 0.14447628 0.04816265 0.05208461 2 0.82652587 0.25687301 0.07171822 0.03413739 0.04876456 1 0.79309750 0.35923405 0.09740708 0.03863611 0.04244759 1 0.77541852 0.05530393 0.16153363 0.04199218 0.06422381 1 0.74985814 0.16811799 0.12951813 0.03332062 0.04704719 1 0.74668866 0.27265451 0.10997638 0.03596473 0.03806825 1 0.09976464 0.11153467 0.08797508 0.02820854 0.03831024 1 0.07415221 0.20945904 0.05838845 0.02384915 0.03155098 1 0.07385492 0.18884294 0.06851358 0.02485552 0.02955861 1 0.06512830 0.25702977 0.06883201 0.03576908 0.04146406
369,MVI_40201_img00300_jpg.rf.a7cda548bf77bf79bbe08e61dc8eba91,1 0.92274606 0.51350789 0.52292147 0.14872084 0.17150288 1 0.91029453 0.36283329 0.69612904 0.14711328 0.22669373 1 0.90305537 0.18548024 0.30833306 0.07000422 0.11108961 1 0.88969588 0.71353779 0.27822080 0.08782444 0.08607616 1 0.88747305 0.44488125 0.16913109 0.05901947 0.06260509 1 0.88315910 0.36179302 0.29336085 0.07908816 0.11250172 1 0.87350863 0.04767348 0.35537577 0.06465704 0.10443525 1 0.85673803 0.09328092 0.20022552 0.05095905 0.07633824 1 0.84100610 0.65463152 0.31239643 0.10415306 0.07806749 1 0.83921194 0.19704599 0.15139009 0.04018416 0.05391476 1 0.78180325 0.31327410 0.11768507 0.04189034 0.04661107 1 0.65965247 0.05703692 0.14782144 0.03426995 0.05033054 1 0.57784879 0.13150369 0.10152313 0.03132894 0.04080975 1 0.56982273 0.32014837 0.07828193 0.03292255 0.04039727 1 0.54863310 0.24043894 0.09148171 0.03412981 0.03725305 1 0.42975315 0.89158692 0.97789812 0.21682596 0.04420356 2 0.34132066 0.23234625 0.05911565 0.02895589 0.04317329 1 0.08741534 0.07585182 0.10227233 0.02525866 0.03673613 1 0.05997843 0.19152441 0.04795671 0.02211814 0.02945090
370,MVI_40201_img00868_jpg.rf.b957fe87452bfd54c79de23cecf207da,1 0.91113347 0.45874143 0.34219797 0.08995543 0.11081924 1 0.90189624 0.36072698 0.39176788 0.08928251 0.11885128 1 0.89104438 0.72359848 0.22688942 0.09729090 0.09313049 1 0.88608974 0.22473402 0.23269722 0.05621853 0.08120546 1 0.87149686 0.12817112 0.21726599 0.04374368 0.06804795 1 0.86916095 0.27895744 0.19870870 0.05130053 0.06654758 1 0.86042511 0.92706585 0.25083880 0.10255508 0.08451662 1 0.85883182 0.52096672 0.13905787 0.05773697 0.06166692 1 0.85404593 0.04634113 0.24015856 0.04458656 0.06975660 1 0.83808106 0.82248268 0.37689555 0.11823750 0.10191655 1 0.79018664 0.19482133 0.12935983 0.03572769 0.04799767 1 0.78976476 0.38840451 0.09783651 0.03601055 0.03982019 1 0.77186435 0.03642102 0.15839849 0.03164572 0.05020919 2 0.74735886 0.89747314 0.87361848 0.20495453 0.25193563 1 0.66119695 0.26809444 0.09761464 0.03000393 0.03394283 1 0.57922655 0.29026957 0.08300476 0.02962732 0.03894091 1 0.57697356 0.37180538 0.07562672 0.03154364 0.03643529 1 0.29788575 0.06370721 0.11379613 0.02889852 0.04046426 3 0.26572627 0.89686759 0.87465007 0.20549045 0.25069966 1 0.22032829 0.32933221 0.05774001 0.02729607 0.03240498 1 0.11717132 0.89966602 0.87389870 0.19850655 0.25088177 1 0.05401438 0.27898397 0.08950914 0.02982035 0.03739281
371,MVI_40204_img00396_jpg.rf.1e9f8b150248daafadfb86d8084ed7a8,2 0.92021215 0.43430537 0.31918426 0.11255610 0.15636454 1 0.91569823 0.09241477 0.61790752 0.11070422 0.19561081 2 0.89691150 0.09576728 0.28384082 0.07693950 0.16314993 1 0.89227563 0.29151387 0.33078876 0.07990189 0.11352401 1 0.87440109 0.12517889 0.15531653 0.04596944 0.07055354 1 0.87086987 0.24331193 0.17362635 0.05940571 0.08301435 1 0.85968953 0.43635778 0.08223081 0.04345779 0.04510036 1 0.85232890 0.60323849 0.16495458 0.06450424 0.06806009 1 0.83743942 0.55778518 0.19160137 0.07230558 0.07275972 1 0.83403456 0.53983870 0.23603740 0.07258110 0.07089229 1 0.80964649 0.34322042 0.07230541 0.03917737 0.04195853 1 0.80455971 0.32780330 0.12590044 0.04462376 0.04456253 1 0.77126122 0.21300721 0.06660448 0.03615212 0.03665675 1 0.74791867 0.06373260 0.08609869 0.03377142 0.04614305 1 0.69531333 0.32234464 0.04218887 0.03155594 0.03404522 1 0.67899728 0.26926949 0.04424205 0.03252215 0.03765048 1 0.66535622 0.22267747 0.04523576 0.03009253 0.03298349 1 0.23140910 0.15257020 0.02660033 0.02479556 0.02780236 1 0.08429489 0.33653579 0.06409329 0.03971319 0.04410583 1 0.05652486 0.17735231 0.01220354 0.02059431 0.02201243 1 0.05242094 0.06071252 0.03372561 0.02513409 0.03688380
372,MVI_40204_img00551_jpg.rf.835bcd61b3d7ff835b51cd45420251a5,1 0.88755596 0.76845946 0.19711007 0.08780127 0.07495205 2 0.88703525 0.26349242 0.19441134 0.05909691 0.09577606 1 0.88463670 0.49652662 0.13013986 0.05712185 0.05668471 1 0.88168085 0.58980427 0.20533178 0.08596592 0.07776599 1 0.87107062 0.14803040 0.18244853 0.04887314 0.06704803 1 0.86882025 0.07165375 0.20909846 0.05038643 0.07227397 1 0.86346275 0.39012454 0.08942882 0.04533858 0.04986733 1 0.85919303 0.11397208 0.13171830 0.03879826 0.05507703 1 0.85703516 0.92770796 0.44126883 0.14458388 0.12456856 1 0.84859788 0.18313034 0.13239588 0.04253588 0.05545750 1 0.84228063 0.51233416 0.21170802 0.07859955 0.06550956 1 0.79839700 0.33415129 0.12180306 0.04575186 0.04411647 1 0.76421404 0.32485213 0.09209586 0.04576044 0.04388140 1 0.75523669 0.73747187 0.59043016 0.21411209 0.26615753 1 0.67191494 0.20959408 0.05850976 0.03239303 0.03286917 2 0.64545387 0.73667049 0.59274225 0.21206207 0.26653309 1 0.54536897 0.03236083 0.10365112 0.03103032 0.04592128 3 0.27168313 0.27074456 0.01992609 0.05053420 0.03899224 0 0.19275531 0.27073545 0.02025857 0.05242052 0.04009148 1 0.12418018 0.32958779 0.10464910 0.05033054 0.04200943 1 0.11457889 0.21017349 0.03699606 0.02696023 0.02889479 1 0.10784077 0.22809536 0.02649568 0.02677622 0.03201680 1 0.05820199 0.04121972 0.05940327 0.02511863 0.03886682 1 0.05762621 0.21198758 0.04485486 0.03091460 0.02902978
373,MVI_40204_img00650_jpg.rf.a1c2440e9c37e0e5595644888b20bb8c,1 0.91552562 0.24695017 0.45964764 0.09805212 0.14948409 1 0.91543365 0.85741301 0.86841416 0.27318935 0.26317148 1 0.90706903 0.93758464 0.36285567 0.12483053 0.11651106 1 0.87745494 0.83366213 0.37998171 0.13572731 0.10999489 1 0.87600672 0.22662659 0.25060034 0.06391006 0.08606949 1 0.87512344 0.53018742 0.17062809 0.06536798 0.07025247 1 0.86952710 0.58527160 0.15847788 0.06249466 0.06546788 1 0.84027910 0.35097766 0.12083584 0.04246855 0.04741888 1 0.83951926 0.13123637 0.14422626 0.04254887 0.06048007 1 0.83801442 0.63615665 0.14143779 0.06892967 0.06344860 1 0.83609766 0.45934849 0.18011262 0.06276226 0.05932226 3 0.77912432 0.08282647 0.07266826 0.06381524 0.11599053 1 0.77075815 0.25847671 0.07755276 0.04178052 0.03910811 1 0.76961452 0.34851732 0.09117694 0.04690056 0.04556711 1 0.71273154 0.15259343 0.09174569 0.03651850 0.04682611 2 0.70711422 0.80948057 0.24385633 0.11797199 0.10008699 1 0.61204475 0.19962455 0.04706737 0.02863505 0.03508884 1 0.43100932 0.01787907 0.11082760 0.03275328 0.05086415 1 0.26669639 0.28537762 0.02224069 0.02732520 0.03284590 1 0.21414837 0.22154799 0.03234204 0.02554665 0.03336233 1 0.20524308 0.20853255 0.03960671 0.03326077 0.03462610
374,MVI_40204_img00654_jpg.rf.dcc428ca46cc9fd27af6c03afc0f34a0,1 0.92094064 0.26954520 0.50169868 0.10725045 0.16302681 1 0.89867193 0.24160180 0.26845670 0.06739569 0.09202571 1 0.89706749 0.88124905 0.33414664 0.13348083 0.11214190 1 0.87907249 0.55730104 0.14830227 0.05907211 0.06302395 1 0.87354636 0.50342941 0.15803339 0.06087551 0.06599779 1 0.86980140 0.13438179 0.15073729 0.04411402 0.06220441 1 0.85828727 0.77068353 0.34831748 0.12814665 0.10076323 1 0.84843034 0.43462563 0.16747830 0.06018066 0.05686736 1 0.84002137 0.60535135 0.13077462 0.06401768 0.05983562 1 0.82363462 0.91364784 0.92592096 0.17208519 0.14770107 1 0.82198286 0.33393695 0.08498554 0.04465089 0.04293950 3 0.80914170 0.08356141 0.07517347 0.06787716 0.12058676 1 0.79087704 0.15820270 0.09743356 0.03758254 0.04729109 1 0.76190305 0.33413782 0.11373987 0.04070158 0.04317460 2 0.76083881 0.76665478 0.22524643 0.10928211 0.09490323 1 0.74641585 0.24840994 0.06978297 0.03941755 0.03755646 1 0.52324075 0.01925799 0.11684941 0.03373645 0.05201471 1 0.48049960 0.19138694 0.04408469 0.02838831 0.03378319 1 0.11156186 0.27489173 0.01921180 0.02669954 0.03082784 1 0.10166855 0.21214533 0.02856960 0.02591400 0.03054932
375,MVI_40204_img00831_jpg.rf.13fbf2b559a7bdd48a4ff93f62953ebf,1 0.92233688 0.41993123 0.33183150 0.10130994 0.13718834 2 0.91537356 0.29117098 0.31628542 0.07426634 0.13424177 1 0.90162569 0.90526924 0.36835556 0.14826202 0.11820316 1 0.89470476 0.22884710 0.51931829 0.09978008 0.17075424 1 0.88558406 0.53116703 0.14868382 0.05328712 0.05999115 1 0.87928551 0.13824983 0.30757046 0.06172080 0.09465461 1 0.87161285 0.04799888 0.17467909 0.04184348 0.06261129 1 0.87005019 0.20193398 0.14441669 0.04114237 0.05562043 1 0.84376830 0.61528540 0.23196201 0.07951860 0.07022533 1 0.82628638 0.45952015 0.09705266 0.04501572 0.04623048 1 0.81597912 0.53650856 0.24433861 0.06932411 0.06776400 1 0.80280596 0.96235533 0.88268547 0.07513828 0.23358059 2 0.79808289 0.47725549 0.16518167 0.06635380 0.07172415 1 0.79052734 0.28465810 0.07438942 0.03366489 0.03741887 2 0.78866059 0.34168236 0.09255932 0.04788761 0.06962532 1 0.76745117 0.22847531 0.92324962 0.17780271 0.15350056 1 0.75505757 0.31272244 0.12275271 0.04111018 0.03959227 1 0.67903966 0.24405699 0.08312817 0.03184080 0.03621402 1 0.36200565 0.98028788 0.34491236 0.03942404 0.09739652 1 0.34995577 0.30359287 0.04790294 0.02822971 0.03509144 1 0.31322733 0.02412190 0.10706534 0.03069717 0.04585133 1 0.25996017 0.11377678 0.08295122 0.02901369 0.04090445 1 0.08698735 0.33955250 0.06999941 0.03555417 0.03750319 1 0.08290449 0.24912920 0.04036734 0.02780209 0.03513632
376,MVI_40204_img01104_jpg.rf.4c17fc692b4ac132c587922dad8161d4,2 0.93683010 0.40547322 0.42825813 0.12282679 0.19038048 1 0.89071244 0.12851445 0.69385309 0.12204962 0.24437847 1 0.88538682 0.77635422 0.25756669 0.09907990 0.08329792 1 0.88364238 0.53434076 0.19690359 0.06943855 0.06539125 1 0.88314468 0.63164320 0.26113820 0.08873959 0.08484931 1 0.87710136 0.42149574 0.34056869 0.09037740 0.10265703 1 0.87657595 0.20083308 0.22406561 0.05214877 0.07496834 1 0.86498529 0.12860762 0.24692719 0.05255222 0.07915998 1 0.85363734 0.20965366 0.15175939 0.04828715 0.06435494 1 0.83920830 0.93504200 0.83806086 0.12888985 0.29455490 1 0.83835435 0.44591082 0.81622601 0.22137949 0.35906792 1 0.83683175 0.35553064 0.11365824 0.04231710 0.04331870 1 0.82800305 0.14680061 0.18377222 0.04338770 0.07030132 1 0.81984437 0.44414444 0.19384047 0.06022530 0.05310023 2 0.76839393 0.44574480 0.08869410 0.04495659 0.05875549 1 0.74503350 0.12628143 0.12937659 0.03348167 0.04690824 1 0.74068320 0.27197351 0.09256078 0.04066896 0.04290483 1 0.73887414 0.05337753 0.14096696 0.03321661 0.04837484 2 0.62181479 0.42246366 0.10668519 0.03898172 0.05945492 1 0.61239046 0.14708211 0.10103461 0.03161960 0.04144070 1 0.51436907 0.42252836 0.11188897 0.03803425 0.05231988 1 0.50930655 0.35389323 0.07437762 0.03795042 0.04625161 1 0.47414681 0.00982637 0.12235871 0.01965254 0.04712719 1 0.37327975 0.97544513 0.52859206 0.04910954 0.14133205 1 0.23638307 0.27210231 0.05249919 0.02962160 0.03153062 1 0.09758259 0.17683100 0.04344929 0.02486329 0.03182281 2 0.07181913 0.08141137 0.08421522 0.02783402 0.04991930
377,MVI_40211_img00252_jpg.rf.f8aa6e2d9915ac03092fa207721d3097,1 0.90142387 0.87717838 0.74700160 0.24057961 0.20942507 1 0.88986701 0.37107420 0.70643778 0.25855227 0.22813797
378,MVI_40211_img00306_jpg.rf.522b4e5782aadc008936891533b460ba,1 0.91882515 0.61074829 0.83094809 0.31665688 0.26024470 2 0.90341264 0.86116259 0.51850519 0.24379878 0.22753067 1 0.89327282 0.56156416 0.25198922 0.12420225 0.08799610 1 0.75954413 0.07429179 0.77631397 0.14858337 0.23260574
379,MVI_40211_img00405_jpg.rf.88056ee46434ccc2ba4cf427ca82b6bb,1 0.88810754 0.27921567 0.28499618 0.11531343 0.09930620 1 0.84686923 0.69748316 0.61528187 0.25074139 0.18616695 2 0.79417318 0.56203671 0.35423894 0.18181248 0.12938852 1 0.78842467 0.53921661 0.30131605 0.13335743 0.09817605
380,MVI_40211_img00473_jpg.rf.260487c96bb20edbf41ce8f613f06b0f,2 0.90172547 0.25915074 0.68814754 0.25925112 0.27448196 1 0.90117788 0.88433104 0.72599783 0.22884903 0.21551857 1 0.89649522 0.59976392 0.34222050 0.15512972 0.12320242 1 0.87135369 0.69112844 0.27395678 0.11452560 0.09655590
381,MVI_40211_img00491_jpg.rf.c310abd46b8ece9958659651e19c86d1,1 0.90057737 0.27398217 0.32789941 0.15562959 0.11984663 2 0.87935048 0.86389503 0.53094530 0.19360390 0.19760437 1 0.87778717 0.08188367 0.41462946 0.16040565 0.14286728 1 0.80672359 0.97699976 0.21371396 0.04600028 0.06863527
382,MVI_40211_img00644_jpg.rf.b3abcfea37ecb1acf76b72105b1664a7,2 0.92360854 0.61934137 0.23097396 0.12002239 0.10506563 1 0.90768629 0.14105134 0.34479990 0.16669384 0.11822329
383,MVI_40211_img00692_jpg.rf.3f770e83544862eda9257f92ae6ce72e,1 0.89653152 0.44887085 0.69721689 0.27660618 0.21348057 1 0.87334430 0.06853029 0.43651772 0.13647444 0.12854147 2 0.58420074 0.92139654 0.89668345 0.15720672 0.20663290 1 0.41314700 0.91980658 0.89918899 0.16033611 0.20162182
384,MVI_40211_img01152_jpg.rf.68b8a346556ed0b1760615d3150163a9,1 0.90409523 0.85631638 0.25010092 0.11883125 0.09706445 1 0.87715411 0.49661875 0.25286322 0.13556833 0.08794260 1 0.82073784 0.47296958 0.39493921 0.21534100 0.16368995 1 0.80323875 0.97511763 0.27968919 0.04976454 0.08195677 1 0.64187551 0.77977028 0.95166950 0.27250347 0.09648457
385,MVI_40211_img01289_jpg.rf.18a91509d81539bd1370b686f6e3570e,1 0.91356224 0.34089775 0.89582632 0.37538576 0.20665936 1 0.90330929 0.59082842 0.27618513 0.13126402 0.10830154 1 0.89059633 0.80041761 0.22263040 0.11414394 0.07701398 1 0.88852555 0.94925914 0.28954415 0.10148153 0.08715868 1 0.87480563 0.59482584 0.39506478 0.18893766 0.12460155 1 0.39604056 0.02667270 0.81960144 0.05290415 0.24427166
386,MVI_40211_img01367_jpg.rf.816ee8d66399eb010c4de16e5a06386f,1 0.90604818 0.47366042 0.30773015 0.16291428 0.10350718 1 0.88753873 0.35681398 0.27664957 0.13115783 0.09437065 1 0.88287938 0.74090939 0.24574108 0.11518955 0.08180027 1 0.85936290 0.61953306 0.33659167 0.13677197 0.10391035 1 0.83368999 0.88377704 0.90979519 0.23244571 0.17978401 1 0.83010846 0.69581518 0.37885652 0.15631180 0.11468363 2 0.79712981 0.09604021 0.40653119 0.18517474 0.17283716 1 0.72791201 0.91970987 0.55032358 0.15887089 0.18515892 1 0.11678816 0.12539663 0.35677996 0.12678542 0.07925081 2 0.08198179 0.92034798 0.54979086 0.15843620 0.18787851
387,MVI_40211_img01431_jpg.rf.4f4ab3d3cb30a1d4ff4cdce8a3d4cd59,1 0.90799606 0.74336958 0.26125007 0.11974239 0.08727970 1 0.87587190 0.35439456 0.42700200 0.22878413 0.16439028
388,MVI_40211_img01449_jpg.rf.e5ff11d4554c67bbddd618de1672bef4,1 0.91220987 0.37588177 0.31253037 0.14765625 0.10478773 1 0.74378675 0.98374123 0.23728182 0.03251733 0.07643757 1 0.43487948 0.98936281 0.32426682 0.02113056 0.07526121
389,MVI_40211_img01665_jpg.rf.04d481dbd2543498fba1a07a4a04712e,1 0.89917535 0.54492960 0.30549698 0.13533745 0.09598742 1 0.89702845 0.42001896 0.37245722 0.17269840 0.11607857 1 0.89439106 0.26587058 0.89988727 0.39551228 0.20022525 1 0.87181091 0.63199811 0.25170918 0.12036152 0.08516140 1 0.87115782 0.16945396 0.47706585 0.19362769 0.14124346 1 0.86798859 0.93507671 0.29612961 0.11480885 0.08948593 1 0.84781766 0.95333276 0.52730017 0.09333429 0.15786705 1 0.83856118 0.93413029 0.22511480 0.10790596 0.07302699
390,MVI_40211_img01815_jpg.rf.a77e4413bf15e0f2dcdb53f5060a2f83,3 0.94646072 0.16777423 0.32544382 0.33554826 0.29663568 1 0.90286189 0.52432551 0.83926592 0.34060402 0.27432499 2 0.88874549 0.86170216 0.53199110 0.19122028 0.19044018 1 0.87742430 0.71842356 0.35671186 0.16638241 0.12410851 1 0.59250492 0.04090522 0.48761072 0.08094744 0.15703754 1 0.28208908 0.88365507 0.93703585 0.23085041 0.12590733 1 0.07045797 0.93870716 0.92935781 0.12096329 0.14128418
391,MVI_40211_img01877_jpg.rf.a5e484240ddfad07a61833848226d757,2 0.89859694 0.92495484 0.27111115 0.15009012 0.15883040 1 0.86983502 0.76935959 0.23628905 0.11013718 0.07496548
392,MVI_40212_img00911_jpg.rf.db9323f3fd56d2b7c0f825dd0e1dfc45,1 0.92179185 0.78848019 0.81075468 0.29842777 0.25635529 1 0.86005664 0.94974861 0.20027232 0.09468689 0.07135324 2 0.84515041 0.91392984 0.88382578 0.17151241 0.23234825 1 0.84261894 0.95665140 0.51967878 0.08669700 0.17540073 2 0.62260807 0.96002350 0.29267519 0.07988510 0.10038276 1 0.48579478 0.95975432 0.29494746 0.08049116 0.09820566
393,MVI_40212_img00931_jpg.rf.d8a6dec124c19a19160803eefdbc1283,1 0.90044355 0.66903725 0.24529109 0.11723642 0.08304162 1 0.89664048 0.82124786 0.25657568 0.10760632 0.08823605 2 0.88469136 0.58231630 0.38708076 0.15601912 0.14708862 1 0.84698659 0.63970146 0.66449075 0.25603676 0.19721403 1 0.76521462 0.20480356 0.93912205 0.30894022 0.12175570
394,MVI_40212_img01213_jpg.rf.cc003691e6a834ac3bb366a1707eddd0,1 0.92392582 0.30633626 0.89788184 0.32349977 0.20423612 1 0.90071911 0.91952648 0.26881356 0.12299061 0.08283787 1 0.89965463 0.11235608 0.39284310 0.17522621 0.14064188 1 0.88333988 0.82494707 0.63040133 0.24239616 0.18766117 1 0.75575042 0.92727909 0.22948384 0.09739418 0.06453376 1 0.09590742 0.00995295 0.57124019 0.01960313 0.14742260
395,MVI_40212_img01614_jpg.rf.d9b8dfd8066160ba879160bee01c4473,2 0.92415392 0.47994180 0.44018960 0.17893057 0.16395369 1 0.91161311 0.24527843 0.78632097 0.31751904 0.23595486 1 0.61522841 0.85729654 0.95411196 0.28172231 0.09177589
396,MVI_40213_img00005_jpg.rf.4c7a4faa0c1a3269fff7b4a5bb2e63d8,1 0.90846294 0.31817491 0.44316224 0.18380885 0.12328341 1 0.88991761 0.89049292 0.28358955 0.11829643 0.08057213 1 0.88023889 0.37446043 0.34766569 0.15780873 0.09722586 1 0.59208882 0.98673873 0.52363210 0.02652235 0.09938498 1 0.34271383 0.97308693 0.67976418 0.05358372 0.24561462 2 0.25061589 0.97251854 0.67343092 0.05462418 0.22064362 1 0.07978691 0.97432203 0.71873207 0.05041904 0.13065243
397,MVI_40213_img00034_jpg.rf.3efc2e5b4ab2186ab4a5f6d36cc947e4,1 0.92132640 0.62532768 0.82567327 0.29866562 0.25008969 1 0.91298169 0.75471525 0.33904831 0.14375095 0.11499457 1 0.91110694 0.43731027 0.35711017 0.15522785 0.10783758 1 0.87760347 0.73859949 0.62718897 0.24886799 0.17591953 1 0.85790884 0.95601139 0.22472360 0.08797702 0.07352018
398,MVI_40213_img00177_jpg.rf.b7f64843a331b4c2b6368ccda05cac14,2 0.91360003 0.31825542 0.41294192 0.20821419 0.18124316 1 0.90642792 0.57000332 0.34268975 0.13937187 0.09426560
399,MVI_40213_img00203_jpg.rf.7dc39bfc060ae15fcb90fa164c444cf9,1 0.90273070 0.65437393 0.29510088 0.11891766 0.08511295 1 0.79212052 0.02801616 0.45438442 0.05497166 0.11133308 1 0.09003055 0.78484983 0.98632197 0.22607079 0.02735586
400,MVI_40213_img00259_jpg.rf.44ce550ca02c2ec9bba487c810c0bf58,1 0.88954651 0.91563187 0.32589900 0.12368851 0.09103909 1 0.88674963 0.84204769 0.58765993 0.19422569 0.16201992 2 0.88401365 0.89334221 0.23496749 0.08948135 0.08431268 1 0.87535918 0.08035398 0.49613771 0.16014767 0.13256531 1 0.85768992 0.72148476 0.39587440 0.15631981 0.12683115 1 0.77480394 0.96007748 0.69223752 0.07969093 0.19192791
401,MVI_40213_img00275_jpg.rf.25d023e5fb957490dd698a06ba8b9028,1 0.93943357 0.51489692 0.88704495 0.32226219 0.22590990 1 0.91333079 0.33853011 0.47889514 0.19055796 0.16544924 1 0.91002297 0.15338509 0.83527453 0.30655456 0.26169238 1 0.89935672 0.61221666 0.38540578 0.15267410 0.10940161 2 0.89066017 0.64489436 0.27032409 0.10420799 0.09591627 1 0.69742477 0.84974098 0.95326195 0.29839649 0.09230843
402,MVI_40213_img00504_jpg.rf.8cb055939be9b97b5c4af9a056f18323,1 0.91781211 0.62666416 0.86345015 0.30092583 0.27204704 1 0.87773424 0.54554520 0.44659381 0.18327770 0.13358698 1 0.86259669 0.67176266 0.64721761 0.24851685 0.19689703 1 0.71859747 0.03259426 0.51495314 0.06518831 0.13403482
403,MVI_40213_img00588_jpg.rf.782d84ed976c16893b06f8e175bed872,1 0.89588821 0.32869563 0.44882318 0.19081659 0.13539751 1 0.89226711 0.85374250 0.58828359 0.20481758 0.17286367 2 0.88923538 0.61371555 0.39068770 0.22045269 0.21136990 1 0.88581914 0.07439134 0.44157252 0.14665973 0.11936789 1 0.88551253 0.84134731 0.29804351 0.11663132 0.08407588 1 0.87274450 0.95519285 0.23752275 0.08743515 0.07175684 1 0.85188556 0.28707404 0.93195171 0.31982166 0.13568382 1 0.82446593 0.96879306 0.34092720 0.06241368 0.09594345 1 0.81409395 0.60197325 0.29833951 0.12646217 0.08855972 1 0.28625923 0.98634386 0.64804773 0.02716370 0.11320848
404,MVI_40213_img00742_jpg.rf.3b5f1dc0f41c67cfca07735ebba287cc,3 0.93085867 0.78572254 0.26375417 0.23380718 0.18747865 1 0.89929193 0.85140886 0.59231043 0.20351276 0.16287804 1 0.89168012 0.58575134 0.30449057 0.12228069 0.08746614 1 0.78941530 0.97559652 0.23098093 0.04880676 0.07733945
405,MVI_40213_img00887_jpg.rf.fd3ac0ab1f69ccbf1b43ddd8a4201128,1 0.90096503 0.11252973 0.84019852 0.22357702 0.23034286 1 0.88007146 0.41676043 0.35781572 0.12757132 0.10065465 1 0.87660044 0.48734164 0.30187016 0.11824408 0.08460112 1 0.86283535 0.76937337 0.39483619 0.16235094 0.11463728 1 0.54322505 0.28341480 0.42249593 0.17171630 0.16051829 2 0.44063425 0.28289729 0.42255944 0.16943387 0.16151774 1 0.10840976 0.99532113 0.21694639 0.00935754 0.05173078
406,MVI_40213_img00891_jpg.rf.c74ae9123e28f1d167d01d9aec390902,1 0.91329938 0.24161201 0.78946853 0.31642933 0.23869982 1 0.87621206 0.31675148 0.37783494 0.14307561 0.10610170 1 0.87111431 0.39633956 0.32029262 0.13267450 0.09061451 1 0.84772992 0.97076950 0.21924033 0.05770378 0.07045889 1 0.83905876 0.68444796 0.41191235 0.17184219 0.11274109 2 0.58582884 0.17246611 0.44642906 0.17914915 0.17026997
407,MVI_40213_img01301_jpg.rf.dd890e42d2ae15e845f708a34c1e35d1,1 0.88308805 0.90061188 0.25297108 0.10862541 0.07684579 1 0.86596733 0.75844393 0.39351015 0.16630630 0.12906094 2 0.85737705 0.42701579 0.74561214 0.31831281 0.25695381 1 0.61915267 0.11839416 0.96645613 0.23522763 0.06595306 1 0.48953447 0.42654046 0.74527717 0.32024539 0.25567350 1 0.15406409 0.04607078 0.95966511 0.09196836 0.07850399
408,MVI_40213_img01394_jpg.rf.0cfa7fadfc30cc4ff576a119e0cd6bbf,2 0.93450618 0.75693917 0.75543470 0.44187555 0.43721504 1 0.89618003 0.38514419 0.42620182 0.17295809 0.12390957 1 0.80906683 0.92202086 0.56137967 0.15595808 0.13971128
409,MVI_40213_img01434_jpg.rf.3568f7885e1952eb4722fc8acc7bc88d,1 0.87914634 0.90628710 0.57067518 0.18661747 0.19480391 1 0.85791534 0.41825790 0.49694529 0.19891663 0.13649025
410,MVI_40213_img01447_jpg.rf.63bc5f5f573a8c48a019185a9dab823d,1 0.87260133 0.95040245 0.24897623 0.09665947 0.07394724 1 0.33181322 0.03206154 0.58969755 0.06409159 0.15159798 1 0.10379546 0.08621085 0.98383064 0.16979828 0.03183517 1 0.06816743 0.06281047 0.59439793 0.12401390 0.14567490
411,MVI_40213_img01623_jpg.rf.348afbce78eb61677b06a49d82d1a712,1 0.91739482 0.49012918 0.33832240 0.15047722 0.10298281 1 0.91478491 0.39985363 0.46621312 0.19231076 0.14038813 1 0.90547186 0.70023675 0.35258441 0.16000948 0.11048403 1 0.88996434 0.77966576 0.76376996 0.26004734 0.25792360
412,MVI_40213_img01683_jpg.rf.7055369afc6ab48aee339a5416b11ba4,2 0.89193416 0.10703447 0.46472230 0.19764143 0.18049746 1 0.88917685 0.46095761 0.46965151 0.18894598 0.13315620 1 0.88442665 0.61526775 0.68719330 0.24707603 0.19645100 1 0.83905649 0.68896227 0.27387679 0.10974312 0.08236203 2 0.67277211 0.71178865 0.34906912 0.15439320 0.13464851
413,MVI_40213_img01726_jpg.rf.167592914d12b46e1427191609de94eb,1 0.92391729 0.51392202 0.69365582 0.28615131 0.22275724 1 0.91065919 0.86634197 0.31364892 0.12436600 0.09133081 1 0.88890493 0.48212667 0.45121021 0.19026670 0.13928528 1 0.64166588 0.99040575 0.22471632 0.01887112 0.06649734
414,MVI_40241_img00032_jpg.rf.857e7886eb334bb764223416b30a320c,1 0.90397251 0.29790397 0.30883956 0.10077906 0.09994607 1 0.89198881 0.55499630 0.17491676 0.05604458 0.06098659 2 0.89130455 0.67263236 0.46094389 0.11369801 0.19082079 1 0.88728428 0.80124168 0.67021561 0.11881618 0.22969418 1 0.87445790 0.89862909 0.22643114 0.04960747 0.07858332 1 0.87138134 0.52911577 0.24287055 0.07305698 0.07867975 1 0.86964691 0.64083776 0.14643776 0.05119038 0.05996962 1 0.85856277 0.76516705 0.16577487 0.04705791 0.05965943 1 0.83376890 0.97560101 0.24851196 0.04770660 0.08424983 1 0.78460997 0.83444138 0.14018741 0.03999214 0.05647326 2 0.72817296 0.72356720 0.24821837 0.07544518 0.09722939 1 0.69232291 0.59046469 0.10931330 0.03967819 0.04604268 1 0.47977501 0.72302475 0.24860411 0.07370300 0.09407282 1 0.23527023 0.80984709 0.09597236 0.03581576 0.04530780 1 0.21576034 0.13531600 0.97466159 0.23625839 0.05067663 1 0.21310222 0.70203624 0.09143838 0.03422060 0.04292648
415,MVI_40241_img00045_jpg.rf.78af8b7c7b391b52dec47c89809dd6c1,1 0.92068172 0.39920342 0.66396523 0.17242084 0.20408840 1 0.90822297 0.15526299 0.41368804 0.13339610 0.12737427 2 0.90026897 0.75139589 0.30824828 0.07741985 0.12936077 1 0.89770979 0.42417707 0.33484225 0.10209236 0.10737524 1 0.89226204 0.85850344 0.40580082 0.07675323 0.12650032 1 0.89194804 0.58567863 0.19673496 0.06561079 0.07468889 1 0.89133292 0.48329921 0.23287386 0.07291613 0.07863017 1 0.86835104 0.91448040 0.16158341 0.03933315 0.06285772 1 0.86167431 0.97889633 0.17263105 0.03978386 0.06585135 1 0.85830581 0.54400797 0.14106987 0.04749947 0.05376763 2 0.79122120 0.78503723 0.17284591 0.05580044 0.08290067 1 0.65705591 0.79617367 0.12531596 0.03760433 0.05246920 1 0.65522331 0.67095280 0.11775591 0.03999205 0.04939595 1 0.27689478 0.85487480 0.10251558 0.03406448 0.05070987
416,MVI_40241_img00184_jpg.rf.b1b95b93527405bd26df6b9e0d125c0b,2 0.93722427 0.43410643 0.85934012 0.26647742 0.28057017 1 0.92481995 0.16120599 0.56835155 0.14799795 0.19578047 1 0.91394037 0.52905989 0.50809174 0.13227139 0.16268444 1 0.91169792 0.24319656 0.40530195 0.10840816 0.11872444 1 0.89616871 0.82571974 0.54524870 0.10500278 0.19157639 1 0.89316314 0.43579297 0.22527225 0.08014240 0.07770929 1 0.87428147 0.40687953 0.19385762 0.06604459 0.07796535 1 0.86960781 0.63247414 0.16036100 0.04609032 0.05657020 1 0.85120755 0.52374496 0.14658611 0.04915581 0.05473742 1 0.84261310 0.91221790 0.17036692 0.04257832 0.06649296 1 0.64807689 0.98668108 0.11898692 0.02663764 0.05303857 2 0.45145261 0.86882782 0.09914423 0.03554001 0.06391444 1 0.44105881 0.69673691 0.10705032 0.03624420 0.04732299 1 0.36910442 0.99461040 0.27779446 0.01030445 0.10236607 1 0.08824447 0.67106905 0.09355738 0.03674374 0.04151864
417,MVI_40241_img00277_jpg.rf.2a299bfa10c588af6c9deae86348559c,1 0.92112285 0.22521538 0.36331964 0.11542360 0.11105309 1 0.88652104 0.49561381 0.27674513 0.08501892 0.10048103 2 0.86911601 0.52690983 0.18899192 0.05765371 0.07911432 1 0.84698439 0.90873337 0.16974368 0.04114151 0.06750412 2 0.80892599 0.67770782 0.11320708 0.05094042 0.07222617 1 0.50246209 0.61871963 0.10141135 0.04058142 0.04358776
418,MVI_40241_img00682_jpg.rf.9e5c540cd965dc8b6576dd5ba4f13fa6,2 0.91878730 0.07919094 0.47138653 0.15492588 0.20237446 1 0.91638017 0.35716686 0.34667811 0.10079021 0.10285463 1 0.90715939 0.62046146 0.37992425 0.09280949 0.11184254 0 0.87400353 0.42814832 0.20596631 0.10046310 0.14045167 1 0.84065348 0.05547024 0.73283072 0.11094028 0.21802921 2 0.75337040 0.55490098 0.11537127 0.05368729 0.08202997 1 0.73739934 0.96445942 0.88624659 0.07068138 0.22541313 1 0.57301289 0.64906368 0.12524860 0.04306793 0.04975929 2 0.38991255 0.42787948 0.20504828 0.09836321 0.13804682 1 0.26127267 0.86804714 0.10818053 0.02994690 0.04700668 1 0.08885878 0.64449363 0.10485113 0.03770714 0.04132795
419,MVI_40241_img00729_jpg.rf.00882ccbae6bab663a314bd0cf4b47b7,2 0.94298351 0.25378170 0.28565478 0.12246356 0.15380335 0 0.93032330 0.60476627 0.36497622 0.13103180 0.22709150 1 0.90467978 0.80917017 0.68587685 0.11582370 0.23191872 1 0.90007275 0.29882066 0.38678470 0.11975965 0.11924810 1 0.89095873 0.40900664 0.25718913 0.08036175 0.07920537 1 0.88918775 0.51305413 0.23305280 0.06181440 0.07073245 1 0.88879848 0.85439491 0.33756509 0.06372108 0.10328078 1 0.88612980 0.80128613 0.24342573 0.06200409 0.09012790 1 0.82846016 0.54390278 0.13932157 0.04398689 0.04585152 1 0.81662595 0.59314775 0.13363539 0.04032860 0.04680722 1 0.80706608 0.98008780 0.20613739 0.03982420 0.06922135 1 0.48213649 0.79714804 0.12958651 0.03949108 0.05043349 1 0.45866737 0.96727838 0.96770205 0.06544304 0.06459570 1 0.27377078 0.71560917 0.10869482 0.03737011 0.04326910 1 0.06180345 0.96718125 0.93779621 0.06563730 0.11958809
420,MVI_40241_img01148_jpg.rf.29727ee41314941494a16e1f0b5f7301,1 0.92338240 0.12608649 0.63062201 0.17615271 0.18761749 1 0.91683626 0.07014256 0.56549683 0.14028493 0.19283962 1 0.91597307 0.52450657 0.54036779 0.13142290 0.15717602 1 0.89052534 0.22359390 0.38567796 0.10493574 0.10213804 1 0.88893449 0.41392545 0.29666977 0.08287032 0.08768196 2 0.86945295 0.61991363 0.17562134 0.05015078 0.07683220 1 0.84869659 0.21142044 0.34242101 0.09920392 0.09083843 1 0.83417904 0.82171898 0.18118082 0.04279137 0.06105769 1 0.76572472 0.89827919 0.15451689 0.03439140 0.05409303 1 0.30319658 0.65158691 0.11982639 0.03743458 0.04313421 2 0.25877738 0.60903339 0.12124622 0.03934231 0.04747956
421,MVI_40241_img01171_jpg.rf.f69a4b46a876325a7f1ab20a35137b0c,1 0.93287015 0.16623528 0.48730741 0.13994294 0.14381523 2 0.91419744 0.50727973 0.26506267 0.07450047 0.10985498 1 0.91035509 0.80055485 0.83887491 0.15763359 0.32224998 1 0.87734526 0.69996920 0.27331769 0.06264343 0.07787704 1 0.86615974 0.58541098 0.16847470 0.04805603 0.05309665 1 0.71707398 0.67439365 0.13793652 0.04068947 0.05082393 2 0.61855841 0.50548038 0.18494973 0.05117769 0.06723604 1 0.59020960 0.58633332 0.64942842 0.12978506 0.20523806 1 0.49722987 0.50555801 0.18435061 0.05159321 0.06824999 1 0.49366793 0.56256223 0.12574174 0.04083681 0.05127316 2 0.42572099 0.58658457 0.64838734 0.12890472 0.20608521 1 0.26971585 0.85152874 0.11806298 0.03096733 0.04497421 1 0.09887357 0.91037369 0.09557475 0.02571220 0.04069736
422,MVI_40241_img01362_jpg.rf.d37f5839b24ebc7c589280268c4eef8b,1 0.90182590 0.58066826 0.42749114 0.09720554 0.11866941 1 0.88841724 0.42711143 0.28547988 0.08157206 0.09939661 1 0.88229775 0.04214777 0.46571846 0.08429534 0.11565456 1 0.87962657 0.95953836 0.31915259 0.05700989 0.09639845 1 0.87769991 0.35126610 0.24836931 0.06967478 0.07196474 1 0.86950386 0.57012997 0.17701817 0.04739923 0.06162477 1 0.84897113 0.44141660 0.88760862 0.21638355 0.22442265 1 0.84404552 0.61390438 0.19101115 0.04779129 0.05901759 1 0.83875757 0.52092295 0.15109354 0.04410057 0.04867177 1 0.80501902 0.42868228 0.23104829 0.06942091 0.07670938 1 0.63596660 0.83278494 0.14396988 0.03362427 0.05057294 1 0.45727164 0.13022459 0.95444851 0.24633584 0.09073524 1 0.43850291 0.90663605 0.12316915 0.03120918 0.05033922 1 0.15747724 0.95495758 0.11476101 0.03035870 0.04692235 1 0.05762235 0.99445805 0.19275036 0.01108370 0.09075127 1 0.05195495 0.66692142 0.11332304 0.03402538 0.04273431
423,MVI_40241_img01366_jpg.rf.e21f557da889dda05e6b5569e7e2776f,1 0.91070998 0.52998147 0.76560783 0.16991358 0.25346680 1 0.89791316 0.23487301 0.87528407 0.24779052 0.24943166 1 0.89751792 0.61704435 0.37545984 0.08485069 0.10488601 1 0.89598340 0.31494880 0.26993947 0.07756653 0.07750788 1 0.88948059 0.95816927 0.28555150 0.05466919 0.08828497 1 0.87913615 0.39044166 0.31336949 0.08889446 0.10905313 1 0.86615616 0.50168362 0.16164414 0.04746857 0.05140336 1 0.86313617 0.55289564 0.18972045 0.05127239 0.06609628 1 0.85761213 0.59910393 0.20448639 0.05472288 0.06340399 1 0.83965307 0.40259824 0.24471283 0.07249708 0.08016500 1 0.57689828 0.65415792 0.96417107 0.19097528 0.07165765 1 0.47161984 0.00731255 0.49660769 0.01461955 0.10021935 1 0.42811292 0.65701580 0.12074411 0.03481083 0.04285349 1 0.38983643 0.83849659 0.13331847 0.03100700 0.04776978 1 0.31569469 0.90781536 0.11591827 0.02842636 0.04840052 1 0.08042300 0.95479374 0.10505991 0.02992821 0.04311581
424,MVI_40241_img01387_jpg.rf.ec4d804fdb200627e02c30fbf5b5c640,1 0.91574919 0.08416079 0.55047526 0.15755605 0.19369154 1 0.90097451 0.22083641 0.36935229 0.10976428 0.12774734 1 0.89992428 0.60688496 0.38495469 0.08764191 0.10675993 1 0.89307123 0.05390627 0.43978214 0.10781234 0.12293558 1 0.89107484 0.41438022 0.28986316 0.07907715 0.09544449 1 0.88799858 0.80449896 0.48899856 0.10099468 0.18071451 1 0.87716097 0.37160382 0.23645039 0.06944132 0.06942101 1 0.87447959 0.73893719 0.34322598 0.07152538 0.09690237 1 0.87248760 0.58921270 0.16793629 0.04357395 0.05580335 1 0.86938715 0.73069315 0.21522493 0.04934444 0.06784410 1 0.85865462 0.47879152 0.30580344 0.08099575 0.08810196 1 0.85216403 0.95448914 0.17238996 0.03732948 0.05902591 1 0.30403402 0.69298105 0.12698121 0.03504028 0.04244089
425,MVI_40241_img01557_jpg.rf.2899b4cdb961ccd907c2a4d2061fc3a2,1 0.91506451 0.66797490 0.53030705 0.11107483 0.15797415 1 0.91009730 0.27446222 0.41706510 0.11471090 0.11833410 1 0.88912129 0.32091331 0.32235765 0.09654999 0.08753362 1 0.88408583 0.04475043 0.47120805 0.08950066 0.11667328 1 0.88325572 0.54392767 0.25456910 0.06390724 0.07312956 1 0.87762737 0.86122894 0.29659488 0.05175190 0.08475189 1 0.87112248 0.50540438 0.19831208 0.05071564 0.05960844 1 0.85457730 0.75000935 0.18438067 0.04048195 0.05526137 1 0.61584598 0.55035362 0.14373930 0.04107513 0.04483371 1 0.21187539 0.66809626 0.97662329 0.19799004 0.04675322 0 0.14786151 0.84577236 0.10709499 0.04140110 0.07956445 1 0.08626626 0.70613422 0.12140402 0.03429966 0.04064448
426,MVI_40241_img01931_jpg.rf.5cd5b12fd0500e8347cfd618beaf6fd9,1 0.90015852 0.83048630 0.33575592 0.05997772 0.09446769 1 0.89399225 0.69972563 0.29140563 0.05692196 0.07296391 1 0.89149094 0.41911230 0.30798614 0.07598314 0.08790302 1 0.87312531 0.48687935 0.21157122 0.06219444 0.07419575 1 0.85556430 0.59793930 0.21930263 0.05058365 0.05978112 1 0.84637976 0.04180317 0.46071900 0.08320982 0.13055136 1 0.78864866 0.95404482 0.18102384 0.03852921 0.06538777 1 0.78560591 0.95176964 0.89413052 0.09587402 0.21163826 1 0.72963077 0.60237226 0.17158151 0.04100447 0.04659462 1 0.62941277 0.77127700 0.16139078 0.03862562 0.05209193 1 0.60255009 0.43802309 0.94776649 0.19120274 0.10446472 1 0.25720489 0.13444076 0.96596575 0.23572383 0.06764431 1 0.21529604 0.83856564 0.13642910 0.03030148 0.04277008 1 0.11959372 0.89000320 0.12698092 0.02893944 0.04328690
427,MVI_40241_img01993_jpg.rf.3c55c1ecf5c0190d3db89364a63eaf44,1 0.92817354 0.12134563 0.52091808 0.13334119 0.15005856 1 0.91298217 0.58760157 0.42803079 0.09564056 0.11785772 1 0.89192271 0.29109604 0.30634670 0.07814264 0.07551346 1 0.89024794 0.73858156 0.36560683 0.07087955 0.10734701 1 0.88415647 0.48799453 0.31886873 0.08238831 0.08806429 1 0.84735674 0.62547493 0.20092072 0.04947090 0.05650992 1 0.84539181 0.76414242 0.18175666 0.03752995 0.05229688 1 0.82768720 0.50042896 0.24068592 0.06568050 0.07521949 1 0.82598007 0.82481499 0.18472118 0.03491554 0.05236778 1 0.82551587 0.94907818 0.18906157 0.03621674 0.05710640 1 0.80425537 0.49687157 0.21110820 0.06066132 0.05278493 1 0.68872648 0.58064461 0.16396781 0.05294952 0.06273866 1 0.41454187 0.61132870 0.13925253 0.03119125 0.03791335 1 0.21764313 0.88887968 0.12613902 0.02759228 0.04375196
428,MVI_40241_img02019_jpg.rf.d6659f93c601c2123772d1f38ef20a6e,1 0.91277939 0.62384996 0.61282835 0.12198162 0.17994537 1 0.90291619 0.18326904 0.58985100 0.16821039 0.17755947 1 0.89157975 0.94172478 0.49844666 0.08002281 0.14507103 1 0.88221729 0.51949048 0.19341869 0.04915342 0.05280199 1 0.88183814 0.73193336 0.22558300 0.04702358 0.06274672 1 0.87832975 0.49883623 0.31013622 0.08079472 0.08767772 1 0.86440438 0.81340122 0.20744112 0.04187126 0.06460981 1 0.82727027 0.31073179 0.32736602 0.09045973 0.07810602 1 0.78192139 0.29659450 0.39009387 0.11367950 0.12955623 1 0.70608097 0.55242267 0.15676709 0.03819656 0.04313715 1 0.70305395 0.45468163 0.24264801 0.07952385 0.08945422 1 0.52136290 0.65587735 0.14047058 0.03721161 0.04180069 2 0.47779170 0.45470052 0.24147913 0.07977934 0.08947940 1 0.14498876 0.94638052 0.13147507 0.02745514 0.04224553
429,MVI_40241_img02185_jpg.rf.afd124cf9a6301a669876b0972f4d1f2,2 0.91579002 0.37036576 0.29041979 0.08802099 0.10411429 1 0.91544384 0.16524528 0.60287113 0.16241171 0.19328117 1 0.89267623 0.85415382 0.31349969 0.05179958 0.08458242 1 0.88967645 0.78139338 0.41500312 0.06495275 0.11318223 1 0.87585235 0.76171684 0.30988770 0.05752392 0.07998962 1 0.87420976 0.96412449 0.48958406 0.07093773 0.12079735 1 0.85026646 0.30660210 0.30160327 0.06812143 0.07805271 1 0.80031675 0.92269058 0.19247015 0.03618736 0.05399170 1 0.55913562 0.54720726 0.17749802 0.03362999 0.04548614 1 0.38665533 0.95505047 0.15484290 0.02895851 0.04460406 1 0.33466876 0.68991961 0.15624634 0.03772573 0.04415150 2 0.07829946 0.66546965 0.13470204 0.04104118 0.05466433
430,MVI_40241_img02215_jpg.rf.f73610eca0d8aa32ba1706018b249c71,1 0.91732371 0.55974727 0.47327652 0.11490068 0.14302654 2 0.90912575 0.56914196 0.19856148 0.05673714 0.07643862 1 0.88997179 0.67748280 0.54781218 0.10476360 0.15013390 1 0.87497002 0.36192074 0.29897218 0.06192503 0.07131209 1 0.85977888 0.95447044 0.25259519 0.04201622 0.06287260 1 0.85796517 0.82649231 0.22314754 0.03881855 0.05926619 1 0.83567339 0.88352127 0.19674993 0.03526268 0.05465236 1 0.83076328 0.59500861 0.23968480 0.06116247 0.06490808 1 0.82739985 0.52412453 0.17482328 0.04792805 0.05665231 2 0.76321822 0.68111348 0.15590267 0.03511772 0.05532250 1 0.73809963 0.82930660 0.17629000 0.03374939 0.04889562 1 0.25419173 0.63987260 0.15096936 0.03364134 0.03967724 1 0.15718298 0.91819496 0.12987096 0.02655525 0.03856862
431,MVI_40241_img02239_jpg.rf.5c8bd3d4b23345b3a1ec18b765134bc6,1 0.92181247 0.63413754 0.62071648 0.13099174 0.19266453 1 0.88397759 0.71065640 0.26574152 0.06103582 0.08055243 2 0.88275474 0.43292894 0.29080937 0.08759079 0.10740323 1 0.88092458 0.43201504 0.38157725 0.10758686 0.10734644 2 0.86783928 0.60557938 0.21716661 0.04737730 0.07231240 1 0.86783117 0.56513519 0.20172390 0.04597778 0.05307990 1 0.86707103 0.79023914 0.28860159 0.05062904 0.07443609 1 0.83157390 0.03085368 0.54280214 0.06170716 0.12899361 1 0.68974560 0.36133366 0.26705656 0.07580519 0.08544688 2 0.66282201 0.45004053 0.23822095 0.05247555 0.07097936 2 0.64132959 0.36206932 0.26644919 0.07545033 0.08573570 1 0.55006951 0.94953384 0.17135628 0.02966537 0.04561293 1 0.43222558 0.84602718 0.15604069 0.02686920 0.04335322 1 0.10918937 0.89565620 0.14550045 0.02843781 0.04359004 1 0.10560077 0.62159777 0.14222730 0.03037415 0.03828089
432,MVI_40243_img00291_jpg.rf.0cd52a5c35d3293802e39603ff4925c6,2 0.92500180 0.21258638 0.42932305 0.10351634 0.12881556 1 0.89437699 0.09299159 0.47643209 0.12357347 0.11010056 1 0.87612587 0.51452780 0.35279207 0.07801361 0.08442945 1 0.87109542 0.78178539 0.35095963 0.06058407 0.08520536 1 0.85183710 0.58372688 0.24856143 0.04730902 0.05310621 1 0.83279359 0.51337500 0.23134232 0.04564314 0.05015240 1 0.70302171 0.96612406 0.23636606 0.03215790 0.05149274 1 0.64188200 0.66968517 0.22000434 0.04408512 0.05330224 1 0.36314979 0.90171881 0.21316599 0.02981205 0.05525304 2 0.21004446 0.90212870 0.21355295 0.03003845 0.05614719
433,MVI_40243_img00431_jpg.rf.8207b49c8b779f3efba9e184447866bb,1 0.91566527 0.67399530 0.57922363 0.10323772 0.15420265 1 0.89879215 0.33701992 0.36195345 0.09475579 0.10420952 1 0.89317930 0.79639759 0.80385122 0.12327480 0.24458923 1 0.89022881 0.59004574 0.46104487 0.10021133 0.13128817 1 0.88836735 0.47603979 0.25942278 0.05900841 0.05955744 2 0.87306386 0.94444904 0.31702380 0.04807854 0.09964151 1 0.84909707 0.03729208 0.61792021 0.07458397 0.13953629 1 0.84053171 0.58857603 0.24496794 0.04882393 0.05424633 1 0.81762099 0.61318622 0.27148976 0.05213547 0.05983167 1 0.77735090 0.90594349 0.26267285 0.03608856 0.05653286 1 0.74511993 0.77320127 0.24199395 0.04193153 0.05389690 1 0.59823561 0.82762537 0.24412065 0.03959332 0.06013269 1 0.19487718 0.96661196 0.21605744 0.03320312 0.04767227
434,MVI_40243_img00456_jpg.rf.6e8ed53bdfc52a63d9f01b3a8da7ee39,1 0.90450919 0.48053759 0.87641501 0.20236475 0.24716978 1 0.90028936 0.22198865 0.40124545 0.10719709 0.09694109 1 0.88869679 0.43058491 0.35580845 0.08108692 0.08134851 1 0.88326734 0.79497519 0.33171494 0.05133858 0.07497368 1 0.88141608 0.44898524 0.41121264 0.09400358 0.09665737 1 0.88024896 0.87952728 0.38257995 0.05608788 0.08721886 1 0.87039125 0.97222223 0.56143584 0.05555534 0.14692163 1 0.86371958 0.06870204 0.53867407 0.13740388 0.16529961 2 0.57307070 0.71856785 0.29662509 0.05720501 0.07982702 1 0.57217425 0.71904306 0.29652379 0.05693951 0.08128457 1 0.43851960 0.68512464 0.21360753 0.03923836 0.04723554 2 0.24810216 0.96483278 0.22111452 0.03364849 0.06339974 1 0.06554292 0.91810780 0.20505328 0.02891006 0.04429189
435,MVI_40243_img00559_jpg.rf.c06590c5f159822549f346032fb39075,2 0.93902576 0.23826947 0.48682799 0.11170287 0.15111656 1 0.91170532 0.67844801 0.39824648 0.07204132 0.09265776 1 0.90527326 0.38611753 0.45488034 0.10910487 0.12068937 1 0.88873774 0.38091342 0.33335962 0.08232827 0.09363670 1 0.87012339 0.48067312 0.25090792 0.05524158 0.06490235 1 0.86600024 0.58249292 0.24959736 0.04744434 0.05461292 1 0.83385688 0.97455006 0.31231704 0.04512138 0.07252169 1 0.79624331 0.05657207 0.78435063 0.11314394 0.20534811 1 0.75653607 0.82897234 0.26331363 0.03716145 0.05893183 1 0.08882257 0.80112314 0.21525292 0.03270206 0.04443083
436,MVI_40243_img00776_jpg.rf.f1fa35d667d45e50248b481516b63782,1 0.91071600 0.48223867 0.64184008 0.14452686 0.16977158 1 0.88245589 0.84408627 0.52638159 0.06906815 0.12223406 1 0.85632920 0.76651664 0.26092956 0.04477510 0.06082406 1 0.85215408 0.83109608 0.27827282 0.04159374 0.05970879 1 0.85139787 0.06496102 0.73621922 0.12992184 0.21731644 2 0.84453309 0.53819513 0.27552505 0.05135326 0.08131757 1 0.83393872 0.04108949 0.58454437 0.08217877 0.15835629 1 0.78424805 0.53496532 0.24964142 0.05402031 0.05056887 1 0.76214463 0.67803693 0.22967844 0.04027748 0.04780312 2 0.56508785 0.91009798 0.20333467 0.02553101 0.05512924 1 0.09453311 0.38582969 0.98579354 0.12876930 0.02841272 1 0.09403252 0.96003962 0.17927088 0.02632732 0.03986003
437,MVI_40243_img00839_jpg.rf.a9ec048930dfe809bd2d8f8f61f448bf,1 0.90173531 0.71065950 0.51209102 0.08489342 0.12541761 1 0.90014046 0.67019968 0.39671390 0.07510548 0.08907199 1 0.89706153 0.86324358 0.54148598 0.07799149 0.13086929 2 0.88762063 0.45226707 0.33310258 0.07758598 0.09605908 1 0.87771487 0.44514380 0.42205024 0.09822426 0.10509624 1 0.86441326 0.27642083 0.89117870 0.24966745 0.21764240 1 0.85080087 0.08703178 0.74544086 0.17299025 0.20891590 1 0.82779795 0.41709514 0.32255836 0.05742378 0.06754007 2 0.82308674 0.83966694 0.25591345 0.04151421 0.07240000 1 0.78600770 0.78807187 0.23564053 0.03918982 0.05152936 1 0.65765285 0.53390589 0.22903805 0.04435406 0.04796410 1 0.64080954 0.62120109 0.23281627 0.04363756 0.04969578 1 0.56213450 0.70070333 0.21702697 0.03773785 0.04700041 1 0.13790624 0.92786980 0.19107392 0.02418671 0.03971176
438,MVI_40243_img01112_jpg.rf.7c9bb83d7db3920e1a4bcaa22361b944,1 0.91701484 0.69445219 0.56054149 0.09983006 0.14285355 1 0.91051751 0.57665329 0.53146687 0.10215216 0.12593498 1 0.89490950 0.28054018 0.41023912 0.09518299 0.09451647 2 0.87347293 0.08386923 0.59849415 0.16346703 0.16694164 1 0.86141610 0.56411099 0.32213154 0.06298046 0.07498989 1 0.86077076 0.89672203 0.31029251 0.04084206 0.06499953 2 0.83433270 0.80772448 0.31939511 0.05270729 0.08961601 1 0.75448543 0.42315520 0.92866006 0.22926409 0.14267969 1 0.74486011 0.84038429 0.26287344 0.03997612 0.05481763 1 0.69570667 0.97992077 0.39670286 0.03988380 0.11187401 1 0.62204909 0.61905603 0.23711829 0.04776440 0.05565844 2 0.59054244 0.04014433 0.76383433 0.08028847 0.22908621 1 0.31321695 0.79190021 0.23468902 0.03796778 0.04915528 1 0.18343636 0.04147136 0.76981993 0.08293319 0.23680229
439,MVI_40243_img01169_jpg.rf.1842e28b2d8b0f17e2faa5d340958e56,1 0.91543543 0.66078138 0.65757599 0.12335835 0.17851162 1 0.90489221 0.38073192 0.47248068 0.11122313 0.11590319 1 0.89975274 0.25583820 0.48490305 0.12404910 0.14202957 1 0.89863122 0.58891001 0.29040761 0.05517368 0.06403971 1 0.89145362 0.47006760 0.34468358 0.07786884 0.07663641 1 0.84358436 0.46308360 0.29349318 0.06799774 0.07235088 1 0.83250117 0.86494884 0.28735700 0.04723549 0.06349936 1 0.62295651 0.84412136 0.25117445 0.03896523 0.05488853 1 0.21625802 0.55365810 0.22059360 0.04062109 0.04393529 1 0.12486412 0.70108089 0.22100604 0.03835812 0.04275556 1 0.07666405 0.80529768 0.21782076 0.03230395 0.04361892
440,MVI_40244_img00038_jpg.rf.e08407819aa65ef4beecedc23e6efa13,1 0.90566206 0.07373478 0.52978721 0.14118019 0.13829050 1 0.90289503 0.39873667 0.36116955 0.09656467 0.09880834 1 0.89170814 0.48890676 0.24160986 0.06080923 0.06075597 1 0.88071734 0.34674027 0.30351748 0.06948066 0.06944237 1 0.88046795 0.77751942 0.33290496 0.05963249 0.08190541 1 0.86956108 0.84618282 0.42395277 0.06952057 0.10846233 1 0.57615262 0.66409540 0.20048532 0.04184532 0.04954053 1 0.49695876 0.61594877 0.19308887 0.04324589 0.05623589
441,MVI_40244_img00112_jpg.rf.728023f12ea48d83d80e0d6d1b84c80d,1 0.92332560 0.14913181 0.65271640 0.18147118 0.19453135 1 0.92204237 0.67145967 0.56557136 0.11427746 0.15900803 1 0.91987938 0.39133515 0.74767427 0.18482809 0.24317226 1 0.88823801 0.25518250 0.39999497 0.10833244 0.10384469 1 0.87815821 0.42221255 0.34049287 0.08380957 0.08623776 1 0.87717915 0.80435219 0.27942686 0.05244675 0.07329254 1 0.87287593 0.63012419 0.23119864 0.05258827 0.05806942 1 0.85004628 0.97980475 0.50067911 0.04039030 0.13638706 1 0.84489214 0.25471349 0.35688720 0.09262648 0.08786211 2 0.83485085 0.74976263 0.23859977 0.05146732 0.07922040 1 0.82160980 0.40218244 0.31296411 0.08295670 0.08221188 2 0.81847465 0.55022926 0.18425820 0.06006470 0.08614459 1 0.67498553 0.85298080 0.18861668 0.03294430 0.04957137
442,MVI_40244_img00312_jpg.rf.db2a79cdfae98c5c5c5b8baf16a0a12b,2 0.93337291 0.28811984 0.37651622 0.08627110 0.11752677 1 0.92478150 0.15833439 0.55359430 0.15152962 0.15613213 1 0.91050529 0.31115966 0.86680651 0.21521378 0.25748425 1 0.89323980 0.53583612 0.26079397 0.05763168 0.06412182 1 0.88572222 0.79313192 0.73823690 0.12826633 0.23302059 1 0.86345673 0.80836010 0.26121674 0.05104332 0.07408533 1 0.82032484 0.77109213 0.22917287 0.04297523 0.05690851 1 0.79373431 0.89323902 0.21658783 0.03556709 0.05667710 1 0.75535214 0.66803551 0.20250416 0.04304104 0.05087729 1 0.55087662 0.01104351 0.60659800 0.02195607 0.13467102 1 0.40416610 0.96349573 0.19654772 0.03340168 0.04949794 1 0.13074179 0.85170698 0.17554966 0.03061657 0.04597204 1 0.08154964 0.90908070 0.15990524 0.02707748 0.04412384
443,MVI_40244_img00461_jpg.rf.e4df9f83c9174dd2dd2241573405c65a,1 0.92205405 0.53572598 0.56263790 0.12076397 0.14682560 1 0.75816315 0.59476519 0.19491694 0.04258823 0.04658246 1 0.70792651 0.78697667 0.20597408 0.03403463 0.04925551 1 0.48649737 0.85122366 0.19904501 0.03377438 0.04978924 1 0.06302442 0.91959963 0.17046490 0.02818069 0.04220142
444,MVI_40244_img00925_jpg.rf.a5f3210ea67ad6e876f0bb3f33c5399e,1 0.91506892 0.55948677 0.53382463 0.11098614 0.12759418 1 0.91342986 0.65231800 0.62819052 0.12672691 0.17897854 1 0.88410139 0.24821701 0.37894521 0.10521669 0.09316940 1 0.87483048 0.75896873 0.39784994 0.06609936 0.09640274 1 0.86016369 0.30490072 0.43492990 0.12005372 0.13552742
445,MVI_40244_img00927_jpg.rf.6555145eed47c70e64c183d64218aa9a,1 0.91121936 0.67262273 0.58406553 0.11461487 0.16090984 1 0.90267420 0.58126945 0.50367212 0.10036917 0.12083254 1 0.89248353 0.22706699 0.39091825 0.10888743 0.09463863 1 0.86290973 0.76757517 0.37853603 0.06324940 0.08954268 1 0.74129981 0.27183495 0.45973796 0.13085127 0.14393809
446,MVI_40244_img01017_jpg.rf.3ceb5157cd06861159be3d8cece91d47,2 0.92025191 0.70101862 0.49190912 0.09689283 0.17445583 1 0.90365016 0.27425861 0.46480675 0.11489916 0.12084980 1 0.89020354 0.33465896 0.81904812 0.16803322 0.22915039 1 0.89016759 0.44648733 0.39850142 0.09222851 0.10141406 1 0.86697453 0.78849201 0.78653631 0.12584343 0.25706196 1 0.85444361 0.96356010 0.30987530 0.04548702 0.07060108 1 0.85272449 0.89090805 0.28819442 0.04531631 0.07505035 1 0.31120378 0.64114361 0.20610282 0.03647747 0.04509630
447,MVI_40244_img01069_jpg.rf.f2233fa81501223e79840b6c98d8ab45,1 0.91716886 0.25190742 0.48564081 0.11170993 0.11845198 1 0.90856349 0.41082822 0.76768675 0.17493398 0.21710548 1 0.89222020 0.45892215 0.38525498 0.09281874 0.11338305 1 0.87039167 0.77990284 0.34479337 0.06068935 0.08864727 1 0.86736906 0.53018227 0.24458847 0.05069199 0.05339003 1 0.82244343 0.60534630 0.23423905 0.04529247 0.05256100 1 0.77681214 0.90685711 0.22556190 0.03402061 0.05292010 1 0.74768323 0.73379946 0.94157562 0.14562588 0.11635513 1 0.63294244 0.53659286 0.20796285 0.04385891 0.04895563 2 0.52209347 0.84872742 0.20567420 0.03250790 0.06342478 1 0.41006249 0.77915659 0.22375348 0.03549957 0.05325813
448,MVI_40244_img01246_jpg.rf.233286f20c53120a6eab2b10ee454c3d,1 0.91374403 0.09257507 0.52637978 0.13765006 0.12916527 1 0.88652253 0.36858687 0.34975667 0.08003244 0.08187580 1 0.88199002 0.12220032 0.66158943 0.14654251 0.19920969 1 0.87933314 0.53195591 0.28604803 0.05966663 0.06624584 1 0.87474239 0.31475370 0.33074872 0.07988153 0.08351293 1 0.83847517 0.65185146 0.23011384 0.04707756 0.05839405 2 0.36777017 0.85812950 0.19850320 0.03213425 0.06189735 2 0.05176745 0.60332255 0.19818797 0.04400110 0.05055256
449,MVI_40701_img00034_jpg.rf.7c69915d9e3ddd171a8784cccd432351,1 0.95309389 0.91220164 0.76979251 0.17559652 0.24420557 1 0.92730767 0.64318643 0.63979139 0.12651806 0.18862705 1 0.92453343 0.76488781 0.54914265 0.14921379 0.15997667 1 0.92170900 0.79381208 0.88612728 0.18429909 0.22674408 1 0.92075717 0.83083353 0.47588129 0.14681187 0.14632759 3 0.88111120 0.42933064 0.12546647 0.20034237 0.14096956 1 0.82179409 0.22359338 0.16081008 0.08620391 0.06653328 1 0.36005855 0.79911885 0.13206098 0.04683313 0.06566548
450,MVI_40701_img00116_jpg.rf.10a9a5330d08d71cb2a7185f6efb5272,1 0.93415022 0.76274161 0.81944602 0.16816339 0.24575572 1 0.92404920 0.80020695 0.58992038 0.15399303 0.16998787 1 0.91625720 0.61606922 0.56420040 0.11355534 0.16666145 1 0.89757031 0.49787598 0.32970433 0.10785666 0.09824543 1 0.87150550 0.52713037 0.26711450 0.09618654 0.09361496 1 0.81405509 0.62022343 0.15798237 0.05572128 0.07015893 2 0.81189126 0.95804534 0.47486153 0.08390913 0.13886261 1 0.39112577 0.65084152 0.13000011 0.04609337 0.06333709 3 0.06171633 0.16019866 0.09325323 0.21229863 0.10245223
451,MVI_40701_img00165_jpg.rf.c3fa88176780385bf8cd7e79a9c4887b,0 0.94573808 0.93988810 0.76065483 0.11952343 0.47869014 1 0.91509807 0.61056423 0.39025342 0.11894341 0.11587548 1 0.91322708 0.50028653 0.41214361 0.10560360 0.12544708 1 0.91316694 0.65257444 0.59738665 0.12965622 0.16859474 1 0.89180076 0.81502180 0.90343280 0.22485695 0.19313421 1 0.88475800 0.31061640 0.21896225 0.08478403 0.07522792 1 0.86199838 0.70581622 0.20862195 0.08226328 0.07928662 1 0.84695774 0.29110060 0.16290966 0.08017550 0.06684191 1 0.78717214 0.66881762 0.14803219 0.05800858 0.06747026 1 0.72020203 0.60574679 0.14938326 0.04873838 0.07239447 1 0.65421635 0.45267172 0.14547920 0.06465473 0.06718502 3 0.33279523 0.98443317 0.47458161 0.03079262 0.26768343 1 0.20393744 0.69275355 0.31841419 0.07124271 0.10669069 1 0.06674808 0.98828249 0.44808168 0.02343483 0.22283802 1 0.05417402 0.99047222 0.40608176 0.01878242 0.12801497
452,MVI_40701_img00234_jpg.rf.9d6589ac3477860fc8dbf90cdd7d648f,0 0.95951635 0.86218920 0.59442434 0.27145405 0.42495174 2 0.94581372 0.73215199 0.78151836 0.19052525 0.31226501 3 0.94051033 0.69760494 0.30210190 0.30181160 0.26627541 1 0.91562945 0.57846966 0.53873940 0.13535967 0.17913055 1 0.89221174 0.44268942 0.34841886 0.09882383 0.10466547 1 0.88679397 0.30100355 0.25933714 0.08279629 0.09019156 1 0.88419098 0.32587380 0.21829123 0.08640995 0.07392173 1 0.80707246 0.73815956 0.20632570 0.07453947 0.07804050 1 0.80015373 0.96269603 0.38053923 0.07460775 0.13391323 1 0.69339246 0.67925949 0.16009048 0.05715542 0.06848090 1 0.68353873 0.62599406 0.16346469 0.05342150 0.06480365 2 0.33997312 0.45853243 0.21458859 0.05481071 0.08688107 1 0.29334685 0.07885625 0.14884675 0.08173394 0.06031213 1 0.28986171 0.56738625 0.23029222 0.07319298 0.07458105 1 0.23956905 0.74926062 0.25571103 0.08474426 0.09219065 1 0.18031004 0.83583384 0.35058680 0.09840717 0.10739288 2 0.09721959 0.47152600 0.13978537 0.05640078 0.07566035 1 0.06597745 0.72469916 0.24839840 0.09900379 0.09104433 1 0.05361899 0.68442383 0.21198903 0.06094856 0.07835168
453,MVI_40701_img00800_jpg.rf.b814b8f93e128654c2902933caa815b3,3 0.92634743 0.72659974 0.25634260 0.19630213 0.24296975 1 0.91956776 0.76695914 0.67112246 0.14717035 0.17281628 1 0.91666746 0.48267632 0.48365078 0.10878487 0.12711010 1 0.90911680 0.58768559 0.42240802 0.10060596 0.10955770 1 0.90045017 0.47506056 0.33080859 0.09056988 0.08691483 1 0.89372420 0.37181766 0.25662374 0.07390656 0.07448249 1 0.89045286 0.92196188 0.34570618 0.10001869 0.11873856 1 0.88985503 0.38778439 0.35673134 0.08712111 0.09445491 1 0.88681579 0.60586376 0.33195276 0.09051914 0.08388424 1 0.88116425 0.21679580 0.23209808 0.06657329 0.06991978 1 0.88111502 0.28787570 0.27582622 0.07285366 0.07693253 1 0.85708183 0.14863658 0.19753211 0.07117872 0.06088858 1 0.85424900 0.27035482 0.21144392 0.06797485 0.06379442 1 0.81981951 0.83262656 0.28495407 0.06633334 0.08072977 2 0.78577435 0.35858893 0.18206093 0.08267975 0.07761941 2 0.61909223 0.61853905 0.17240053 0.04673634 0.08076689 1 0.44924212 0.97822957 0.94674601 0.04354066 0.10650778 3 0.18599036 0.13801565 0.12881294 0.20306544 0.10466866 1 0.09285510 0.06313194 0.17520826 0.07420656 0.05434837 1 0.05441067 0.80070457 0.24644461 0.06486073 0.06282015
454,MVI_40701_img00879_jpg.rf.a24e63e4d18705f6e31cf5d5971db38c,1 0.91527379 0.51472855 0.48237057 0.12276001 0.12111311 1 0.90255976 0.42326961 0.29579506 0.08025379 0.07890816 1 0.89461958 0.36373115 0.34780755 0.08488522 0.09255648 3 0.89400518 0.86344361 0.41161232 0.27311258 0.40467882 1 0.88677633 0.54996920 0.40241327 0.09463673 0.10120182 1 0.87670910 0.29161978 0.28110151 0.07117176 0.07558851 1 0.87062740 0.19766710 0.23059466 0.06879649 0.06275678 1 0.86842263 0.42195454 0.22851803 0.07077599 0.05829897 1 0.85221279 0.33079281 0.24511027 0.07249832 0.06696110 2 0.82543087 0.70107331 0.25255803 0.07016764 0.10650226 1 0.78990221 0.21112518 0.19815263 0.07114015 0.05752022 1 0.67960787 0.10452097 0.20061330 0.06626725 0.06161033 3 0.59228998 0.61895113 0.15697172 0.09240627 0.14325938 2 0.50136280 0.15190030 0.16228298 0.08266828 0.06926212 1 0.36912853 0.67483916 0.17398796 0.03773518 0.05552492 1 0.07185619 0.80054512 0.24076672 0.05991306 0.06482234 1 0.06842601 0.99349203 0.93651685 0.01281834 0.12696610 1 0.06297638 0.91231489 0.31010251 0.09781551 0.09195466
455,MVI_40701_img01006_jpg.rf.c7c8163af9b521c262e58d26f45a177d,3 0.92701501 0.79733906 0.31902089 0.19525871 0.23020678 1 0.91600692 0.45795474 0.45499058 0.10163364 0.11505623 1 0.88756335 0.27732918 0.29656835 0.06704440 0.06826601 1 0.87420607 0.20965869 0.25236642 0.07053490 0.06225762 1 0.87234873 0.44463396 0.35844193 0.07726765 0.08420610 1 0.87202257 0.32321572 0.25846643 0.06897764 0.06442542 2 0.87076735 0.94415841 0.48090335 0.11168298 0.18456514 1 0.78815305 0.67723227 0.25272725 0.05441399 0.07565517 1 0.75454271 0.16349888 0.22163311 0.07228670 0.05104636 1 0.55462855 0.97318840 0.41346675 0.05251961 0.09891355 1 0.17935158 0.14131756 0.21000585 0.06611185 0.04491826
456,MVI_40701_img01061_jpg.rf.b0ec303861381050dab6368c64bfe79c,3 0.95083010 0.88870644 0.39441457 0.22258692 0.29135818 1 0.86378354 0.31907544 0.31563091 0.08079271 0.07488713 1 0.86338329 0.20567265 0.25655785 0.06630019 0.06066628 1 0.85483426 0.32984695 0.26649926 0.06330423 0.06157236 1 0.83304834 0.20170867 0.21995254 0.07004123 0.05208501 1 0.78873992 0.77369733 0.31195259 0.06492662 0.07457261 1 0.73544145 0.12091264 0.23321099 0.07276156 0.05771027 1 0.13126841 0.35680676 0.23752470 0.02093067 0.05144672 1 0.09757856 0.25423636 0.16221347 0.05641747 0.04930959 1 0.09076886 0.96485701 0.35832179 0.06885910 0.08275394 1 0.07429808 0.94908428 0.34134617 0.08250275 0.09150023
457,MVI_40711_img00042_jpg.rf.d61d419da61ac7104094ebb4da475e18,0 0.95872843 0.43951312 0.61915941 0.09104021 0.30719433 3 0.89677668 0.12913893 0.89117928 0.25827765 0.21681957 1 0.89647633 0.86739292 0.72474446 0.12345238 0.15589495 1 0.89002204 0.67104430 0.34292507 0.05718555 0.06909237 1 0.88819516 0.25992546 0.30315900 0.05246449 0.06463661 1 0.87653935 0.92032566 0.31368709 0.05304947 0.05953197 1 0.87639928 0.47557812 0.40578413 0.05337524 0.08445482 1 0.85264707 0.62089691 0.24472787 0.04029102 0.04746060 1 0.84303701 0.49978218 0.33965411 0.04337111 0.06955652 1 0.83174646 0.96766782 0.39056201 0.06466417 0.08022108 1 0.82697439 0.88050766 0.41493855 0.06529961 0.07919626 3 0.76651639 0.94248781 0.56111995 0.11497116 0.34778364 1 0.73436606 0.24391589 0.26100302 0.03685646 0.04998455 1 0.41346532 0.59970393 0.19572628 0.02720261 0.03984966 1 0.33020866 0.51120806 0.20093297 0.02570381 0.04015085 1 0.10268874 0.55960474 0.19473442 0.02555771 0.03873203 1 0.08703247 0.56633606 0.16849530 0.02437553 0.03342242
458,MVI_40711_img00109_jpg.rf.305d5bbc5307eead337c9f4e8ba11166,0 0.96975875 0.39848282 0.82384853 0.15000396 0.35230274 3 0.91225469 0.75498734 0.30120602 0.13380241 0.17855911 1 0.90557718 0.85705624 0.48686771 0.09498653 0.10939007 1 0.90176123 0.53088751 0.62380972 0.08273411 0.14737186 1 0.90147489 0.94439888 0.36791117 0.07771854 0.07186952 1 0.89857543 0.91698017 0.76789374 0.15003204 0.20472612 1 0.89040768 0.69870701 0.44416051 0.07573891 0.08575802 1 0.88217467 0.54875259 0.48818960 0.06216068 0.11082382 1 0.87647474 0.88042641 0.30919943 0.06259689 0.06112704 1 0.86102277 0.21265986 0.29299219 0.04486799 0.06254940 1 0.85740095 0.34919457 0.31846807 0.04138126 0.06673002 1 0.84484255 0.60444455 0.32487617 0.05068130 0.06382275 1 0.76618654 0.02446257 0.49716873 0.04892494 0.10755157 3 0.57663977 0.99171982 0.50518533 0.01656017 0.24271200 1 0.53065050 0.91488400 0.29027467 0.04813843 0.05220346 1 0.15543401 0.99153490 0.56079750 0.01665020 0.12933846 1 0.15467514 0.99203553 0.47634745 0.01592874 0.13182821 1 0.07929289 0.56996355 0.19165250 0.02940884 0.04023273 1 0.06884372 0.91838026 0.30428381 0.04510746 0.04219809
459,MVI_40711_img00140_jpg.rf.3dc62de7be25a46f3e6b9eb531c769c6,0 0.97682059 0.38641815 0.85537958 0.15918293 0.28843975 1 0.91037166 0.76341166 0.51103821 0.09692411 0.12706890 1 0.90479183 0.56150918 0.79451900 0.10396357 0.20619898 1 0.89786077 0.56651087 0.58954096 0.07362709 0.14041309 1 0.88422227 0.75178146 0.36686978 0.06525078 0.08231144 1 0.88379002 0.26680591 0.47782516 0.06607537 0.10381298 1 0.87549859 0.85538082 0.28697000 0.05304565 0.05671082 1 0.86697704 0.19746788 0.32482913 0.04638362 0.07007809 3 0.86122376 0.92486930 0.46618505 0.15026121 0.31580219 3 0.84686244 0.69227648 0.24219005 0.09294033 0.13711209 1 0.84149408 0.60728354 0.32510395 0.05260220 0.06225853 1 0.71807033 0.91642923 0.29216614 0.04900818 0.05179777 1 0.53463459 0.27770543 0.25251498 0.04765072 0.05972586 1 0.47547022 0.74059305 0.21189070 0.03622055 0.04289417 1 0.32264978 0.56367035 0.25269470 0.03394184 0.05106544 1 0.27977344 0.98578625 0.95995770 0.02802696 0.07988014 1 0.07126197 0.91531849 0.31020923 0.04869442 0.05048962 1 0.05607608 0.95550318 0.23084407 0.04034901 0.04786015
460,MVI_40711_img00471_jpg.rf.fa1c86e07586cb4e731ef0af574fb611,0 0.97679317 0.38520672 0.85261965 0.16546226 0.29292393 3 0.95340693 0.83101511 0.36821182 0.25552216 0.27335467 1 0.91381842 0.06674673 0.41218357 0.08157123 0.08951769 1 0.87114751 0.20416429 0.28497548 0.05981979 0.06971874 2 0.84171724 0.34992619 0.29812012 0.04786882 0.09497094 1 0.83124584 0.60356603 0.95684762 0.11656837 0.08630456 3 0.83121461 0.80619338 0.23783011 0.15436778 0.13905717
461,MVI_40711_img00660_jpg.rf.21a0ec1d478e33bfbf6f24a0c5d241ec,0 0.98073763 0.38515649 0.85351629 0.16369095 0.29069176 1 0.90456361 0.75655503 0.44700699 0.08726950 0.10022840 1 0.90451324 0.53033524 0.53551407 0.07175846 0.12506199 1 0.90074486 0.87908821 0.41348305 0.08426151 0.08614273 1 0.89735514 0.15935540 0.33984261 0.06425958 0.07467079 1 0.86464387 0.77742939 0.26522052 0.04681759 0.05886731 1 0.82812643 0.60293236 0.95848980 0.11556816 0.08286247 1 0.78396183 0.90182247 0.33148966 0.05229568 0.06982660 1 0.74050421 0.98282623 0.59856958 0.03434601 0.12236843 1 0.52229643 0.37428558 0.23990817 0.03487978 0.05456443 1 0.48689812 0.00804403 0.36696601 0.01608786 0.07795086 1 0.47622877 0.68239202 0.22566576 0.04024429 0.04906559 2 0.27434224 0.80610809 0.22838264 0.04243507 0.05014429 1 0.07739295 0.80615330 0.22802010 0.04298897 0.05148249
462,MVI_40711_img00731_jpg.rf.2d0c40882ebf770a61c80ff1facf0a5a,0 0.97535741 0.38495030 0.85346813 0.16635199 0.29231510 1 0.92923999 0.56415081 0.78011150 0.09567728 0.20023556 1 0.89240938 0.28166075 0.43939304 0.06751719 0.10025368 1 0.88614845 0.73605366 0.28700604 0.05503941 0.05903368 1 0.88104337 0.76492372 0.36183755 0.06654692 0.07553849 1 0.85582602 0.86509495 0.27236505 0.04361839 0.05866585 1 0.84064698 0.60349536 0.95872383 0.11641216 0.08213158 2 0.55193508 0.82046776 0.22239730 0.03913155 0.04992580 1 0.25907409 0.60095491 0.23567154 0.04154167 0.05243006 1 0.18628682 0.82012653 0.22263227 0.03878212 0.05021267 1 0.11801527 0.86491642 0.21435643 0.04520187 0.04466065 1 0.07986064 0.97727575 0.19755168 0.04544830 0.04573927
463,MVI_40711_img00755_jpg.rf.82e947285b1cf6bb7a39c3b494659f91,0 0.97923112 0.38512368 0.85357981 0.16446114 0.29260960 1 0.92386121 0.56722641 0.80550146 0.09692268 0.21436100 1 0.91076010 0.21842158 0.55915895 0.08813787 0.13262739 1 0.88685638 0.71144705 0.31223054 0.05670967 0.06578903 1 0.85993028 0.60373473 0.95805111 0.11768093 0.08387699 1 0.73109382 0.69544582 0.25398257 0.04804506 0.05365200 1 0.42129803 0.85930004 0.25865276 0.03912487 0.05583491 1 0.14969300 0.99490614 0.45406733 0.00910816 0.14838324 2 0.12858433 0.82380753 0.21936979 0.03880520 0.05103750 1 0.07845118 0.99542980 0.41871576 0.00853806 0.09219332 1 0.06890241 0.99527140 0.48983388 0.00875607 0.09364243
464,MVI_40711_img00843_jpg.rf.8d8a45489f02f37a28c8d167ed2a604e,0 0.93037933 0.36410255 0.92278032 0.18270245 0.15443916 1 0.91340017 0.56705947 0.80307589 0.09694233 0.20873165 3 0.85035110 0.74497705 0.23094549 0.11349669 0.13582435 1 0.82360303 0.60670872 0.96491713 0.11899567 0.07016554 1 0.40873751 0.85203056 0.23510232 0.03417397 0.05045400 1 0.17759521 0.60635600 0.20054238 0.03251247 0.04565296 2 0.08857081 0.87404938 0.20424595 0.04744816 0.05042571
465,MVI_40711_img00945_jpg.rf.5bd2c6fac4ce49e6044c42501fb15dfb,1 0.92226255 0.57427711 0.86040194 0.10223207 0.22915339 1 0.86866307 0.18769965 0.28973675 0.04760666 0.06272001 2 0.80331516 0.41933594 0.25317309 0.03488598 0.07515192 1 0.45630589 0.84101667 0.20864697 0.03046074 0.04567937 1 0.44145361 0.39326992 0.22025937 0.03669691 0.05060865 1 0.05662914 0.72444973 0.14155426 0.02458191 0.03281651
466,MVI_40712_img00087_jpg.rf.e4327f2ef86abaf6e4d2deafa84a6fae,1 0.92249566 0.29361339 0.64935923 0.09092360 0.15854359 1 0.89277977 0.73020229 0.30805039 0.06291552 0.07731590 1 0.38578585 0.99446774 0.24454613 0.01059246 0.05322180 1 0.05289203 0.81960411 0.18149430 0.03148632 0.03578060
467,MVI_40712_img00109_jpg.rf.57ecb9aa2ec9766aa72e2c414513a4ad,1 0.92443144 0.24332082 0.81007605 0.11922016 0.21197395 1 0.86684102 0.66862860 0.25798845 0.05070038 0.06355162 1 0.33677611 0.99460907 0.24149473 0.01044197 0.05674820 1 0.11200784 0.44063816 0.19273319 0.02948265 0.04573164
468,MVI_40712_img00263_jpg.rf.517e7b2ca69019fdc4752cce67288785,0 0.92808342 0.90173950 0.51049196 0.18982925 0.29660470 1 0.91862983 0.19655613 0.61147604 0.10026162 0.14877396 1 0.89517885 0.49386806 0.54217172 0.06927872 0.13222704 1 0.89252001 0.65521936 0.30508113 0.05190678 0.06481514 1 0.88795561 0.47008276 0.37009385 0.04612637 0.08501630 1 0.86487192 0.39569082 0.29695392 0.04078369 0.06468544 2 0.75460905 0.40301456 0.23055613 0.05267735 0.06590071 1 0.32395449 0.99479008 0.25094986 0.00973129 0.05089817 2 0.31275997 0.29390836 0.21938188 0.04447107 0.06907892 1 0.27868497 0.81900072 0.18502076 0.03229694 0.03673592
469,MVI_40712_img00464_jpg.rf.534e287b5384db7661a1989db24f1dda,1 0.88376296 0.14284565 0.34609632 0.06019530 0.06972480 1 0.84602326 0.33766289 0.26191726 0.03894358 0.05813284 1 0.69315273 0.46537523 0.51023164 0.06583691 0.14708691 1 0.61401540 0.57704020 0.89689569 0.10999184 0.20418377 1 0.52755588 0.26688952 0.23184557 0.04160748 0.04931002 1 0.31571269 0.99469099 0.25076957 0.01005211 0.05390339 1 0.21111283 0.00913694 0.37662754 0.01823320 0.07927332 1 0.19068848 0.80812654 0.17487426 0.03047523 0.03505435 1 0.12464076 0.45441775 0.19554640 0.03016443 0.04572709
470,MVI_40712_img00736_jpg.rf.2a6328cc163dce5aa00b6ad44e4a645a,1 0.92949057 0.58391476 0.88956468 0.11611538 0.22087044 1 0.92824340 0.15868497 0.69408822 0.10405455 0.17409992 1 0.92293298 0.43694391 0.79996862 0.10217657 0.20873795 1 0.90218616 0.26380503 0.45714941 0.07242575 0.10392113 1 0.89800423 0.08549600 0.39944508 0.07531373 0.08615851 1 0.89469427 0.34257329 0.52640982 0.07402987 0.12527847 1 0.43403605 0.44426880 0.20297666 0.03056030 0.05295181 1 0.26294062 0.00532840 0.33886886 0.01040064 0.06376381 1 0.11995120 0.99555750 0.24881074 0.00874481 0.04985065 1 0.08663187 0.26621933 0.21940002 0.03508463 0.04616165
471,MVI_40712_img01043_jpg.rf.6fa5b8d1cfcafc850d80757974607e80,1 0.92286777 0.09743502 0.78187685 0.13978088 0.21180420 1 0.91816342 0.45483942 0.61379366 0.07335796 0.15101757 1 0.91705167 0.58927374 0.90141697 0.12489719 0.19644165 1 0.91375428 0.32450092 0.61332960 0.08641343 0.15023537 1 0.89281303 0.04399210 0.94178677 0.08711548 0.11642456 1 0.88959974 0.17780885 0.64588652 0.08082588 0.15534401 1 0.75441641 0.44723263 0.26246455 0.03734646 0.07342868 1 0.54577422 0.40363922 0.22254894 0.03454266 0.04993172 1 0.06541704 0.99590397 0.24788241 0.00819187 0.04355855
472,MVI_40712_img01165_jpg.rf.2c467ecf3ce76a9a3a8f1f68ab2455ed,1 0.93184906 0.21887908 0.89331663 0.14654655 0.21196637 1 0.92449278 0.09793552 0.77776508 0.13990757 0.21491127 1 0.91701233 0.58965273 0.89958804 0.12821941 0.20015750 1 0.90367401 0.42810974 0.84104471 0.10289421 0.23529263 1 0.90264356 0.04426268 0.93957104 0.08742300 0.12085771 1 0.89614230 0.46637259 0.47983265 0.06467209 0.11464252 1 0.89242238 0.39579320 0.38271995 0.06605387 0.08551569 1 0.88879430 0.09969098 0.36684840 0.06952821 0.08269992 1 0.88799196 0.17729907 0.64497156 0.08012905 0.15344753
473,MVI_40712_img01230_jpg.rf.67b6a1322d86b04df1f18425b7d07c31,1 0.93233389 0.09824246 0.77143316 0.13898561 0.21505508 1 0.92442930 0.21810565 0.89031649 0.14590988 0.21932869 1 0.92362988 0.04452983 0.93554735 0.08739457 0.12779236 1 0.91892135 0.59008698 0.89711645 0.12816229 0.20575452 1 0.90618747 0.42791615 0.83678818 0.10297480 0.23516464 1 0.90553439 0.44255981 0.60085716 0.08427944 0.15245762 1 0.90553212 0.49726548 0.47393227 0.09312487 0.10945034 1 0.89868373 0.17742856 0.63887725 0.08078408 0.15480661 1 0.88792628 0.95817780 0.64524498 0.08364420 0.14912777 2 0.46806800 0.12213981 0.23618438 0.03653126 0.05769887 2 0.06256544 0.00713525 0.27621622 0.01427031 0.08158283
474,MVI_40712_img01272_jpg.rf.56343d30a7747b3c90df6fe76de0804f,1 0.93419588 0.43717145 0.62890215 0.08637373 0.16451569 1 0.92126185 0.59008398 0.89809718 0.12665787 0.20380544 1 0.91695654 0.21843954 0.89113602 0.14607724 0.21772776 1 0.91673714 0.55089092 0.56360030 0.08871145 0.13477392 1 0.91643959 0.09833676 0.77250481 0.13860934 0.21448364 1 0.91579628 0.04477061 0.93588314 0.08730192 0.12719116 1 0.91153431 0.76447001 0.41314584 0.08523865 0.08861883 1 0.90944237 0.42785578 0.83695564 0.10308247 0.23438206 1 0.89830583 0.17745957 0.63977289 0.08136921 0.15550861 2 0.55063659 0.09226431 0.26527240 0.04093791 0.07139058 0 0.06809814 0.09202183 0.26607318 0.04137912 0.06732020
475,MVI_40712_img01653_jpg.rf.32c629f8e6728a7568a15e7bf1788d53,1 0.93538183 0.09698789 0.77055426 0.14022079 0.21644192 1 0.92345804 0.42723479 0.83621645 0.10340500 0.23428555 1 0.92196476 0.04459144 0.93604145 0.08672976 0.12668419 1 0.92024094 0.43578005 0.63544302 0.08925896 0.16645393 1 0.91882849 0.23618157 0.50773096 0.08806381 0.13939896 1 0.91753560 0.59119821 0.89588990 0.12868223 0.20822000 1 0.91654783 0.21850147 0.88990946 0.14329247 0.22018089 1 0.90743649 0.58014550 0.72388654 0.09499235 0.18478060 1 0.90129000 0.17639437 0.63817782 0.07979383 0.15264673 1 0.84838444 0.25719829 0.26440949 0.04848061 0.05957937 3 0.84101862 0.07505255 0.48133212 0.15010490 0.34589365 1 0.81986135 0.15886739 0.35019684 0.05238438 0.07592649 1 0.81666195 0.16193597 0.29969578 0.04962125 0.06100368 2 0.65070486 0.22106473 0.22952945 0.05523391 0.08548431 1 0.50200772 0.43599133 0.23647957 0.03924370 0.05985641 1 0.12924118 0.34511490 0.23684990 0.03323078 0.05069818
476,MVI_40712_img01832_jpg.rf.1677751a8efa41df10a451fe75dc4573,1 0.92318648 0.42948537 0.83305607 0.10267057 0.23194084 1 0.92176956 0.22070865 0.88925042 0.14643689 0.22149896 1 0.91891545 0.09669458 0.77453561 0.13914657 0.21505003 1 0.91864783 0.59133921 0.89402571 0.12763538 0.21148663 1 0.91844094 0.04557854 0.93397713 0.08937970 0.13084412 1 0.91312599 0.43852214 0.63344364 0.08948042 0.16461401 1 0.91120315 0.29836230 0.66955070 0.11129074 0.19253750 1 0.90959173 0.23900094 0.50475063 0.08705111 0.13887730 1 0.90844280 0.58263154 0.72421775 0.09453049 0.18585234 1 0.89358890 0.17887695 0.63623667 0.07857413 0.15425720 1 0.87701076 0.14401464 0.33053660 0.06326604 0.07491975 1 0.87094784 0.21612525 0.25994368 0.04715004 0.06098776 0 0.82104570 0.02738963 0.42662883 0.05477906 0.16287670 0 0.46671623 0.80050402 0.21531329 0.04073868 0.06582613 3 0.29116616 0.02817933 0.42440577 0.05635846 0.15921373 1 0.24355079 0.24949169 0.21902270 0.03146992 0.04946561 2 0.15873823 0.80025682 0.21569822 0.04009113 0.06711826 1 0.06673189 0.99608116 0.23956742 0.00773849 0.04423552 1 0.06036969 0.41496849 0.98992858 0.17437124 0.02014265 1 0.05924955 0.58668380 0.18910990 0.03394289 0.04751768
477,MVI_40712_img02054_jpg.rf.3c4dd1bd3d98d2270400e91e15ed1148,1 0.93209076 0.21868756 0.89284859 0.14751496 0.21316853 1 0.92559028 0.28523951 0.71709709 0.11944366 0.20676670 1 0.92366642 0.09626404 0.78323331 0.13931844 0.21593504 1 0.91831148 0.59102736 0.89913454 0.13042831 0.19970798 1 0.91765416 0.23856822 0.51300364 0.08914260 0.14011784 1 0.91641301 0.58363891 0.73900614 0.09528999 0.17921028 1 0.91492778 0.43735194 0.64281626 0.08907442 0.16571827 1 0.90431213 0.13248719 0.35985818 0.06714323 0.07960491 1 0.90367508 0.42836789 0.84171350 0.10217021 0.23249707 1 0.89835036 0.04518420 0.94012670 0.08926780 0.11974640 1 0.89210665 0.03664332 0.42946973 0.07328645 0.09571962 1 0.88583672 0.17811332 0.64656992 0.07999849 0.15702171 1 0.88050932 0.72589493 0.33713784 0.05924110 0.08106508 2 0.86047232 0.34589646 0.31658216 0.05356975 0.09778538 2 0.85873836 0.16771984 0.26572824 0.04243140 0.07299681 1 0.71805239 0.01271415 0.60407972 0.02540092 0.13367119 1 0.42369309 0.46576056 0.23207831 0.03185663 0.05365691 2 0.39692712 0.63213229 0.25999172 0.05291224 0.07722688 1 0.38550454 0.63224392 0.25979280 0.05355949 0.07691708 2 0.31004485 0.32502353 0.21008354 0.04825406 0.06245459 1 0.07881285 0.00465647 0.35927014 0.00931273 0.06418238
478,MVI_40714_img00006_jpg.rf.94647b03f5366f705a85a21365a964b7,1 0.92006266 0.44760361 0.56441483 0.07361584 0.14578133 1 0.91821826 0.05712507 0.69894037 0.11278772 0.14987059 3 0.91563976 0.14248002 0.49292531 0.21934600 0.30259523 1 0.91235489 0.05361455 0.92639074 0.10722890 0.14646034 1 0.90988606 0.21047363 0.91233807 0.13051053 0.17112846 1 0.90628302 0.94171391 0.49325504 0.07952309 0.09531784 1 0.90612853 0.39449759 0.92056942 0.12365913 0.15842667 1 0.90375453 0.55597391 0.90745072 0.10881367 0.18509836 1 0.89937758 0.41670108 0.72152758 0.08404579 0.16318378 1 0.89924783 0.28166962 0.74252429 0.10223446 0.17236280 1 0.89800966 0.55113583 0.71716781 0.08074188 0.16630545 1 0.89695448 0.13138772 0.77529707 0.11203866 0.17110119 1 0.89665067 0.90778770 0.34578135 0.05296326 0.06091666 1 0.89156145 0.19441276 0.62983618 0.09345627 0.16424961 1 0.86804295 0.32606878 0.62106428 0.08084869 0.12865314 3 0.86376315 0.42174668 0.28102849 0.05620031 0.11926970 3 0.85323143 0.34518874 0.24914688 0.07860093 0.12006265 1 0.84828079 0.26120124 0.53864393 0.06906834 0.10732536 1 0.84071511 0.36864810 0.47056484 0.05652924 0.08653736 1 0.83869141 0.29967792 0.46101618 0.05456939 0.08707676 1 0.83502954 0.35493789 0.53797407 0.06672773 0.10290642 3 0.82044631 0.29335155 0.30049312 0.06877050 0.13213787 1 0.81892627 0.33131609 0.37600956 0.04078488 0.06227255 3 0.81369436 0.24108789 0.36499681 0.09509339 0.16313400 1 0.80609012 0.39783628 0.41831465 0.04671025 0.07818823 1 0.79101139 0.39403853 0.37680533 0.04059858 0.06116042 1 0.78258085 0.32108455 0.41585050 0.04504995 0.06960926 1 0.76632386 0.24739461 0.24951625 0.02726803 0.04114819 1 0.74958926 0.57632780 0.20036979 0.02275562 0.03576241 1 0.73582774 0.37292805 0.31656580 0.03346205 0.05544834 1 0.71091843 0.35607171 0.34672585 0.03430853 0.06170959 1 0.57239324 0.53977084 0.16424098 0.01822634 0.02555871 3 0.34236687 0.38361244 0.18689620 0.05872364 0.07063928 1 0.18716677 0.55358868 0.14461688 0.01483364 0.02434499 0 0.15116505 0.38696427 0.18909861 0.05145159 0.06915205 1 0.13383144 0.34120555 0.29884129 0.02733412 0.03601437 3 0.08782597 0.31819770 0.26792424 0.05802612 0.11958275 1 0.05913884 0.65403881 0.16904039 0.02242126 0.03020940 2 0.05716827 0.65472670 0.17440200 0.02482166 0.03892431
479,MVI_40714_img00080_jpg.rf.01acc3b94310ba9071e076270e655ca3,1 0.93056190 0.55561295 0.91851086 0.10871677 0.16297808 1 0.91761613 0.05687914 0.71772313 0.11206703 0.15146055 3 0.91369605 0.14003314 0.51663980 0.22055142 0.29699516 1 0.90905190 0.44659138 0.58387270 0.07385941 0.14600897 1 0.90757906 0.05340649 0.93563728 0.10681277 0.12860661 1 0.90594709 0.41487060 0.74123673 0.08408499 0.16270380 1 0.90407431 0.80029678 0.54486704 0.08262100 0.09227448 1 0.90165162 0.19373870 0.64846811 0.09385753 0.16870899 1 0.90020877 0.20787063 0.92244215 0.13130034 0.15464287 1 0.89967263 0.12997659 0.79395475 0.11143734 0.17182770 1 0.89723694 0.28142862 0.76205182 0.10254955 0.17193785 1 0.89660656 0.39443855 0.93057117 0.12490540 0.13797607 1 0.89533430 0.90714741 0.36460729 0.05304127 0.05825739 1 0.89199615 0.55053248 0.73662724 0.08175287 0.16583643 1 0.88914245 0.82112389 0.35146861 0.04508324 0.06067276 1 0.88684583 0.85839195 0.43958702 0.06795616 0.07172508 3 0.87931269 0.41639261 0.31478872 0.06177797 0.12501745 1 0.86538619 0.32486856 0.63801179 0.07824216 0.12844744 1 0.86265588 0.26095545 0.55618124 0.06776037 0.10414095 1 0.85838962 0.36827106 0.48964815 0.05396948 0.08360014 1 0.85800058 0.35476260 0.55873594 0.06523681 0.10117092 1 0.84265500 0.29891992 0.48019590 0.05523891 0.08607502 3 0.83790684 0.29277439 0.31876140 0.07046680 0.13640060 3 0.83501321 0.23755370 0.38719249 0.10103463 0.16139002 3 0.83006245 0.34635959 0.26756668 0.08183641 0.11768293 1 0.81743973 0.39706714 0.43850975 0.04833779 0.07450991 1 0.81217766 0.31994557 0.43436799 0.04518719 0.07162638 3 0.79128903 0.41424866 0.21719038 0.06111507 0.07975931 1 0.79111922 0.33273454 0.39496932 0.03984833 0.06102552 1 0.75016242 0.39379170 0.39585159 0.04326749 0.06170497 1 0.71458793 0.35491927 0.36604686 0.03682790 0.06302271 0 0.71172059 0.97019095 0.44445237 0.05961790 0.12329562 1 0.66264296 0.37033491 0.33408484 0.03231392 0.05403776 1 0.61350298 0.23999672 0.26857409 0.03400626 0.03986416 1 0.60508162 0.97097569 0.46393366 0.05701103 0.08693914 1 0.58581150 0.24300032 0.29915662 0.03188539 0.04033632 1 0.57090032 0.19908001 0.35032966 0.04138794 0.05571179 3 0.40878651 0.42918777 0.27878022 0.03976536 0.08491220 1 0.36212718 0.55649338 0.17587705 0.01773643 0.02504518 3 0.16900504 0.40760193 0.18920596 0.04965181 0.08603215 3 0.16127586 0.36879961 0.23418849 0.03819137 0.05764465 1 0.13572450 0.65247002 0.19178567 0.03033676 0.03373971 3 0.11833160 0.40946612 0.17025168 0.04007549 0.06557908 3 0.10504908 0.30742676 0.29661698 0.05070539 0.13004370 1 0.10033303 0.38305814 0.31016603 0.02652650 0.05552673 1 0.05553754 0.34123650 0.31881018 0.02567921 0.03429008 1 0.05370723 0.39387727 0.37327788 0.03726101 0.04447861
480,MVI_40714_img00091_jpg.rf.6e4dc84eab119fb53d4f02fe4c794877,1 0.92069644 0.05648527 0.71646023 0.11217804 0.15239105 3 0.91629815 0.13924356 0.51496342 0.22014632 0.29821932 0 0.91596508 0.96412091 0.42789497 0.07175798 0.11952095 1 0.90796721 0.05337716 0.93510127 0.10675412 0.12979726 1 0.90650874 0.44665623 0.58232183 0.07424049 0.14668846 1 0.90210813 0.20843773 0.92175989 0.13095750 0.15598469 1 0.90175641 0.19418801 0.64732637 0.09315202 0.16652145 1 0.90160716 0.41492558 0.73939905 0.08471403 0.16367550 1 0.90086973 0.28110514 0.76018643 0.10233154 0.17244406 1 0.90083396 0.82986727 0.41219969 0.06008453 0.06535711 1 0.89866197 0.39468117 0.92948818 0.12403450 0.13995628 1 0.89821619 0.76211138 0.50275931 0.07468491 0.08377085 1 0.89709979 0.55576892 0.91764693 0.10947466 0.16470594 1 0.89554983 0.55027986 0.73503132 0.08105412 0.16580868 1 0.89417785 0.13014021 0.79246373 0.11105347 0.17238588 1 0.88521117 0.90586700 0.36345253 0.04970474 0.05954037 1 0.87439936 0.81712515 0.33687682 0.03893733 0.05794983 1 0.86683816 0.97193942 0.60707169 0.05612096 0.11156063 1 0.86219072 0.32499225 0.63694735 0.07691636 0.12744198 3 0.86163741 0.41494670 0.31767106 0.06125345 0.12928419 1 0.86073482 0.36793180 0.48887491 0.05507636 0.08382587 1 0.85237610 0.26184535 0.55461698 0.06617222 0.10587931 1 0.85062003 0.35503752 0.55657005 0.06375813 0.10093651 3 0.83810049 0.23955693 0.38216305 0.09741812 0.16866932 1 0.83787781 0.29917874 0.47981071 0.05555210 0.08544655 3 0.82923502 0.29377971 0.31635861 0.06885366 0.13464880 3 0.81577557 0.34774504 0.26462617 0.08019943 0.11872721 1 0.81148612 0.39660027 0.43721266 0.04778733 0.07472973 1 0.80996937 0.33137193 0.39341021 0.04323645 0.06315708 1 0.79837966 0.31963799 0.43356090 0.04538641 0.07028961 1 0.74886215 0.39371238 0.39222033 0.04109335 0.06165643 1 0.74424684 0.35411239 0.36442878 0.03690548 0.06123824 1 0.73370945 0.18209987 0.36353946 0.04871664 0.05845532 1 0.71543777 0.23219335 0.27451327 0.03402925 0.04448085 3 0.70036632 0.41609759 0.21622209 0.06011076 0.07740995 1 0.68453425 0.37021456 0.33309507 0.03140516 0.05389385 1 0.51371181 0.24306021 0.30425708 0.03244448 0.04663472 3 0.46191123 0.42888966 0.27583423 0.03969164 0.08822508 3 0.19036202 0.37317543 0.22951960 0.04596791 0.06439601 3 0.18395218 0.40929589 0.17806115 0.04597826 0.08286591 1 0.17877561 0.55535431 0.16913358 0.01603756 0.02647545 3 0.13158694 0.36254230 0.18074820 0.05791264 0.08171864 1 0.10063560 0.23680227 0.28839693 0.03579640 0.04067564 1 0.08749483 0.65157561 0.18854258 0.02936916 0.03377261 1 0.08300957 0.38565588 0.30990922 0.02573490 0.05537500 1 0.08051322 0.34094458 0.31411076 0.02833428 0.03739433 1 0.07904226 0.37144063 0.31418691 0.03176513 0.04613476
481,MVI_40714_img00284_jpg.rf.9ca8114766fc3e18affd8589561e07af,1 0.92121339 0.44811745 0.58795900 0.07423983 0.14674225 3 0.92045951 0.14605629 0.51870337 0.20590014 0.29626551 1 0.91632617 0.55771751 0.91912251 0.10823364 0.16156769 1 0.91213173 0.13237965 0.79946265 0.11238704 0.17159700 1 0.91037315 0.05754899 0.72217145 0.11284099 0.14793797 1 0.90508509 0.41748457 0.74421659 0.08410110 0.16291590 1 0.90460742 0.05447924 0.93782597 0.10892961 0.12400703 1 0.90373993 0.20954818 0.92464132 0.13268081 0.15004215 1 0.90328497 0.28222237 0.76517682 0.10167513 0.17384958 1 0.89758348 0.19511974 0.65384521 0.09381094 0.16497612 1 0.89624411 0.39502900 0.93212662 0.12359567 0.13480644 1 0.89039105 0.55208864 0.74054441 0.08213501 0.16637421 1 0.88812435 0.80209367 0.35994530 0.04527173 0.06090784 3 0.87286162 0.41651019 0.32746410 0.05873473 0.12558699 1 0.86408907 0.30059266 0.48685493 0.05430765 0.08651695 1 0.86365497 0.32694435 0.64391165 0.07852125 0.12711048 1 0.85804331 0.36991603 0.49242277 0.05484376 0.08499584 1 0.85233760 0.65405011 0.26806540 0.03553038 0.04235048 1 0.84432161 0.26185865 0.55956259 0.06909418 0.10433216 0 0.84247631 0.90664902 0.36109612 0.05744457 0.09496179 3 0.83986264 0.29402161 0.32685602 0.07237463 0.12879491 1 0.83561921 0.35597808 0.56157603 0.06595926 0.10126953 3 0.83231813 0.34683380 0.27313490 0.08529377 0.11474009 1 0.81273580 0.58737936 0.23596075 0.02430325 0.03716083 1 0.80981666 0.39835052 0.44167924 0.04849777 0.07688093 3 0.80521089 0.24209592 0.38489938 0.09570918 0.16057882 1 0.79013902 0.33315253 0.39861395 0.04343624 0.06234632 1 0.78893733 0.69892988 0.23751960 0.02580910 0.03552799 1 0.78868794 0.03617535 0.58531199 0.07235050 0.11206236 1 0.78850055 0.39419384 0.39961283 0.03954506 0.06416755 1 0.78830820 0.54928894 0.25902338 0.02456188 0.03807368 1 0.78017712 0.32183371 0.43722358 0.04445810 0.07281008 1 0.75085175 0.35751805 0.36973858 0.03783331 0.06121778 1 0.74726415 0.71549144 0.21393719 0.02306967 0.03198557 1 0.73607928 0.93907585 0.33731627 0.04759750 0.04940348 3 0.68656403 0.42921801 0.26995020 0.04151745 0.09103684 1 0.65875649 0.53418808 0.22605631 0.02009945 0.02912440 1 0.65365845 0.37162485 0.33713932 0.03218603 0.05544882 1 0.57855374 0.67818041 0.20906422 0.01736259 0.02554212 1 0.35903969 0.71008415 0.21738153 0.02351112 0.03049660 3 0.26770607 0.38246474 0.19773233 0.05095596 0.07822471 1 0.21254304 0.65720892 0.18816533 0.01551533 0.02405968 3 0.12272436 0.43134851 0.24973464 0.03507471 0.05987520 1 0.07605517 0.70297880 0.23082376 0.02663956 0.03833628 1 0.07584688 0.54017334 0.22771974 0.02146225 0.03387403 3 0.06431377 0.41818285 0.28565075 0.04849682 0.08047490 1 0.05192743 0.65877018 0.20144076 0.01690807 0.03198520
482,MVI_40714_img00346_jpg.rf.0e5013c9448d574b007883e3d900a5ba,3 0.92480171 0.14358537 0.51870160 0.21494045 0.29800243 1 0.92067969 0.55856953 0.91980085 0.10871277 0.16033459 1 0.91919494 0.44896173 0.58731875 0.07407532 0.14558325 1 0.90756077 0.05435470 0.93731184 0.10870920 0.12522678 1 0.90640229 0.05829700 0.72051105 0.11349466 0.15022278 1 0.90404409 0.28304741 0.76417708 0.10138478 0.17525873 1 0.90143502 0.41773319 0.74376984 0.08329239 0.16086216 1 0.89956433 0.39574716 0.93147840 0.12350907 0.13597298 1 0.89742142 0.21109107 0.92487635 0.13194251 0.15024709 1 0.89430714 0.55250435 0.73984880 0.08177624 0.16436253 1 0.89340287 0.19555529 0.65245385 0.09400175 0.16620102 1 0.89301300 0.13264125 0.79721246 0.11166410 0.17586203 1 0.86962372 0.97446561 0.42510518 0.05106858 0.07061846 3 0.86867946 0.41669751 0.32631745 0.06047742 0.12780986 1 0.86425692 0.74873066 0.29344306 0.03367157 0.04756250 1 0.86304688 0.32814794 0.64177637 0.07819223 0.12661800 1 0.86201930 0.30062366 0.48623738 0.05500975 0.08529577 1 0.85677963 0.35696945 0.56037536 0.06466389 0.10071783 1 0.85353965 0.37099271 0.49135790 0.05438395 0.08342724 3 0.85212463 0.29485669 0.32555130 0.07131710 0.12955685 0 0.84696817 0.88347816 0.32906461 0.05188904 0.08853855 1 0.83818614 0.26355968 0.55857553 0.06705146 0.10443211 1 0.83247292 0.39835086 0.44048557 0.04827003 0.07546139 3 0.81745398 0.34769301 0.27222824 0.08308830 0.11789522 3 0.80753356 0.24225035 0.38496885 0.09666314 0.16324797 1 0.79392332 0.96913815 0.32516677 0.05489807 0.05087490 1 0.79376525 0.33454423 0.39718323 0.04173403 0.06385670 1 0.78523165 0.39458036 0.39857430 0.04064207 0.06401968 1 0.78293955 0.32216702 0.43619294 0.04500751 0.07085619 1 0.77546054 0.58603935 0.21856387 0.02245131 0.03597970 1 0.74321550 0.35741987 0.36859937 0.03827267 0.06025543 1 0.67301607 0.37259979 0.33768458 0.03221383 0.05465107 3 0.59182346 0.42803564 0.27829673 0.04611683 0.10101495 1 0.59152257 0.55321755 0.20395751 0.01732750 0.03071656 1 0.46650547 0.53326378 0.19232321 0.01582336 0.02593007 1 0.38974819 0.69151506 0.19103608 0.01939049 0.02544208 1 0.36304539 0.56536484 0.18602123 0.01697273 0.02339399 3 0.34627506 0.37083278 0.21184423 0.04795275 0.06858897 1 0.25762752 0.66875000 0.19719970 0.02244997 0.02821836 3 0.25563300 0.42923989 0.25765095 0.04033146 0.07029276 1 0.20327187 0.35078797 0.37775779 0.04079590 0.05826321 1 0.12582015 0.66153378 0.19707917 0.02137365 0.02927711 1 0.10339149 0.36396594 0.34884331 0.03477325 0.06308036 0 0.09102924 0.42833109 0.25321755 0.04095564 0.06016836 3 0.08593708 0.31214213 0.28925660 0.05597916 0.11456008 0 0.07456730 0.36902170 0.21433032 0.05302839 0.07862325 1 0.06390619 0.65801411 0.18461795 0.01577482 0.02324240 3 0.05683667 0.37098436 0.25222444 0.04842520 0.10469180 3 0.05053929 0.36079392 0.22989978 0.06782198 0.09474288
483,MVI_40714_img00549_jpg.rf.c3fff59ce22aa5c0f1e93b37f6c7ee5b,1 0.93589014 0.55679321 0.91747489 0.10782185 0.16505003 1 0.91772062 0.05771126 0.71636863 0.11410186 0.15266008 3 0.91447985 0.14398893 0.51877766 0.21701891 0.29230080 1 0.91165131 0.13273945 0.79261146 0.11281528 0.17164431 1 0.90760607 0.05431849 0.93500676 0.10790169 0.12998628 1 0.90221304 0.20972464 0.92162542 0.13362365 0.15606861 1 0.90190989 0.44799795 0.58259721 0.07398787 0.14574423 1 0.90133202 0.55222769 0.73495617 0.08165951 0.16444912 1 0.89826357 0.41700087 0.74002028 0.08441505 0.16293812 1 0.89804167 0.39460804 0.92937450 0.12632222 0.14020767 1 0.89728177 0.19556872 0.64795179 0.09328401 0.16538696 1 0.89511645 0.28242335 0.76077523 0.10198021 0.17255487 3 0.87864828 0.15746653 0.37941027 0.14166073 0.16487122 3 0.86418211 0.41720862 0.32300184 0.06064978 0.12598605 1 0.85650498 0.32717719 0.63738623 0.07791967 0.12733688 1 0.85510105 0.92240372 0.33379021 0.04448090 0.05650024 3 0.85163879 0.29296174 0.31990557 0.07096500 0.13319654 1 0.84952283 0.36938629 0.49052830 0.05601616 0.08620300 1 0.84456557 0.35680003 0.55690894 0.06355906 0.10319672 1 0.83812350 0.29987469 0.48045783 0.05564899 0.08541336 3 0.83648199 0.34756811 0.26670258 0.08226991 0.12292953 1 0.83221054 0.33347077 0.39369164 0.04166670 0.06152897 1 0.82383704 0.32131546 0.43381805 0.04393425 0.07099247 1 0.82177931 0.26347537 0.55417643 0.06569929 0.10502958 1 0.81852311 0.39819784 0.43761039 0.04874544 0.07527514 3 0.77929449 0.24226525 0.38589206 0.09814944 0.15762577 1 0.76941592 0.39591954 0.39336896 0.04140201 0.06509590 1 0.76246256 0.35623281 0.36427469 0.03704047 0.06257162 1 0.68884361 0.37237716 0.33318596 0.02968636 0.05342336 1 0.63976198 0.98787961 0.44519567 0.02424058 0.08004160 3 0.50548673 0.42791462 0.27417111 0.04442902 0.09910307 0 0.23360185 0.26103244 0.23106183 0.04475698 0.07121965 1 0.22688401 0.54118528 0.18162479 0.01632309 0.02713885 1 0.20901515 0.36699500 0.32521913 0.03066931 0.04701800 0 0.14532347 0.97626371 0.30737643 0.03475513 0.04985027 1 0.12919155 0.38522453 0.30960822 0.02566962 0.04887381 1 0.12449552 0.34802289 0.37653832 0.04013338 0.05775127 2 0.12134354 0.97641602 0.30745907 0.03460464 0.04997344 1 0.10739061 0.26036878 0.30565560 0.02747059 0.03609881 0 0.07825470 0.98151760 0.27693939 0.03676834 0.06957493 1 0.07565802 0.97735882 0.30889077 0.03299179 0.04851732 3 0.05893704 0.31233640 0.28760533 0.04546146 0.12916918 1 0.05526814 0.23773406 0.32819440 0.02628331 0.04439940
484,MVI_40714_img00824_jpg.rf.4de836e9d506f0a44cdf597a4c3d9bbb,1 0.92169887 0.16588479 0.73137531 0.10824544 0.16617985 1 0.92059398 0.40861017 0.77941160 0.09076726 0.18006306 3 0.91862524 0.14277279 0.49935590 0.17795353 0.26697900 1 0.91274822 0.55409546 0.73282938 0.08395138 0.17046814 1 0.91076761 0.25836296 0.83410699 0.11461248 0.20981755 3 0.90622884 0.27544017 0.32717874 0.08970313 0.14811387 1 0.90045989 0.44410114 0.59927034 0.08024969 0.15619392 1 0.89841205 0.92775593 0.52656698 0.10800209 0.09495296 1 0.89209086 0.31417708 0.64903889 0.08346314 0.13888016 1 0.88503110 0.33375893 0.38463829 0.04335098 0.07108388 1 0.88360441 0.25062900 0.56050649 0.07661963 0.11470003 1 0.87996781 0.74266896 0.37095728 0.06113539 0.06611462 1 0.87587339 0.35625203 0.52179699 0.06445780 0.10328617 3 0.87345797 0.41710124 0.30518532 0.06086864 0.12972546 1 0.86829269 0.30371079 0.46070919 0.05616074 0.08605137 1 0.83253014 0.38817005 0.44911871 0.05129480 0.08171005 3 0.83075690 0.34516611 0.25189728 0.08732557 0.12491380 1 0.81999540 0.39564476 0.38698661 0.04256878 0.06935945 1 0.80181080 0.95275421 0.31913266 0.06662331 0.04827633 1 0.76760960 0.35649090 0.34815700 0.04086552 0.06074595 1 0.70881462 0.37326429 0.31485465 0.03481345 0.05869741 1 0.68136716 0.57264810 0.97616634 0.13380442 0.04718285 1 0.65938461 0.71423979 0.18926549 0.02483215 0.03162394 3 0.65237892 0.02464473 0.77218432 0.04836574 0.37289858 1 0.55248100 0.95470610 0.28978539 0.03791180 0.03864832 0 0.43658686 0.44090443 0.23378713 0.04864635 0.07480659 3 0.40092734 0.43726416 0.23174074 0.05366421 0.07959256 3 0.32068416 0.43091660 0.25272183 0.05251064 0.10686688 3 0.20546749 0.42459383 0.21423314 0.03729477 0.06118932 0 0.15740709 0.43057089 0.22441053 0.05000191 0.07122518 1 0.13383399 0.46218328 0.18898456 0.01946325 0.02723866 3 0.11874658 0.36681671 0.22862553 0.04451876 0.07779857 1 0.09060984 0.42849197 0.18446440 0.02401543 0.03026645
485,MVI_40714_img00838_jpg.rf.bd079c556e7d509b33396a163a93e8da,1 0.92515033 0.13550515 0.79160404 0.12267900 0.19109554 1 0.92363805 0.23566148 0.89479308 0.12753749 0.21041364 1 0.91836876 0.40796571 0.78374143 0.09149342 0.18185778 1 0.91642249 0.55322666 0.75142789 0.08501415 0.17504530 3 0.91230351 0.11390068 0.54090605 0.19210654 0.29549675 1 0.90927583 0.30074606 0.68912573 0.08875542 0.14886761 1 0.90470719 0.44235325 0.61062045 0.08198204 0.15979300 1 0.90363353 0.84101887 0.46259160 0.08529587 0.08356857 1 0.89507473 0.23299320 0.59714432 0.08118143 0.12366161 3 0.88396138 0.26929536 0.33975265 0.09371758 0.15280118 1 0.87797225 0.69887848 0.33737247 0.05125132 0.05782056 1 0.87419969 0.35008612 0.54367633 0.06635580 0.11113482 1 0.86403728 0.29399655 0.48305340 0.06112242 0.09286575 3 0.86098987 0.41671497 0.30834537 0.06069143 0.13102264 1 0.86036152 0.33111863 0.39317780 0.04191589 0.07153149 1 0.84573632 0.38348720 0.46150894 0.05443892 0.08619785 1 0.82911044 0.39407239 0.39667640 0.04227066 0.07012329 3 0.82245457 0.34269729 0.25669625 0.08937273 0.12629151 1 0.79844517 0.95564919 0.32023363 0.06573143 0.04847717 1 0.78162003 0.35582685 0.35304179 0.03782864 0.06448374 1 0.65780765 0.37259727 0.31921458 0.03216743 0.05890365 1 0.58108163 0.95519133 0.29351482 0.04166203 0.03897753 1 0.55000931 0.70655017 0.18597701 0.02289515 0.02895575 3 0.48812810 0.42618856 0.26652346 0.04893360 0.09329720 0 0.40921041 0.44213076 0.23811402 0.04330444 0.07347841 3 0.39021805 0.44001045 0.23820379 0.04972095 0.07616434 1 0.20042606 0.38272059 0.30106721 0.02638655 0.06120338 1 0.10088775 0.46058078 0.19698775 0.01915092 0.02900553 0 0.10045642 0.33478835 0.18969070 0.06046405 0.06743062 1 0.07365820 0.65910788 0.16766313 0.01760769 0.02385423 0 0.06021435 0.42971969 0.22730680 0.04399815 0.06106787 0 0.05433420 0.43326807 0.20912263 0.03585434 0.05460110
486,MVI_40714_img01115_jpg.rf.18fc9bd044047c31d7a249304fd98553,1 0.91380847 0.93702316 0.61859021 0.12367439 0.13076715 3 0.91360152 0.34307556 0.47831345 0.13185911 0.27681007 1 0.90371215 0.75069785 0.33988433 0.06068602 0.07035294 1 0.89947033 0.74337301 0.43666182 0.06799526 0.08679380 3 0.89945388 0.16725070 0.77844410 0.32707076 0.44311161 1 0.89360398 0.67997780 0.35021381 0.05624619 0.06706915 1 0.87802804 0.62362990 0.37381001 0.06253967 0.07249250 0 0.85818464 0.47405767 0.34129381 0.05333710 0.16319847 1 0.84468508 0.30915890 0.26611521 0.03993912 0.05073485 3 0.83299649 0.07331363 0.67125854 0.14662706 0.46507225 1 0.83267087 0.20535769 0.59166498 0.09204502 0.13813915 1 0.81457251 0.44456072 0.26567478 0.03131733 0.05066833 1 0.79472655 0.44901295 0.21470730 0.02741165 0.04300122 1 0.27116346 0.25534010 0.21980126 0.02708206 0.04040775 1 0.13774545 0.40706944 0.16591277 0.02442579 0.03213694
487,MVI_40714_img01164_jpg.rf.a1648d81119365b0127ca34e3f3bedf2,1 0.91554421 0.91685715 0.71035652 0.14112663 0.16123695 3 0.90780056 0.26028052 0.69984713 0.22393492 0.46550179 1 0.88681966 0.73350029 0.37446923 0.06510124 0.06988611 1 0.88621801 0.17237384 0.39019585 0.06694055 0.07458525 1 0.88408971 0.97373290 0.39172831 0.05253400 0.07671709 1 0.88215214 0.62819824 0.29698920 0.04218121 0.05868177 1 0.86779732 0.66095123 0.26554084 0.04302349 0.05293922 0 0.86195421 0.46559258 0.44637270 0.07010860 0.19637146 1 0.84002608 0.45196972 0.32065318 0.03888969 0.06182609 1 0.83040816 0.45550203 0.26854916 0.03258057 0.05035553 1 0.81716377 0.54757581 0.28168044 0.03959208 0.05087967 1 0.79046601 0.03806220 0.93803921 0.07612420 0.12253590 1 0.73102891 0.58335547 0.24963763 0.03158073 0.04920158 1 0.62265360 0.25435884 0.24419217 0.02974496 0.04301853 1 0.50677955 0.35500884 0.21895980 0.03502378 0.04107372 1 0.39890450 0.09184865 0.98062572 0.18369710 0.03865738
488,MVI_40732_img00131_jpg.rf.3f169a8aff7a85928b64468438986b50,3 0.94383776 0.22986491 0.63347688 0.38892341 0.28072081 1 0.93223476 0.20579448 0.90273876 0.20946301 0.18903332 1 0.90440559 0.51698246 0.74192996 0.13867054 0.12540941 1 0.88731664 0.39752803 0.93352527 0.20556288 0.13294926 1 0.88164210 0.80290873 0.57905006 0.08458476 0.08160019 1 0.85518700 0.23660476 0.48205967 0.09771924 0.07532463 1 0.85456061 0.74075241 0.96168489 0.16637497 0.07663002 1 0.82990634 0.53635139 0.51233463 0.09784584 0.06888323 1 0.66556752 0.97234688 0.58549252 0.05511169 0.10202770 3 0.65601468 0.98756638 0.68835812 0.02460709 0.24505234 1 0.18449394 0.02768180 0.60732613 0.05524888 0.10249615 1 0.08267713 0.98649740 0.72407112 0.02672958 0.16216660
489,MVI_40732_img00450_jpg.rf.5df307b524d8b0162997f9ba2bce7111,1 0.91077399 0.27670270 0.89222374 0.19076947 0.17373524 1 0.90887481 0.87522125 0.75700760 0.10990028 0.12123508 1 0.88451058 0.24819679 0.49787254 0.09607763 0.07792444 1 0.87659413 0.70306768 0.55362062 0.09082565 0.07812881 1 0.84645605 0.06690393 0.96015854 0.13380765 0.07952995
490,MVI_40732_img00534_jpg.rf.5b6f27ea885d8976bc2c76cadb714fbd,1 0.91876334 0.27822332 0.89567356 0.19055376 0.18004951 1 0.91455305 0.63785992 0.81712065 0.13814878 0.13652000 1 0.90282750 0.96461286 0.79982524 0.07077407 0.12177782 1 0.88199282 0.24930704 0.49808202 0.09647117 0.07675333 1 0.88010275 0.04314304 0.77685480 0.08628588 0.13842258 1 0.85789651 0.83608618 0.49543262 0.07181721 0.06071739 1 0.84755838 0.06743019 0.96047902 0.13486018 0.07904176 1 0.83901298 0.09809286 0.53138018 0.05922333 0.07706051
491,MVI_40732_img00543_jpg.rf.be9c693354a0ea95d2719ccc2c32b7df,1 0.92715436 0.69892116 0.78022928 0.12524996 0.12572880 1 0.91823006 0.27940767 0.89506187 0.19138837 0.18004875 1 0.88496846 0.24986205 0.49874935 0.09654493 0.07668476 1 0.87376934 0.80386095 0.49819140 0.07448292 0.06275043 1 0.83531737 0.06730641 0.96132355 0.13461262 0.07733040 1 0.83327824 0.09751419 0.53679256 0.05371153 0.08157330 1 0.69610560 0.98631840 0.75129461 0.02713509 0.11924667
492,MVI_40732_img00601_jpg.rf.484b1b651c99a2b257bb88602856eabd,1 0.91825789 0.27767422 0.89349861 0.19065909 0.17573261 1 0.91074717 0.76880832 0.84088449 0.13862085 0.13877926 1 0.89965981 0.91401014 0.85698652 0.12452240 0.14631348 1 0.88901514 0.96465740 0.61931663 0.06969299 0.08446045 1 0.88552427 0.59295945 0.52744379 0.08489571 0.07618809 1 0.88160092 0.24943151 0.49785662 0.09673719 0.07734127 1 0.85232449 0.06692798 0.96057486 0.13385576 0.07885008 1 0.38017157 0.01056216 0.58297043 0.02112412 0.09178524 2 0.09485842 0.01099258 0.58717690 0.02183802 0.09264736 0 0.09142698 0.01179112 0.58604050 0.02358204 0.10077991
493,MVI_40732_img00635_jpg.rf.e0603a09f06e3cf8bf04693ff855edc3,1 0.92585576 0.27837610 0.89449215 0.19033022 0.17838707 1 0.90485913 0.95293164 0.70306702 0.09413652 0.10370102 1 0.89907318 0.75128479 0.94901800 0.17708721 0.10164108 1 0.88501513 0.24971275 0.49763174 0.09716377 0.07682457 1 0.87356067 0.49442158 0.54900346 0.08933964 0.07875004 1 0.85249394 0.06733783 0.96046414 0.13467545 0.07907152 1 0.81408018 0.97431836 0.52149048 0.05136308 0.07107439 1 0.76695991 0.37741735 0.96693516 0.20285068 0.06567688
494,MVI_40732_img01233_jpg.rf.8aefca71fccaf92ee9296208a43fb910,1 0.90149575 0.61044664 0.66646309 0.11001463 0.10263968 1 0.87668568 0.09362703 0.94205971 0.18725385 0.11540489 1 0.86726528 0.83072970 0.50982475 0.06981921 0.06178207 1 0.81035542 0.26288950 0.49119525 0.09521956 0.07872210 1 0.05837784 0.00940944 0.50167055 0.01855098 0.08083429
495,MVI_40732_img01494_jpg.rf.0045369b550025278c17d9802c17f668,3 0.93254459 0.79443932 0.55748854 0.21521053 0.20509548 1 0.90037990 0.26521101 0.50710325 0.09665942 0.07599554 1 0.69057149 0.68529291 0.52047892 0.07583942 0.06519909
496,MVI_40732_img01667_jpg.rf.5e77a26f3dbd6a566e966a4046d97999,0 0.88674963 0.44448953 0.51297908 0.14403067 0.14594793 1 0.88589138 0.26522808 0.51138334 0.09696126 0.07484226 1 0.11080353 0.00973121 0.52670665 0.01914164 0.08903370
497,MVI_40732_img01688_jpg.rf.23494ebb2fd6611c5c78ff2d3b355a2e,0 0.92389196 0.32521608 0.53060436 0.15682044 0.15185204 1 0.76111704 0.25980561 0.50984955 0.08328505 0.07002392 1 0.19719319 0.38302870 0.49303937 0.05689306 0.05381966 1 0.12991862 0.01137642 0.52777166 0.02275264 0.07543049
498,MVI_40732_img02041_jpg.rf.af15eb69093aabc428be47778401b656,3 0.92254210 0.73082743 0.50107136 0.20502110 0.16705523 1 0.92106849 0.29635980 0.66977301 0.12478986 0.10293179 1 0.91414523 0.36423140 0.82047746 0.16848297 0.14691091 1 0.82742929 0.27870898 0.51249809 0.09583292 0.07373180 1 0.60082257 0.97879071 0.46840715 0.04241838 0.05259466 1 0.23418841 0.01916576 0.52440987 0.03782166 0.07454138
499,MVI_40732_img02058_jpg.rf.6c7dd299dca49fc68ddb726988c12171,1 0.92971146 0.16766146 0.90611820 0.20561936 0.17817879 3 0.92303270 0.63434763 0.52160211 0.22270012 0.18703995 1 0.90446687 0.15646938 0.71627331 0.14226034 0.11683350 1 0.82661229 0.93593121 0.48319373 0.05403919 0.05619555 1 0.82298720 0.28122754 0.51280184 0.10039935 0.07411432 1 0.05695498 0.01876591 0.51787701 0.03733379 0.09089451
500,MVI_40732_img02093_jpg.rf.5e42c78e0c25713c2b2d91f9186e63aa,3 0.91600221 0.42503463 0.56109505 0.26702039 0.22583179 1 0.86909008 0.82025242 0.50583477 0.06753330 0.06541824 1 0.85871118 0.27541828 0.51056204 0.09004793 0.07740374 1 0.78305566 0.97757149 0.50382500 0.04450340 0.06466236 1 0.48616263 0.97950916 0.46660309 0.03966675 0.04698734 1 0.17808208 0.01883151 0.52565517 0.03658388 0.07408485
501,MVI_40732_img02117_jpg.rf.3698e4b5f9fad5cd95a43299d3f16be1,3 0.92728347 0.27150936 0.60432959 0.30426360 0.25460949 1 0.89395678 0.71765423 0.52691903 0.07523842 0.07015581 1 0.85834271 0.90059986 0.52665148 0.08251209 0.06895180 1 0.80785793 0.92831707 0.48528905 0.05491104 0.05332527 1 0.14983848 0.27954845 0.51352215 0.09228706 0.07747917 1 0.14146478 0.01899936 0.51858668 0.03776967 0.09572525
502,MVI_40742_img00020_jpg.rf.9677e8f6e68b1ccfdaf270ba28ed6e3a,3 0.93499243 0.80689349 0.78481269 0.38621282 0.43037443 3 0.92194098 0.29296012 0.32781515 0.16308088 0.16570492 1 0.91692233 0.46940999 0.81702363 0.21385422 0.26975675 3 0.91634041 0.36325493 0.54454765 0.41852846 0.40890322 3 0.91319007 0.90896873 0.46197405 0.18194084 0.21932487 3 0.89623970 0.07077490 0.35307794 0.13853204 0.14308004 1 0.89304775 0.58738265 0.45745496 0.12260141 0.11853335 1 0.89210218 0.95137319 0.59832335 0.09725342 0.12531929 3 0.89045101 0.38203959 0.31218848 0.16284761 0.14872427 1 0.87999564 0.66764612 0.43061333 0.12033234 0.10587778 1 0.87972409 0.26309505 0.63214312 0.13285092 0.15813656 1 0.87551147 0.50372381 0.37939665 0.09013195 0.09206519 1 0.86783016 0.77172337 0.52656460 0.15236053 0.13795462 1 0.85928732 0.15343485 0.53730888 0.09573102 0.11887493 1 0.82805806 0.03620130 0.43678732 0.06044934 0.08413734 1 0.82715523 0.08822213 0.48302593 0.07518593 0.09824677 1 0.82253087 0.44213948 0.40580996 0.09451714 0.09181082 1 0.81992078 0.70785408 0.57736053 0.16157990 0.13699188 1 0.78621036 0.13968896 0.43416537 0.07380562 0.08787405 1 0.69811320 0.43375506 0.44711919 0.08875208 0.09043074 1 0.60839140 0.32793009 0.40844917 0.08276463 0.08283348 1 0.59857166 0.01184564 0.39908125 0.02369108 0.07076249 3 0.33715707 0.03250902 0.25753653 0.06501783 0.09951668 1 0.17646785 0.01341186 0.76994967 0.02682353 0.20523653 1 0.13779733 0.01550859 0.41521493 0.03101698 0.08371637 1 0.11315311 0.96680470 0.75743942 0.06554260 0.17075005
503,MVI_40742_img00179_jpg.rf.35afe91c98a9d0629731ee624ba27811,1 0.92592311 0.57489548 0.88237638 0.24052067 0.23524704 3 0.92215574 0.29333985 0.33003688 0.16297779 0.16429338 3 0.92159849 0.36633062 0.54708482 0.40951948 0.40682008 3 0.91533524 0.80705051 0.78489637 0.38589878 0.43020706 1 0.91216403 0.25623264 0.63954105 0.12804958 0.15938053 3 0.90055996 0.90947094 0.46273004 0.18105793 0.22348802 3 0.89658481 0.07138666 0.35327306 0.13906949 0.14495316 3 0.88940203 0.38316624 0.31317234 0.16151519 0.14724627 1 0.88733941 0.76915102 0.52735529 0.15039330 0.14449196 1 0.88722652 0.58788986 0.45906854 0.12268095 0.11853704 1 0.88266194 0.66807699 0.43145332 0.12021790 0.10749645 1 0.87607050 0.50416918 0.37987590 0.09055443 0.09130707 1 0.87400824 0.11080765 0.49899759 0.08445189 0.10345116 1 0.86095929 0.44215258 0.40584903 0.09491255 0.09118147 1 0.85369980 0.03780860 0.43714703 0.06335095 0.08427508 1 0.80961901 0.95206647 0.61163750 0.09586686 0.14924221 1 0.79043937 0.14116974 0.43322883 0.07137043 0.08696594 1 0.74016261 0.34918399 0.41444097 0.09399052 0.08248672 1 0.61017513 0.01196575 0.39653926 0.02393130 0.07255230 1 0.59353936 0.86674891 0.65791311 0.20415459 0.19326591 3 0.18991999 0.02173016 0.31083255 0.04346012 0.14829073 1 0.13850814 0.01347229 0.77174606 0.02694438 0.20366821 3 0.12108875 0.01907815 0.28243380 0.03815610 0.09948568 1 0.05565973 0.01473530 0.41468323 0.02947041 0.09704173
504,MVI_40742_img00372_jpg.rf.2d7ec41556b3c2af762d2bae2dd411a9,3 0.93215674 0.36773643 0.55407395 0.40803185 0.40836592 3 0.93007439 0.80713331 0.79052515 0.38573318 0.41894950 3 0.91765094 0.29442372 0.33409762 0.16340494 0.15603628 1 0.91338634 0.58339367 0.89133878 0.25432777 0.21732224 1 0.90079933 0.24511327 0.64235492 0.12573482 0.14840832 1 0.90060735 0.77056932 0.53260641 0.15515556 0.14254971 1 0.88858628 0.95172305 0.60556383 0.09655370 0.12210407 1 0.88778633 0.50542254 0.38468814 0.09012232 0.09243145 3 0.88419747 0.90956612 0.46901259 0.17931213 0.22317972 1 0.88230580 0.44283638 0.41130252 0.09651070 0.09087658 1 0.87920153 0.66766605 0.43666668 0.12040863 0.10677786 3 0.87749898 0.07086902 0.35709648 0.14173784 0.14077044 3 0.87546575 0.38178730 0.31553288 0.17059364 0.14863310 1 0.87527657 0.58788013 0.46459503 0.12078533 0.11724319 1 0.86047316 0.09529550 0.49089823 0.08412125 0.10997887 3 0.83537328 0.03030486 0.39657602 0.06060952 0.14452372 1 0.82589370 0.13677332 0.43914552 0.07904615 0.08707571 3 0.73688906 0.93780617 0.32958775 0.12438746 0.20590839 1 0.30178627 0.96993465 0.76599121 0.05932808 0.18447361 3 0.30167738 0.02259928 0.31650171 0.04484555 0.14749718 1 0.24466339 0.01456185 0.76340089 0.02912350 0.21337881
505,MVI_40742_img00444_jpg.rf.d4dd04ce5ecc6df2e3322c2bf23f0983,3 0.93424135 0.37078385 0.55693120 0.40399885 0.40944502 3 0.93306684 0.80818228 0.79061327 0.38363524 0.41877327 3 0.91691244 0.29479294 0.33418939 0.16312189 0.15878081 3 0.91169494 0.91029892 0.46907716 0.17851944 0.22043600 1 0.90588230 0.77203336 0.53311005 0.15614462 0.14571972 1 0.89911616 0.20203381 0.58949203 0.11229587 0.14728642 1 0.89158022 0.48007088 0.85154378 0.20513401 0.24073682 1 0.88330841 0.95206523 0.60798464 0.09586934 0.12082481 3 0.88263166 0.38375862 0.31821289 0.16673274 0.14715743 1 0.87977546 0.44362731 0.41244617 0.09539614 0.09124384 1 0.87896377 0.66928959 0.43789921 0.11855907 0.10653839 1 0.87537116 0.58831358 0.46683769 0.12156067 0.11630726 1 0.87145472 0.50522366 0.38688116 0.08970871 0.08970013 3 0.84578454 0.06655073 0.43195182 0.13310126 0.19752042 3 0.82016289 0.07097241 0.35291214 0.14194462 0.12865963 1 0.79533988 0.14694405 0.43985900 0.07009826 0.08906519 1 0.16380788 0.96913895 0.34182310 0.06172190 0.07988167 1 0.14863303 0.96751060 0.76473994 0.06416321 0.18217249 3 0.11545809 0.02338750 0.29942350 0.04677479 0.10012960 3 0.10025581 0.29151883 0.03047543 0.04202862 0.06095065 1 0.08399844 0.10369247 0.45876441 0.06207995 0.09736071
506,MVI_40742_img00487_jpg.rf.a3de47bfa179f9a3e5aa9f8196a621d3,3 0.93083525 0.80664840 0.78928666 0.38670301 0.42142648 1 0.92976218 0.30128701 0.68008184 0.14471040 0.19467506 3 0.91265386 0.36104202 0.54913759 0.42073870 0.41289349 3 0.91017652 0.29434431 0.33059597 0.16399322 0.15983973 3 0.90700871 0.90944862 0.46323508 0.18080215 0.22177413 1 0.90080166 0.77149668 0.53027792 0.15591927 0.14306107 1 0.89384961 0.95181041 0.60188074 0.09637898 0.12055531 3 0.88814849 0.08939816 0.46068797 0.17456152 0.22830725 1 0.88514531 0.66841526 0.43342915 0.12071095 0.10719776 3 0.88004684 0.38691413 0.31640782 0.15664907 0.14320459 1 0.87893635 0.58820739 0.46066809 0.12170115 0.11905880 1 0.87710464 0.50499115 0.38080995 0.08996687 0.09282594 1 0.85889459 0.44228781 0.40655850 0.09534686 0.09284117 3 0.84073251 0.07114923 0.35010495 0.13926117 0.13780622 1 0.81299669 0.65964317 0.93634267 0.21648293 0.12731447 1 0.20320067 0.14766840 0.47791414 0.06787057 0.09662075 1 0.19808128 0.96756058 0.75918264 0.06404858 0.17354965 3 0.16990913 0.02290975 0.31440043 0.04581929 0.12659216
507,MVI_40742_img00496_jpg.rf.cb14711816b24ca7f5ad808f42cdc2f5,3 0.93297142 0.80735419 0.78967957 0.38529143 0.42057676 1 0.92526442 0.32797956 0.70559568 0.15411015 0.20474796 3 0.91663176 0.36537428 0.54846926 0.41344166 0.41006489 3 0.91399753 0.91005859 0.46418533 0.17981377 0.21853886 3 0.90966284 0.29415710 0.33056045 0.16377454 0.16033144 1 0.90405434 0.77165213 0.53031931 0.15593433 0.14352474 3 0.89299208 0.38403752 0.31642623 0.16247325 0.14505434 1 0.89000851 0.95175013 0.60267344 0.09649954 0.11886997 1 0.88460732 0.66903696 0.43380141 0.11965313 0.10672770 1 0.88181591 0.50567150 0.38191748 0.08971977 0.09315357 3 0.87905812 0.09660045 0.47104474 0.18697436 0.23995321 1 0.87394679 0.58824334 0.46164327 0.12079954 0.11835928 1 0.86688393 0.44280086 0.40750942 0.09563265 0.09131002 3 0.86131519 0.07156819 0.35046778 0.14045174 0.13527460 1 0.75215316 0.70071945 0.95468874 0.19807768 0.09030457 1 0.21059328 0.96692772 0.75397415 0.06526031 0.15913639 3 0.16724153 0.02230901 0.31111860 0.04461782 0.12329836 1 0.06225728 0.01618129 0.81436307 0.03137807 0.11993833
508,MVI_40742_img00501_jpg.rf.7716c8d61e6cd1c8edc6a0a1346f577b,3 0.93225890 0.80721373 0.78973522 0.38557234 0.42052936 1 0.91711551 0.34225945 0.71949983 0.15878839 0.21241617 3 0.91683948 0.36574399 0.54862062 0.41213746 0.40975702 3 0.91344315 0.90996332 0.46440897 0.17981873 0.21932440 1 0.90992051 0.77195992 0.53118248 0.15625887 0.14401684 3 0.90607530 0.29396558 0.33043509 0.16335421 0.16003990 3 0.89997679 0.10210001 0.47397366 0.19437409 0.24951077 1 0.89242393 0.95168729 0.60348387 0.09662523 0.12060013 3 0.88904709 0.38357019 0.31538498 0.16324358 0.14709191 1 0.88482749 0.66832294 0.43426419 0.12018213 0.10738599 1 0.88442189 0.50580173 0.38238521 0.09031773 0.09325399 1 0.87183547 0.58747482 0.46209583 0.12127018 0.11843529 1 0.86881745 0.44268084 0.40738940 0.09604912 0.09187546 3 0.85838097 0.07125279 0.34912281 0.14096147 0.13298540 1 0.73820215 0.73484182 0.96669559 0.20726738 0.06660862 1 0.26240388 0.96711054 0.75683947 0.06490288 0.16496429 3 0.18651593 0.02242800 0.31384010 0.04485580 0.13194838 1 0.14127366 0.97514200 0.33714409 0.04917507 0.07298317
509,MVI_40742_img00758_jpg.rf.47a20b8f27319aa0054642a53e1f486e,3 0.93323183 0.80678844 0.78876028 0.38642292 0.42247924 3 0.93148828 0.36939197 0.54779754 0.40896397 0.40682316 3 0.91958046 0.29479189 0.33037276 0.16346741 0.16033096 1 0.91875231 0.35544639 0.73668580 0.16805258 0.20069742 3 0.91299021 0.91040030 0.46348033 0.17915783 0.22097044 1 0.90744120 0.77301702 0.53011498 0.15656242 0.14190388 1 0.89751029 0.95250606 0.60134053 0.09498768 0.12018938 3 0.89164835 0.07222617 0.35872445 0.14088645 0.14563408 3 0.88613451 0.38543291 0.31541841 0.16078396 0.14524570 1 0.88438219 0.66920547 0.43362818 0.11979599 0.10451555 1 0.87751096 0.59004960 0.46251726 0.12205706 0.11493082 1 0.87424034 0.44400043 0.40820937 0.09587812 0.09047222 1 0.86863089 0.50604587 0.38273153 0.09051714 0.09068651 1 0.83626509 0.14184880 0.43804921 0.07612424 0.08711989 1 0.23223804 0.00890720 0.40376058 0.01781420 0.08374281 1 0.21087539 0.96853848 0.76141915 0.06207542 0.17676916 3 0.19514133 0.02487879 0.32094941 0.04901221 0.14967794
510,MVI_40742_img00788_jpg.rf.cab6d1f2c9f290736f9009a178a099b2,3 0.93191516 0.80740065 0.78761244 0.38519850 0.42477493 3 0.92977595 0.36845710 0.54941788 0.40725198 0.40840340 1 0.92137289 0.53463926 0.87633505 0.24149628 0.24732971 3 0.92008549 0.29500453 0.33016281 0.16341481 0.16012964 1 0.91256362 0.77347031 0.52821751 0.15626736 0.14323673 3 0.91019487 0.91049895 0.46068935 0.17900190 0.22030602 3 0.89043117 0.38563085 0.31429548 0.15979757 0.14706068 1 0.88923001 0.95258994 0.59971776 0.09481992 0.12609539 1 0.88563609 0.66929455 0.43318034 0.11955967 0.10519407 3 0.88299888 0.07180284 0.35822840 0.14088809 0.14557447 1 0.88123894 0.58963099 0.46162353 0.12247887 0.11544943 1 0.86730528 0.50513544 0.38134224 0.09137726 0.09089370 1 0.86376405 0.44374509 0.40727674 0.09567308 0.09161260 1 0.81912625 0.14261596 0.43695850 0.07680497 0.08711739 3 0.22610174 0.02378655 0.31606348 0.04660975 0.15468559 1 0.16601303 0.00940539 0.40563126 0.01881059 0.08112707 1 0.10300720 0.96833258 0.76618443 0.06269741 0.19915180
511,MVI_40742_img00962_jpg.rf.d46eeb8f091ca66a2e67e85f5372012b,3 0.93292046 0.36958592 0.54801674 0.40669665 0.40541973 3 0.93156743 0.80756435 0.78606672 0.38487110 0.42786636 3 0.92379600 0.29505982 0.32816908 0.16278706 0.15708108 3 0.91407949 0.91097460 0.46024823 0.17805061 0.21946278 1 0.90161520 0.77303567 0.52474918 0.15423536 0.13882599 3 0.89354259 0.38277657 0.31304133 0.16496749 0.14642010 1 0.88861024 0.66930013 0.42882347 0.11994486 0.10379295 1 0.88468003 0.95237293 0.59506078 0.09515076 0.12737980 1 0.88356209 0.58943782 0.45822048 0.12221022 0.11369305 3 0.87513691 0.07254338 0.35663433 0.14131863 0.14385443 1 0.87062180 0.50609632 0.37953694 0.09082508 0.08902888 1 0.86258376 0.44412965 0.40360665 0.09424212 0.09024878 1 0.81771535 0.14229534 0.43574449 0.07603679 0.08714101 3 0.17397903 0.02453430 0.32931025 0.04822031 0.16016383 1 0.14755943 0.00930045 0.39777162 0.01860070 0.08909917 1 0.09458014 0.96888371 0.75754552 0.06167221 0.19267492
512,MVI_40742_img00973_jpg.rf.2a949523ce654a1f3ed1d1f274e9c00d,3 0.93239409 0.36937346 0.54757174 0.40774698 0.40574839 3 0.93199426 0.80749707 0.78571458 0.38500566 0.42857065 3 0.92677319 0.29525104 0.32854047 0.16263409 0.15859251 3 0.91159523 0.91072984 0.45923390 0.17854013 0.21914320 1 0.90127373 0.77298741 0.52481036 0.15425863 0.13891363 3 0.89673060 0.38437247 0.31303411 0.16132641 0.14519653 1 0.88902456 0.66957235 0.42853707 0.12003059 0.10335753 1 0.88778138 0.95210266 0.59329357 0.09570465 0.12517595 1 0.88553309 0.58937550 0.45782452 0.12251091 0.11407309 3 0.87770814 0.07214494 0.35617526 0.14133711 0.14399323 1 0.87034744 0.50626640 0.37943745 0.09067535 0.08881330 1 0.86691272 0.44444798 0.40373011 0.09515479 0.09067497 1 0.81641757 0.14216923 0.43605146 0.07645953 0.08682823 3 0.14764678 0.02404657 0.32642093 0.04703576 0.16333904 1 0.14040673 0.00928344 0.40215045 0.01856669 0.08535440 1 0.11408725 0.96909151 0.75739455 0.06126842 0.19361277
513,MVI_40742_img00997_jpg.rf.77b54e0ecec9810d7e1ef6bc395de37f,3 0.93232423 0.80759663 0.78552303 0.38480654 0.42895374 3 0.93209344 0.36883726 0.54597492 0.40677462 0.40515966 3 0.92287248 0.29474192 0.32827890 0.16243372 0.15870681 1 0.89999187 0.77377357 0.52344217 0.15550804 0.13909216 3 0.89723837 0.91119394 0.45685024 0.17761192 0.21481094 3 0.89192963 0.38210721 0.31198454 0.16522188 0.14476175 1 0.88736880 0.58999038 0.45672035 0.12057714 0.11456165 1 0.88410395 0.95223207 0.59282756 0.09526958 0.12625179 1 0.87870544 0.66932158 0.42762259 0.11948452 0.10530207 3 0.87570119 0.07234873 0.35519161 0.14157794 0.14464369 1 0.86914748 0.44354129 0.40253520 0.09526129 0.09057074 1 0.86907464 0.50524125 0.37775364 0.09016953 0.08756609 1 0.81291854 0.14354470 0.43620920 0.07765865 0.08749981 1 0.20980966 0.96878910 0.75427532 0.06193237 0.18725681 3 0.16451758 0.02731566 0.33070276 0.05396057 0.16883912 1 0.12969287 0.00920220 0.39949541 0.01839876 0.08116007
514,MVI_40742_img01119_jpg.rf.fb13d09c1f87c1723fd034945832507b,3 0.93266821 0.36904278 0.54496465 0.40690937 0.40672016 3 0.93156463 0.80759883 0.78454842 0.38480214 0.43090295 3 0.92357713 0.29492631 0.32636080 0.16294045 0.16141729 3 0.90257978 0.91100712 0.45299382 0.17781334 0.21162090 1 0.89722538 0.77266989 0.51905575 0.15511799 0.14178123 1 0.89203823 0.58979244 0.45470204 0.12037516 0.11478806 3 0.89072865 0.38286066 0.30961704 0.16458082 0.14644041 1 0.87695390 0.50508456 0.37637525 0.09105797 0.08816471 3 0.87454593 0.07144995 0.35413656 0.14046717 0.14579201 1 0.87075490 0.95200472 0.58984427 0.09565945 0.12643270 1 0.86923492 0.66854000 0.42448921 0.11997738 0.10624809 1 0.86446512 0.44360496 0.40154027 0.09547479 0.09119647 1 0.80888498 0.14271468 0.43411446 0.07637947 0.08635197 1 0.21037544 0.00901699 0.40109076 0.01789352 0.08379412 3 0.12710209 0.02529162 0.32291222 0.05058303 0.14033222 1 0.09329229 0.96947308 0.75803728 0.06050472 0.19252186
515,MVI_40742_img01322_jpg.rf.2a3ed19116870eaaf6974c9c3c943628,3 0.93208390 0.37046623 0.54272424 0.40952682 0.40454023 3 0.92044216 0.88924086 0.81314545 0.22090869 0.37288876 3 0.91693437 0.29466887 0.32535281 0.16204872 0.15866938 1 0.89924359 0.77386179 0.51391602 0.15368977 0.13463640 3 0.89279985 0.91122665 0.44701400 0.17563438 0.20900850 3 0.88544244 0.38329473 0.30659716 0.16439505 0.14148164 1 0.88463819 0.50430331 0.37068233 0.09055271 0.08995314 3 0.88205606 0.07189136 0.35431244 0.14136151 0.14442267 1 0.87884313 0.14483300 0.53684425 0.08718836 0.11771021 1 0.87830764 0.59127436 0.45101556 0.12145100 0.10711577 1 0.87599063 0.44451308 0.39709122 0.09625950 0.08859477 1 0.87293965 0.95289569 0.58769655 0.09420843 0.13281231 1 0.87210989 0.66931305 0.42186861 0.12038307 0.09817514 1 0.82867646 0.14213002 0.43189292 0.07424731 0.08420181 1 0.28910682 0.00897604 0.39683964 0.01777157 0.08683801 3 0.05253316 0.02490409 0.33670363 0.04904378 0.16374197
516,MVI_40742_img01365_jpg.rf.94355060935390bde6ffe7decdbfbef2,3 0.93802172 0.39379916 0.55519398 0.43864202 0.42960379 1 0.92012382 0.37007103 0.73870125 0.16274710 0.19160099 3 0.91727036 0.29497418 0.32476754 0.16094713 0.15537663 1 0.90679175 0.77364535 0.51224289 0.15527792 0.13355722 3 0.89626008 0.91429939 0.44618645 0.16928768 0.21169701 1 0.89262843 0.50422969 0.36962581 0.09078932 0.08984137 3 0.88962615 0.38411357 0.30714145 0.16345410 0.14120092 1 0.87915134 0.67712107 0.42156754 0.12290421 0.10055923 3 0.87900144 0.07126591 0.35484953 0.14037089 0.14434700 1 0.87621307 0.44445319 0.39693208 0.09623299 0.08905745 1 0.86637747 0.59181771 0.44952092 0.12327719 0.10774317 1 0.86605465 0.95336995 0.58543844 0.09325990 0.13178768 1 0.83632338 0.14443648 0.43384103 0.07972450 0.08709185 3 0.82152170 0.92789593 0.82714028 0.14223690 0.34571924 1 0.58779126 0.00969684 0.39360495 0.01934304 0.08074493 1 0.56740832 0.60523353 0.31050820 0.08047724 0.06470118 1 0.10487837 0.34095879 0.43121452 0.09779053 0.09542427 3 0.10232774 0.02362366 0.33224492 0.04639020 0.17028751
517,MVI_40742_img01546_jpg.rf.ffff7642eb165ac36894dfad18384b8c,3 0.92584801 0.29450498 0.32059941 0.16040926 0.14612856 1 0.91447759 0.87493715 0.54460411 0.17356873 0.14413891 1 0.89761662 0.25554996 0.64566388 0.12830572 0.15603952 3 0.89148974 0.40846329 0.31122854 0.19192848 0.14605627 1 0.88829494 0.61627588 0.45695100 0.13188744 0.10875750 3 0.88478810 0.07261876 0.35834816 0.14467299 0.14496045 1 0.88183498 0.16440556 0.44669971 0.08387866 0.09279175 1 0.87879640 0.46572490 0.40462689 0.09835196 0.09022017 1 0.86466271 0.64765320 0.41287565 0.11650257 0.09968243 1 0.84500670 0.95938430 0.51211162 0.08123121 0.12382946 1 0.83739948 0.62292290 0.31394691 0.08443756 0.06936970 3 0.79368693 0.65517797 0.71176481 0.66141014 0.57647018 1 0.70246726 0.01740035 0.41792755 0.03480050 0.07189198 3 0.20540538 0.02454462 0.32925444 0.04830151 0.17038555
518,MVI_40742_img01620_jpg.rf.d9bd3a4e8ddc74713df9dac9db3c7f1c,3 0.94851899 0.53623714 0.34567950 0.24574547 0.18119245 3 0.93057251 0.31561642 0.32869823 0.17092657 0.14764991 3 0.91563904 0.78319421 0.74862313 0.42911787 0.50275354 1 0.90756845 0.81264193 0.52782855 0.17065883 0.14182119 1 0.90531969 0.19787552 0.59183788 0.11216288 0.13663445 1 0.90509909 0.55181074 0.43486190 0.11318455 0.09461985 1 0.90342933 0.92036209 0.49433799 0.15734482 0.13628674 1 0.90289861 0.27309752 0.51859121 0.10913734 0.12122345 3 0.88338929 0.09916338 0.37744184 0.16169686 0.16674013 3 0.44603649 0.03056101 0.31927674 0.06112182 0.11281714 1 0.22017238 0.99264946 0.39641514 0.01453667 0.09308062 1 0.12836307 0.97242727 0.68074503 0.05485573 0.17621555 1 0.10680521 0.02451055 0.36434348 0.03820442 0.05479579 2 0.09179664 0.92525024 0.71138945 0.14496689 0.23994999 1 0.08472875 0.00736722 0.39385283 0.01473424 0.07390513 2 0.05996867 0.97303486 0.71962643 0.05358448 0.26124077 1 0.05432786 0.00812395 0.37412872 0.01495891 0.07096977
519,MVI_40743_img00285_jpg.rf.8d9cae65f151457434d06be1d5c50150,1 0.92975980 0.52474824 0.80225372 0.25113618 0.29777298 1 0.84501088 0.31519198 0.25703068 0.05001097 0.04630365 1 0.82620817 0.11847074 0.48355312 0.07367998 0.09302597 3 0.82096940 0.85382437 0.23269076 0.29235106 0.12791892 1 0.80307412 0.88341894 0.29285383 0.09872284 0.06482611 1 0.77990681 0.44068856 0.21932292 0.04920568 0.03965783 1 0.62531883 0.11210434 0.38222966 0.04801037 0.06691809 1 0.57115728 0.40865210 0.20499377 0.04135954 0.03575993 1 0.28227726 0.04327572 0.36222420 0.05447938 0.06796231 1 0.25120175 0.30410061 0.21786513 0.03607788 0.03260179 1 0.22209989 0.14678516 0.31256051 0.04086852 0.05150347
520,MVI_40743_img00572_jpg.rf.6205549eefd15cde230422bd066e7de8,1 0.94545680 0.78653836 0.68783770 0.20969400 0.19423084 1 0.89784884 0.25903268 0.58559299 0.12316303 0.16357403 1 0.84651488 0.13046712 0.46390204 0.08545225 0.12877760 3 0.82469809 0.82841454 0.22977642 0.26636295 0.12444278 1 0.76640528 0.03261390 0.41543361 0.06230264 0.07906587 1 0.61930275 0.75113740 0.93680458 0.28543787 0.12473812 1 0.20045471 0.06973360 0.35045428 0.06515530 0.05950155 3 0.09545073 0.29610944 0.17958966 0.09038954 0.06108329 1 0.06269670 0.24212389 0.23040204 0.03993807 0.04437461
521,MVI_40743_img00624_jpg.rf.7bd6f4616deed59835cf5d6bf2948e19,1 0.94327998 0.78788996 0.68494596 0.20964413 0.19498501 1 0.93840849 0.54132128 0.81717889 0.23232021 0.27917142 1 0.90391970 0.25034530 0.56947050 0.13892188 0.18512402 1 0.87552315 0.11894588 0.48053050 0.08644800 0.11308146 1 0.87354416 0.43219190 0.26190820 0.06319695 0.06100845 1 0.85306007 0.16633925 0.37740188 0.06786838 0.07265921 3 0.82076466 0.55543070 0.20084277 0.17149849 0.09043301 1 0.67777026 0.29121544 0.23132207 0.04476819 0.04233565 1 0.45157611 0.97265491 0.23501387 0.05447044 0.06893291 1 0.08711817 0.64352045 0.98224196 0.30156784 0.03551588
522,MVI_40743_img00899_jpg.rf.ab2fcc319faeb1627c9bbd35229ee31d,1 0.93853456 0.78727183 0.68902016 0.21031809 0.19829178 1 0.92137712 0.57966871 0.57924652 0.16012058 0.14785633 1 0.91416746 0.51362467 0.83925610 0.21375980 0.24785519 1 0.90982831 0.27175756 0.62229853 0.13225231 0.15640850 1 0.88293535 0.14527553 0.52694530 0.09015975 0.11466389 1 0.79527313 0.06682711 0.43928739 0.06373963 0.08531244 1 0.73373687 0.49119463 0.22653365 0.05897465 0.03870330 1 0.43519536 0.25298605 0.23888607 0.04397807 0.04220066 1 0.15852866 0.99221420 0.31745448 0.01524010 0.06811142
523,MVI_40743_img00928_jpg.rf.cc0ef2f5a9d2841233563a13cb0281f8,1 0.94332719 0.78715525 0.68745527 0.21047306 0.19769115 1 0.92626268 0.33994389 0.67720037 0.15515089 0.17950754 1 0.91907966 0.57967553 0.57765875 0.15969477 0.14878464 1 0.90046281 0.18991940 0.56556787 0.09971490 0.13009758 1 0.89183336 0.67134027 0.90738869 0.27198830 0.18478622 1 0.86114323 0.10196626 0.46827769 0.07307012 0.09370995 1 0.85516798 0.32614715 0.25756972 0.05248685 0.04581733 1 0.85120910 0.68805914 0.26222184 0.08914032 0.05753860 1 0.43116677 0.38244095 0.20867875 0.04887352 0.03611884
524,MVI_40743_img01001_jpg.rf.0e6984fc3e6156651db200846803f852,1 0.93966883 0.78660469 0.68865738 0.20993481 0.19637585 1 0.93806273 0.60325165 0.87941573 0.25428829 0.24021487 1 0.92239773 0.57936869 0.57860479 0.15965519 0.14769230 1 0.91869164 0.31429720 0.67788982 0.14251604 0.17728710 1 0.90681487 0.18228722 0.53501005 0.09451451 0.12122250 1 0.89265084 0.64924669 0.32377205 0.10502319 0.07462244 1 0.89222181 0.40803975 0.36734438 0.09238245 0.09024343 1 0.83088577 0.86114664 0.27820873 0.09774837 0.06699915 1 0.07102253 0.27350125 0.22392678 0.04784613 0.05141851
525,MVI_40743_img01275_jpg.rf.836d96f563db6ca931f6d4a3c5493a82,2 0.92850798 0.88843501 0.58304024 0.22086787 0.22711143 1 0.91785818 0.71415119 0.64058332 0.19392986 0.17836761 1 0.90902549 0.59575052 0.42805537 0.12192650 0.10436404 3 0.90705264 0.89812593 0.41905675 0.20275116 0.24521208 1 0.90018344 0.28324895 0.44733028 0.09154167 0.08631191 1 0.89974648 0.48579049 0.34935889 0.08696928 0.07503328 1 0.88381296 0.29776306 0.33478794 0.06744118 0.06489639
526,MVI_40743_img01442_jpg.rf.ce4779a768dcd1c261a89468847d1c19,2 0.93677336 0.88887796 0.58391285 0.21990986 0.22636757 3 0.91014373 0.89954393 0.42324677 0.20068135 0.24176550 1 0.89846075 0.67306709 0.46168203 0.13468246 0.10410671 1 0.89386457 0.48976169 0.39446492 0.09640589 0.08526115 1 0.88930595 0.67115545 0.40400218 0.12044544 0.09326403 1 0.88840312 0.37864344 0.40359858 0.09120660 0.08431780 1 0.87946445 0.70245771 0.30793962 0.09256287 0.07032261 1 0.86767167 0.51114426 0.35315552 0.09335289 0.07561431 1 0.79259408 0.68408151 0.23900559 0.08009090 0.05266557 1 0.56577742 0.98675232 0.26437635 0.02640915 0.05526543 2 0.47965908 0.03379515 0.39241157 0.06337481 0.09444017 1 0.44139728 0.03282387 0.39221401 0.06396958 0.09464664 1 0.22745259 0.89351406 0.52902336 0.19381771 0.13719387 1 0.05690506 0.49755917 0.19683472 0.04899635 0.03334577
527,MVI_40751_img00332_jpg.rf.ec86004dc339552926d3623dcb6b9631,1 0.91097564 0.76599884 0.78747010 0.11577988 0.12177343 3 0.90824175 0.12587676 0.51793089 0.18678237 0.19956932 1 0.89861590 0.69013095 0.92412553 0.19051409 0.15174875 1 0.87948924 0.29513190 0.52699151 0.09555602 0.07599230 1 0.86149448 0.91830559 0.59413352 0.08097954 0.09132795 3 0.56386608 0.97345910 0.44919009 0.05308160 0.11989079
528,MVI_40751_img00471_jpg.rf.64943083ed7d6328b46769150bd88305,3 0.92621899 0.61247377 0.55261860 0.20948486 0.17419472 1 0.90671128 0.69295645 0.92821445 0.17392826 0.14331627 1 0.90128797 0.91562347 0.93390903 0.13541451 0.13080750 1 0.89382058 0.92877903 0.77557392 0.11569366 0.12051659 3 0.89344275 0.09420556 0.58257675 0.18549175 0.24800863 1 0.88854682 0.29514418 0.53303967 0.09600058 0.07548294 1 0.80457270 0.06845533 0.96818652 0.13691046 0.06362676
529,MVI_40751_img00572_jpg.rf.3693d54b68fdb6599f8244a4d82b0fd4,3 0.93247586 0.27212157 0.63919134 0.29724704 0.24067440 1 0.91316992 0.77196264 0.84986706 0.14529018 0.14666843 3 0.88572896 0.09319055 0.57801509 0.18638090 0.24227915 1 0.80266643 0.29503777 0.52180223 0.09114738 0.07090549 1 0.74454248 0.22690458 0.54856625 0.07632565 0.06848297 1 0.08039603 0.23027971 0.57229261 0.09304609 0.08650932
530,MVI_40751_img00693_jpg.rf.b8e0e4dfee019eb8015ad9fae8fe9b64,3 0.92902172 0.15423271 0.69377699 0.30846521 0.27624722 3 0.88975513 0.09341173 0.54611311 0.18406472 0.17065334 1 0.84902871 0.29342327 0.53162746 0.09434280 0.07487087 1 0.84038347 0.97938213 0.77271366 0.04096470 0.11200733 1 0.55096835 0.22587998 0.56656380 0.07552986 0.07947350 1 0.10462969 0.22888032 0.59088955 0.08358010 0.08308821
531,MVI_40751_img00726_jpg.rf.5b6cfff0ed14b57b24f1952899da8154,3 0.93279618 0.15545050 0.69802084 0.31090080 0.27774525 1 0.91191971 0.93605042 0.91371374 0.12688675 0.16931992 3 0.87379861 0.09376858 0.55505700 0.18609895 0.17205038 1 0.83802313 0.29470263 0.53660226 0.09703689 0.07566223 1 0.56148112 0.22012293 0.56935349 0.08317761 0.07965984 1 0.24877855 0.95413809 0.51883039 0.06160831 0.05924225 1 0.08835402 0.22673296 0.59183826 0.08017598 0.07932510 1 0.05408891 0.85797653 0.48216915 0.05347176 0.06138725
532,MVI_40751_img00790_jpg.rf.c372ad40acc1699837db75ecb7ab1a66,3 0.93547922 0.15458277 0.70416303 0.30916534 0.28009405 1 0.88794678 0.77209315 0.55992212 0.08152552 0.07085743 1 0.88654280 0.84461174 0.53265543 0.06067581 0.06557598 3 0.87027007 0.09369142 0.56085830 0.18381941 0.17054358 1 0.85930908 0.29290450 0.54222755 0.09679966 0.07565117 1 0.32262257 0.23005919 0.58032646 0.08133612 0.07919655 1 0.12518051 0.25610647 0.58578477 0.07835755 0.07486467
533,MVI_40751_img00888_jpg.rf.659f68a940ee2b028f95623f96aa650c,3 0.94731277 0.15629542 0.71401014 0.31259064 0.27956181 0 0.93939978 0.89587119 0.84062033 0.20624385 0.31713676 1 0.91215372 0.44058734 0.69043460 0.10321424 0.10422487 1 0.89740855 0.63631887 0.61569042 0.09066143 0.08563671 3 0.87817073 0.09416127 0.57112846 0.18608048 0.16732426 1 0.86523229 0.89172239 0.54647017 0.06914520 0.06737175 1 0.86486059 0.29754105 0.55088129 0.09352994 0.07373714 1 0.85566974 0.65288339 0.95054579 0.17051105 0.09889164 1 0.83347207 0.89541817 0.62798729 0.08263054 0.07509670 1 0.60025424 0.22828341 0.58519235 0.06695881 0.07602005 1 0.54051352 0.79940729 0.81031017 0.08695755 0.12566643 1 0.14078198 0.95611167 0.70144758 0.08777647 0.12137632 1 0.06814351 0.22648945 0.60638309 0.07796550 0.08104639
534,MVI_40751_img00937_jpg.rf.87c3274f7a850fe30fa598cb111a9d69,3 0.93507296 0.15710836 0.72092705 0.31421651 0.27934685 1 0.90468162 0.25294709 0.77930188 0.13702674 0.13087664 1 0.90402687 0.73368568 0.71792445 0.10693665 0.10399866 1 0.90099466 0.50996132 0.66243410 0.09994144 0.09761419 1 0.89584869 0.97086506 0.71974225 0.05787277 0.10364895 3 0.87876934 0.09498547 0.57473602 0.18665087 0.16372471 1 0.87495452 0.75358801 0.58770266 0.08097248 0.07807789 1 0.86588424 0.92430096 0.58733454 0.07061577 0.07408085 1 0.86279809 0.29769917 0.55581059 0.09480219 0.07580137 1 0.85426754 0.92044582 0.52268801 0.06136627 0.06147146 1 0.45835510 0.23027313 0.59227347 0.06813450 0.07934418 1 0.10422081 0.22950928 0.61579499 0.07972546 0.08198309
535,MVI_40751_img00943_jpg.rf.d3fcbd800e9e3696c725a112649475f7,3 0.93138629 0.15701125 0.72224102 0.31402230 0.28000011 1 0.90927804 0.22917218 0.78827124 0.14281263 0.13267231 1 0.90851825 0.71396265 0.72954845 0.11462955 0.11054134 1 0.90102708 0.49633045 0.66821728 0.09915104 0.09973812 1 0.88654506 0.90605221 0.59531889 0.07521400 0.07578869 3 0.88099253 0.09488631 0.57636781 0.18632632 0.16606321 1 0.87241828 0.90419025 0.52681561 0.06485405 0.06393700 1 0.87235361 0.73769164 0.59203143 0.08319674 0.07770329 1 0.85732466 0.29525800 0.55587249 0.09131117 0.07331963 1 0.74521661 0.98562412 0.69901581 0.02863426 0.10085697 1 0.42353788 0.22948413 0.59237423 0.07070451 0.07823544 1 0.07465141 0.23118856 0.61711454 0.07881913 0.08005142
536,MVI_40751_img00984_jpg.rf.6f4b692e8f014a980508a270fce1d643,3 0.94304341 0.15585920 0.71379824 0.31171820 0.27163677 1 0.91471720 0.09864725 0.83720646 0.16935799 0.14856777 1 0.90715003 0.73991675 0.66776476 0.09528294 0.09671860 1 0.90233636 0.40157757 0.71285572 0.11032343 0.11056538 1 0.90189517 0.54198456 0.82112627 0.14360504 0.13680058 1 0.89310962 0.65156226 0.91897864 0.16245489 0.16204252 3 0.88065529 0.09467641 0.57348766 0.18601687 0.16352005 1 0.87944603 0.78505068 0.56010761 0.07543144 0.07045441 1 0.87528080 0.29710612 0.55422220 0.09181814 0.07322311 1 0.87452847 0.63557644 0.62197380 0.09026718 0.08534927 1 0.83487970 0.95280476 0.50717049 0.05829010 0.05558300 1 0.47191408 0.23116783 0.59027615 0.06693555 0.07694645 1 0.10127935 0.22794347 0.61441317 0.08007326 0.08022480 1 0.06930660 0.03010622 0.81491430 0.06015316 0.10611691
537,MVI_40751_img01049_jpg.rf.c9bfca78202bc7e00406c63232042c7e,3 0.92625099 0.15574301 0.71227326 0.31148581 0.26683817 1 0.92566943 0.08160056 0.84642134 0.16156592 0.14773026 1 0.92309225 0.23285503 0.78169522 0.14131174 0.13240786 1 0.91310310 0.38076940 0.84082010 0.14793587 0.14624715 1 0.89883494 0.49701915 0.67181826 0.10028219 0.09721317 3 0.87579703 0.09443806 0.57369299 0.18596575 0.16580029 1 0.87293410 0.58751278 0.61314583 0.09838524 0.08213596 1 0.86299211 0.70655556 0.55393448 0.08731556 0.06886806 1 0.85283291 0.23662152 0.95022926 0.19640594 0.09868736 1 0.84483665 0.29635222 0.55329347 0.09347157 0.07325420 1 0.83593762 0.95372210 0.52143431 0.05879135 0.05899715 1 0.76908785 0.60899744 0.96634378 0.20819244 0.06695957 1 0.61373562 0.22763300 0.58811212 0.07037926 0.08074427 1 0.12499881 0.99019856 0.49089236 0.01960268 0.05093479 1 0.07015713 0.23031582 0.61648703 0.07970859 0.08082886 3 0.05179536 0.16133946 0.92604475 0.32053883 0.12742519
538,MVI_40751_img01074_jpg.rf.dfb27ed066a698de15389e17c2489c62,3 0.92376488 0.15617725 0.71269612 0.31235430 0.27233763 1 0.91305488 0.86002865 0.83841591 0.13657093 0.14783916 1 0.91156930 0.08191374 0.84383376 0.16198395 0.14880595 1 0.90449923 0.45387621 0.68939428 0.10582714 0.10335999 1 0.89980727 0.22622819 0.78089294 0.13328753 0.12762108 1 0.89480078 0.21556356 0.91235695 0.17784324 0.15692558 1 0.88581568 0.52499919 0.62893791 0.09776907 0.08496933 3 0.87685198 0.09474868 0.57059422 0.18527830 0.16703205 1 0.86769789 0.89935246 0.53600111 0.06642380 0.06420727 1 0.85904282 0.29715343 0.55323400 0.09400935 0.07663879 1 0.84725636 0.59721155 0.56708965 0.09451370 0.06938362 1 0.81840819 0.94287415 0.50666709 0.05051308 0.05617952 1 0.67239702 0.13635523 0.97431478 0.21989570 0.05137024 1 0.60414034 0.23009524 0.58506632 0.06798644 0.07764149 1 0.10245042 0.18569945 0.97187972 0.15407221 0.05624036 1 0.08221227 0.22945127 0.60695496 0.08129792 0.08297033
539,MVI_40752_img00133_jpg.rf.e3cbeb7fe97fd1fdc07097ff29166276,1 0.92501342 0.71674738 0.37606492 0.10212059 0.12799234 1 0.91658431 0.72806034 0.51014991 0.14433174 0.15666723 2 0.89838934 0.31494224 0.28536444 0.09085593 0.12080994 1 0.88084191 0.56363740 0.18379908 0.06133738 0.05623484 1 0.88043326 0.13034729 0.46228170 0.10261104 0.08955517 1 0.86975420 0.36346428 0.33567653 0.08229957 0.07763500 1 0.86029667 0.45685596 0.30674028 0.08181801 0.08456364 1 0.83528829 0.06010991 0.93608823 0.11983323 0.12782335 1 0.81554502 0.62699041 0.19337758 0.06533127 0.05859878 1 0.77027106 0.25078740 0.96401772 0.26774163 0.07196436 1 0.75023288 0.02171580 0.59232025 0.04305041 0.13674135 1 0.19605747 0.73525534 0.04683980 0.04162655 0.04042325 1 0.17922297 0.96755466 0.04356468 0.04274635 0.04020049
540,MVI_40752_img00167_jpg.rf.f5a1c61c08d9b4ca8876db0f36ee7884,1 0.93326098 0.44814852 0.59430819 0.17823222 0.18235950 1 0.91125798 0.68834906 0.56550751 0.15842800 0.16828289 1 0.90114611 0.88552284 0.22310066 0.07249966 0.09958301 1 0.88988978 0.94994287 0.26320992 0.08704872 0.09919615 1 0.87722373 0.34042289 0.32980571 0.08291249 0.07615376 1 0.86259282 0.10975938 0.55314865 0.12231991 0.12508278 1 0.81881237 0.38966663 0.35991383 0.09264474 0.07846613 2 0.81492758 0.02593666 0.48483677 0.05187311 0.16318913 1 0.77845997 0.57149076 0.33220422 0.06780949 0.06176772 1 0.74554551 0.61732178 0.12007107 0.04902592 0.04794257 1 0.72908354 0.05699956 0.97022038 0.11399892 0.05892143 1 0.61011595 0.77887096 0.19007475 0.04844761 0.05547228 1 0.58756346 0.67905812 0.10402906 0.04779787 0.05138932 1 0.55624515 0.74242430 0.10642892 0.04179325 0.04481459 1 0.18832558 0.42880354 0.47600946 0.11365738 0.10136051 1 0.11116324 0.77772470 0.04246595 0.04198828 0.04474132 1 0.07807659 0.82954454 0.04820064 0.04233818 0.05002792 1 0.06911765 0.02322666 0.45491495 0.04619263 0.10617199 1 0.06292592 0.01178521 0.67679043 0.02357022 0.08957844 1 0.05295828 0.76359138 0.07095638 0.04665070 0.04525857
541,MVI_40752_img00404_jpg.rf.6056554cf5a05c4aa7d84e1b4a9efba3,1 0.92527479 0.68461599 0.73778028 0.19602661 0.22016010 1 0.92170048 0.74824514 0.40492040 0.13102627 0.13520982 1 0.90025145 0.32822480 0.69600763 0.23563204 0.20231266 1 0.89107758 0.86886520 0.22340189 0.08665199 0.09225281 1 0.87046558 0.56320386 0.16456547 0.06085062 0.06162300 1 0.86631501 0.27084966 0.36227226 0.08694386 0.07971716 1 0.84530360 0.51958017 0.26491313 0.07427778 0.06385870 1 0.83946335 0.78612990 0.14583120 0.04884119 0.06257696 1 0.81711900 0.53901911 0.22422793 0.06440868 0.05690217 1 0.45009667 0.98861089 0.11561229 0.02277803 0.07021399 1 0.37914443 0.67676415 0.08445805 0.04402542 0.04737871 1 0.36112490 0.78395882 0.07250140 0.04860344 0.05078200
542,MVI_40752_img00447_jpg.rf.f492e65f362baa139217029618a7de88,1 0.94395339 0.42635955 0.84218576 0.23603556 0.24683309 1 0.93447632 0.29601140 0.73881650 0.22859631 0.21600885 1 0.91379070 0.95527267 0.36521292 0.08945446 0.12866955 1 0.88631535 0.73065624 0.34438541 0.12722626 0.11682467 1 0.86841702 0.93596306 0.20520806 0.08352661 0.08850913 1 0.86605513 0.18756424 0.46926680 0.10195010 0.09153519 1 0.85729432 0.56017694 0.23048589 0.06915588 0.06434937 1 0.84504110 0.03302856 0.63385248 0.06605530 0.12464380 1 0.84140062 0.20273697 0.39806244 0.09978924 0.08149304 1 0.82588464 0.68402214 0.10378785 0.04943104 0.04850445 1 0.81483591 0.48067918 0.21236215 0.06148882 0.05560985 1 0.44823214 0.99026198 0.09796048 0.01947584 0.06564083 1 0.43573806 0.82090864 0.05327473 0.04213390 0.04544623 1 0.21085398 0.79588718 0.04877822 0.04184265 0.04764493 1 0.07566556 0.80748138 0.05214378 0.04658089 0.04878169
543,MVI_40752_img00457_jpg.rf.7964f4ca157d236495107cfb543abb0c,1 0.91277641 0.55481939 0.70159311 0.19441051 0.20502243 1 0.90701556 0.42134624 0.62399721 0.19246550 0.18683109 1 0.90070337 0.78894916 0.29557850 0.11357393 0.10532203 1 0.88720721 0.06398193 0.55599937 0.11145575 0.10192242 1 0.86757553 0.97532501 0.31849985 0.04922752 0.10756617 1 0.86311102 0.41906366 0.25285926 0.06630754 0.06069345 1 0.84541374 0.63562574 0.13656754 0.05222349 0.05293164 1 0.83845121 0.48583126 0.28481817 0.07413578 0.07285557 1 0.83581311 0.07699374 0.48549151 0.10305088 0.09071989 1 0.82865912 0.96319904 0.17218838 0.07056847 0.08342466 1 0.65958202 0.78118358 0.08041446 0.04482450 0.04693086 1 0.46891531 0.76137466 0.07261654 0.04388494 0.04926910 1 0.17396580 0.01067021 0.68217692 0.02105759 0.08409796 1 0.06902120 0.99341669 0.23566075 0.01302986 0.10744857
544,MVI_40752_img00501_jpg.rf.4808fa92fb87473021f46b00948f6109,1 0.93400615 0.43465252 0.61804695 0.18362150 0.18753796 1 0.93196988 0.78631239 0.30034158 0.10866737 0.11728458 1 0.91302800 0.89211502 0.33109970 0.10561218 0.11412868 1 0.85815686 0.32124124 0.34840345 0.08283310 0.07533722 1 0.84234202 0.55499249 0.21421907 0.06186914 0.06054182 1 0.76668483 0.56279087 0.24099784 0.06944942 0.05846224 1 0.75333428 0.03844339 0.51009312 0.07656679 0.09196587 1 0.67976129 0.96510916 0.13747251 0.06808624 0.07988329 1 0.28535387 0.76213331 0.08498305 0.04016018 0.05102599 1 0.27938330 0.19942415 0.98045454 0.26381054 0.03909072 1 0.19319800 0.00922770 0.65411596 0.01843261 0.11576385 1 0.12288123 0.79494615 0.04817748 0.04060163 0.04712409
545,MVI_40752_img00504_jpg.rf.6516a04826d42b9956c357e8ce2e156e,1 0.93625051 0.47057743 0.58561010 0.17641983 0.17509995 1 0.90486878 0.80351057 0.28512802 0.10425816 0.11268263 1 0.90267885 0.90725002 0.31406484 0.10164948 0.11106691 1 0.86969638 0.29014289 0.36958346 0.08659258 0.07524986 1 0.81316030 0.53676753 0.22583506 0.06579533 0.06000514 1 0.78192651 0.23662264 0.95223446 0.27005200 0.09437523 1 0.76363373 0.53897705 0.25555420 0.06734333 0.05795765 1 0.71489406 0.02023023 0.52668657 0.04046026 0.07628078 1 0.71263039 0.97044773 0.12841982 0.05882492 0.08051374 1 0.11796253 0.75032692 0.09522986 0.04054852 0.05145770 1 0.10040408 0.78432178 0.05523360 0.04209194 0.04901824
546,MVI_40752_img00629_jpg.rf.20cf737dc05ad47f0ca2dbe280bde6b7,1 0.90935284 0.80348778 0.28221600 0.09260483 0.09277310 1 0.89042777 0.96167655 0.33940954 0.07664670 0.13182945 1 0.87138450 0.43138738 0.27544386 0.07408085 0.06687140 1 0.82339036 0.82657919 0.12736783 0.05023308 0.05269814 2 0.63163179 0.72140903 0.38242486 0.12250566 0.17067504 1 0.50940615 0.99404163 0.20649798 0.01147804 0.10163765 1 0.39704695 0.96961498 0.12969346 0.05649586 0.07146639 1 0.39136711 0.02565328 0.96977215 0.05130635 0.05935402 0 0.34354925 0.72212572 0.38308382 0.12210951 0.17012310 1 0.19400206 0.77449374 0.06722831 0.04006338 0.04764612 1 0.06118610 0.17516499 0.64411421 0.07723327 0.06884537
547,MVI_40752_img00635_jpg.rf.00823aaa4389636406afe1fbc43a4f81,1 0.89689386 0.97444501 0.30778697 0.05110979 0.12224450 1 0.88353258 0.07541497 0.92565555 0.15082960 0.14868870 1 0.88344800 0.39107502 0.30151010 0.07718339 0.06942549 1 0.88027364 0.83470182 0.25387168 0.08849411 0.08752022 2 0.73306888 0.75093899 0.34914997 0.11395473 0.15842729 1 0.59041905 0.98041630 0.11233979 0.03907433 0.06707592 1 0.51716036 0.84953423 0.10513209 0.04670830 0.05077801 1 0.51202852 0.75347347 0.08180991 0.04166145 0.04660089
548,MVI_40752_img00764_jpg.rf.5399e34930a8b99c72d195e7716c92e5,0 0.95631939 0.67669830 0.34129224 0.21882801 0.30492620 2 0.91623980 0.55180225 0.68704858 0.21835194 0.28999376 1 0.90749627 0.25661151 0.77961864 0.22768798 0.20433064 1 0.90468723 0.94359312 0.34475172 0.10931129 0.11794200 1 0.87520516 0.43964796 0.26607313 0.06716232 0.06328063 1 0.78339773 0.77293215 0.08938289 0.04851351 0.04641426 1 0.78241223 0.54071054 0.25796261 0.07092094 0.06890821 1 0.77484971 0.53962517 0.34963117 0.06388426 0.07025633 2 0.75345570 0.02861530 0.62723932 0.05723040 0.15259600 1 0.55386043 0.96511650 0.13469926 0.06527023 0.07394209 1 0.22621773 0.02785550 0.61359501 0.05571080 0.12650032
549,MVI_40752_img00862_jpg.rf.a79359b94b2200ac41975acadd7c4c82,1 0.93650615 0.42828078 0.61750965 0.18515158 0.17373734 1 0.89092976 0.38807244 0.92822099 0.26591530 0.14355783 1 0.86598939 0.39106994 0.32389643 0.07473774 0.07990785 1 0.86503625 0.95856972 0.14205527 0.06777649 0.07199073 1 0.85066533 0.67343616 0.23940225 0.04992123 0.05437984 3 0.84516883 0.75097828 0.17766802 0.13258514 0.13249536 1 0.80921590 0.48697300 0.23859856 0.06893578 0.06104879 1 0.77357721 0.50440269 0.19564797 0.04741602 0.04385483 1 0.34353635 0.83995695 0.02263207 0.04053745 0.04269366 2 0.06090682 0.44213619 0.33294075 0.08065815 0.06044559
550,MVI_40752_img00968_jpg.rf.2615bdabdf8dd849e3d56f12f5dcc3ee,1 0.91543609 0.75793953 0.54739728 0.15128517 0.17161179 1 0.89152068 0.82834949 0.27110870 0.09539833 0.09622812 1 0.85534590 0.57521982 0.19066212 0.05968494 0.05869603 1 0.84789348 0.33055148 0.37155051 0.08662472 0.07737665 1 0.69906145 0.98621278 0.21924038 0.02757425 0.10243382 1 0.68927801 0.78528724 0.07524246 0.04255629 0.04326787 1 0.68175697 0.61840882 0.19579501 0.05079803 0.05608177 1 0.16029465 0.98458400 0.10016146 0.03083181 0.06785221 3 0.12324119 0.98802929 0.76090293 0.02394123 0.27614183 2 0.06740783 0.24574776 0.57089300 0.06077681 0.06579990 1 0.06352382 0.98501072 0.77425389 0.02960262 0.27012587
551,MVI_40752_img01073_jpg.rf.7f8a927f08bb43316bc353fe5dcd3f01,1 0.92499369 0.56445475 0.57352805 0.16764317 0.17109022 1 0.86268842 0.96852322 0.27255335 0.06263218 0.11252518 1 0.86013705 0.05899323 0.62174444 0.11798626 0.11105404 1 0.84426874 0.70001135 0.09552439 0.04719048 0.04529823 1 0.82240027 0.54787226 0.17068645 0.05322533 0.05234203 1 0.81773454 0.81831236 0.11977382 0.04936981 0.05238890 1 0.69563961 0.47774248 0.26622458 0.06527710 0.06866112 1 0.66753447 0.52045217 0.21772776 0.05989561 0.05666637 1 0.44364470 0.77222986 0.06775562 0.04304829 0.04096386
552,MVI_40752_img01100_jpg.rf.520dbfbdf5190616797631d93359b78e,1 0.91794819 0.81065969 0.30387983 0.10345097 0.10563002 1 0.87605393 0.56550827 0.18808544 0.05694952 0.05684047 1 0.86819392 0.35178366 0.32377884 0.07238350 0.06921759 2 0.86278522 0.23430519 0.43221598 0.10544940 0.10881577 1 0.83622199 0.37922263 0.27433918 0.06835899 0.05861039 1 0.79929537 0.66421728 0.16127932 0.05200825 0.04914794 1 0.79809779 0.66295204 0.13923023 0.04958878 0.04405370 2 0.74257839 0.67836142 0.07863067 0.04312477 0.05269136 1 0.12972055 0.91368580 0.04107017 0.03840218 0.04421623
553,MVI_40752_img01321_jpg.rf.0a67f5cf5b15ca52adec998285ea6856,1 0.91607374 0.91858206 0.34326272 0.09936028 0.12725687 1 0.90857816 0.28197300 0.89822538 0.24880710 0.20354905 2 0.88780063 0.45268993 0.55285320 0.16412325 0.21322861 1 0.88509405 0.92845306 0.16587443 0.07319107 0.08359981 1 0.81730717 0.35048273 0.39273579 0.08781772 0.07618728 1 0.81142461 0.71399317 0.12187404 0.05034199 0.05049406 1 0.80925930 0.32853277 0.29821112 0.08177371 0.07808623 1 0.79781860 0.52555871 0.24974997 0.07474403 0.07319155 0 0.54287630 0.56690531 0.16533494 0.09181376 0.12198982 1 0.50080061 0.45287534 0.97563309 0.30674856 0.04873362 1 0.42542887 0.76945658 0.03713162 0.04705849 0.04903213 2 0.26689142 0.56455894 0.16835889 0.09165392 0.11680167 1 0.16684130 0.50440388 0.98039703 0.18805008 0.03918152 1 0.16206533 0.99052815 0.09239602 0.01894350 0.06701508 2 0.14944564 0.58643093 0.13014316 0.08383474 0.08135124 1 0.13867004 0.02271585 0.68298588 0.04523810 0.07858810 2 0.12091779 0.60377054 0.12686256 0.05394096 0.07089810 1 0.11270769 0.74511395 0.21469328 0.04758797 0.05214648
554,MVI_40752_img01385_jpg.rf.ec628fed56308e6fd33526a04ab14493,1 0.91934848 0.43716420 0.89502466 0.26938994 0.20802426 1 0.91715544 0.72252798 0.35027418 0.11807747 0.10841436 1 0.90302312 0.95188465 0.39070621 0.09621201 0.12650862 1 0.89608592 0.85949841 0.31842966 0.10016155 0.10545321 1 0.85121137 0.65535216 0.10780849 0.05263891 0.04707499 1 0.85112476 0.58802099 0.20775394 0.06272507 0.05763578 1 0.84903187 0.28633065 0.44082942 0.09831038 0.08529816 2 0.81810683 0.89422207 0.18732653 0.07607956 0.10790448 1 0.79245859 0.51216297 0.26967697 0.07274933 0.06674175 0 0.75386113 0.04457400 0.54665642 0.08859543 0.22990723 1 0.65326172 0.79926767 0.06235007 0.04839535 0.05223949 2 0.64373881 0.44872160 0.25451441 0.07514763 0.08023787 0 0.20869614 0.04677907 0.49190307 0.09355793 0.12644758 1 0.07905520 0.75993962 0.03286480 0.03723021 0.03960695
555,MVI_40752_img01483_jpg.rf.ba6ba4973594d21709301daa133973b4,1 0.89431542 0.85270205 0.24316931 0.08972187 0.09552764 3 0.85883331 0.41587720 0.74428005 0.58770456 0.51021214 1 0.85636854 0.74687576 0.17841411 0.05264034 0.05314212 1 0.85425454 0.32978778 0.37257597 0.09113183 0.08048244 1 0.85183328 0.23135712 0.38870220 0.08140206 0.07850990 1 0.84648955 0.42305989 0.59941468 0.13631153 0.14083738 1 0.84531987 0.68579149 0.50486970 0.14996643 0.15581856 1 0.83484584 0.30464149 0.32729917 0.07017069 0.06887445 1 0.77856219 0.68670683 0.09551075 0.04800396 0.04881439 1 0.77387375 0.02816143 0.64091196 0.05626990 0.15490513
556,MVI_40752_img01665_jpg.rf.677d58d73bc246c66badfaee334926e2,1 0.91469347 0.67352824 0.56184425 0.14370804 0.15578527 1 0.90890115 0.60520444 0.46836843 0.15230474 0.14417276 1 0.87817878 0.23036270 0.44790277 0.10310001 0.09031487 1 0.86228007 0.24508884 0.35827384 0.08418055 0.07223949 1 0.85667408 0.88194733 0.21813581 0.07766342 0.09312797 3 0.85245430 0.94227219 0.27387457 0.11313629 0.29871787 1 0.84349126 0.04753366 0.52809572 0.09469179 0.09925632 1 0.84133750 0.62070808 0.19603372 0.05781002 0.06218805 1 0.83003825 0.66564441 0.25079317 0.06251764 0.06272526 2 0.82290047 0.41897458 0.32940731 0.07599490 0.08818712 1 0.77452058 0.77973962 0.07844976 0.04636545 0.04718525 1 0.70911634 0.97174859 0.13050216 0.05650262 0.07499716 1 0.70151639 0.71906691 0.09835373 0.04865074 0.05106477 1 0.66113698 0.14862998 0.95756593 0.29725976 0.08486795 1 0.24072935 0.96988449 0.02546502 0.04266472 0.04354207
557,MVI_40752_img01794_jpg.rf.862f2732be9f4e519bcc9306382d0a36,1 0.91413027 0.63749924 0.57515326 0.16118603 0.17462540 1 0.90749913 0.52232399 0.90157433 0.24419518 0.19580994 1 0.90736663 0.80928252 0.36539865 0.11527705 0.11927948 1 0.90017408 0.19599035 0.80829031 0.24039788 0.22518535 1 0.89613789 0.60555315 0.44568253 0.14288921 0.13086023 1 0.86566001 0.66944942 0.13382450 0.05354929 0.05602570 2 0.86250252 0.85551176 0.20599296 0.09283543 0.12783747 1 0.85609919 0.78065000 0.15413910 0.05352545 0.05567100 1 0.84221560 0.36891096 0.38064241 0.08119779 0.07296638 1 0.57753235 0.98317599 0.20904970 0.03364782 0.10243779 2 0.46991745 0.27964239 0.35865688 0.08480177 0.08456106 1 0.42105955 0.27893956 0.35912206 0.08498731 0.08369937 1 0.23176394 0.98626017 0.15646768 0.02747946 0.07611771 1 0.09375625 0.77830811 0.22311544 0.07632389 0.07406627 1 0.07286209 0.89825611 0.08720428 0.04199448 0.05110416 1 0.05045947 0.43060641 0.45494885 0.07097893 0.05623550
558,MVI_40752_img01896_jpg.rf.097093540a34f529c72928cb0f833eee,1 0.89489675 0.79014244 0.41409997 0.12592983 0.13548796 1 0.88959831 0.87715197 0.47040062 0.13034973 0.15040789 1 0.88622117 0.77147493 0.30830936 0.10220680 0.10613651 1 0.87754774 0.11624741 0.52115221 0.10589748 0.09974689 1 0.87553632 0.91607533 0.16554648 0.07849903 0.09128683 1 0.86290067 0.61492949 0.17080939 0.06225586 0.06014905 1 0.84167856 0.36974955 0.33506846 0.07712688 0.07173204 1 0.83818597 0.71276541 0.20692313 0.06468792 0.06077113 1 0.82158852 0.41850810 0.33652105 0.07609940 0.07110968 1 0.29057187 0.76614256 0.08208929 0.04657307 0.04685891 1 0.05848989 0.76317940 0.05914577 0.04699221 0.06110561
559,MVI_40752_img01942_jpg.rf.45cb1e0e1863b8a54cca661c9f8bf47a,1 0.92654872 0.70592060 0.72235098 0.19027977 0.21848450 1 0.92104399 0.61418180 0.57584009 0.16255493 0.17488804 1 0.88562816 0.27412801 0.40926191 0.09335747 0.08601320 1 0.87011766 0.96895132 0.20246046 0.06209716 0.09193902 1 0.85144621 0.58334885 0.30964804 0.07155209 0.06486139 1 0.83733231 0.53421531 0.25006919 0.07078953 0.06497288 2 0.83081806 0.53038979 0.19553245 0.06543446 0.07093279 1 0.81765556 0.94136333 0.14999326 0.07341614 0.07983706
560,MVI_40752_img01983_jpg.rf.7dcfad5a828a67addb8df5ee507195bb,1 0.93591273 0.38448827 0.67195506 0.19910131 0.18449993 1 0.91699553 0.70031419 0.52703872 0.15755205 0.16146164 1 0.90870672 0.85799770 0.30936618 0.10362396 0.11383524 2 0.90090466 0.14882609 0.45414820 0.10643728 0.11102228 1 0.88701648 0.96709161 0.31971188 0.06581658 0.12543678 1 0.84753358 0.13924397 0.53821373 0.11347697 0.09865103 1 0.57026243 0.80730906 0.12752633 0.05283241 0.05441308 1 0.05359468 0.72813973 0.04247907 0.04517994 0.05318824
561,MVI_40761_img00257_jpg.rf.99a5a2e8f505d8d521deaecfc72650e2,1 0.93074071 0.30281911 0.77868943 0.30094328 0.21115255 1 0.87718022 0.56633205 0.24351838 0.10461063 0.06547165 1 0.84876865 0.04449410 0.29061904 0.08898800 0.07771530 1 0.84437507 0.18965964 0.23587480 0.09101601 0.05752497 1 0.84406626 0.48506503 0.20374879 0.08241072 0.05724508 1 0.82874769 0.94932880 0.23231039 0.09765205 0.06508603 1 0.77258748 0.07154257 0.23449996 0.09194485 0.05785437 1 0.71104819 0.02096774 0.22708488 0.04193528 0.05622386 1 0.68883318 0.30397291 0.22362390 0.09390802 0.06217088 1 0.65574914 0.33550301 0.24944615 0.10354919 0.07452073 1 0.33297569 0.33234074 0.20076379 0.08147316 0.06169168 1 0.19890422 0.30415330 0.24581499 0.07932386 0.04935207 1 0.19103511 0.19535899 0.21725563 0.06298771 0.04579383 1 0.16236156 0.14072549 0.20226470 0.03112555 0.04228333
562,MVI_40761_img00351_jpg.rf.96f62171794c1d603ddaa4b1b11c9438,1 0.86599314 0.75545731 0.27448821 0.11167698 0.07241383 1 0.86409098 0.48539157 0.20814805 0.08586330 0.05784349 1 0.85602880 0.18934982 0.24083874 0.09210119 0.05961432 1 0.83875370 0.59793024 0.24208243 0.09974308 0.06291437 1 0.83195126 0.28918066 0.25435739 0.10156960 0.06225262 1 0.83107692 0.07449498 0.24137225 0.08489522 0.05487909 1 0.80421782 0.32539907 0.20816446 0.08589334 0.06256121 1 0.79491860 0.12219939 0.22223806 0.07531839 0.05500650 1 0.75451833 0.57914886 0.22223372 0.08412209 0.05669376 1 0.74440730 0.01971874 0.23566041 0.03938285 0.05749846 2 0.38463536 0.90511341 0.16938224 0.07937641 0.09115000
563,MVI_40761_img00489_jpg.rf.26d55d3297ce8fa3b35f0728b3d73c97,1 0.85175568 0.52450099 0.28253584 0.10930033 0.06602373 1 0.84868640 0.18701155 0.27156425 0.09107871 0.05671959 1 0.82909268 0.93036480 0.29046850 0.10119514 0.07396612 1 0.82652205 0.32361398 0.23482432 0.08186684 0.06211596 1 0.81828582 0.48284407 0.23524013 0.08416996 0.05826635 1 0.79381943 0.07031691 0.27082191 0.08304658 0.05271730 1 0.78995085 0.25879540 0.25591946 0.07613373 0.05432367 1 0.71570331 0.02113239 0.26488509 0.04170999 0.05565062
564,MVI_40761_img00817_jpg.rf.5c7a61a3e9aba3abe301b5ba41404f08,1 0.87239760 0.73064213 0.32018080 0.10273170 0.07628222 3 0.86630261 0.59270411 0.24850193 0.31745758 0.11436509 1 0.84724545 0.40247040 0.33169270 0.10820704 0.06836424 1 0.83540058 0.07863925 0.35103683 0.11684440 0.07218199 1 0.83299959 0.20854649 0.29482560 0.09070340 0.05781584 3 0.81406814 0.89757750 0.25688345 0.20484480 0.12098927 1 0.80483264 0.28996491 0.27274604 0.08296394 0.05955143 1 0.77688706 0.36963091 0.30827789 0.10422478 0.06657486 1 0.77554321 0.11604459 0.32019131 0.09143684 0.06773353 1 0.72891039 0.32428756 0.25285764 0.06295624 0.05842466 1 0.71717590 0.06372881 0.28651242 0.09203350 0.05874043 1 0.66630745 0.86746483 0.30259607 0.08703766 0.06748934 1 0.18831648 0.01726575 0.27498467 0.03221956 0.05799713 1 0.13066122 0.82971075 0.27522969 0.07646451 0.06796293 1 0.06465634 0.96381836 0.25854204 0.06483383 0.04837155 1 0.06205339 0.49153976 0.25286942 0.07467260 0.05335855 1 0.06171514 0.98873095 0.28434820 0.02253790 0.05941105
565,MVI_40761_img00982_jpg.rf.c60209b66dbe1d460ff55bb43f76e85f,3 0.85680330 0.31002092 0.28300271 0.34692411 0.12621918 1 0.84368432 0.73680735 0.33468666 0.10308723 0.06811614 3 0.83011496 0.65287685 0.27730532 0.25530205 0.11909962 1 0.82218772 0.11594751 0.36192145 0.10588124 0.07087412 3 0.80607980 0.90538697 0.27942176 0.18922586 0.11930399 1 0.76942962 0.06532929 0.30440483 0.08108039 0.05797491 1 0.73561400 0.97376809 0.33323421 0.05246362 0.07313781 1 0.68377715 0.47836676 0.27412329 0.06913815 0.05674372 1 0.64557719 0.01610962 0.29806530 0.03189850 0.05624080 1 0.47542953 0.14086329 0.31356850 0.07416193 0.06175804 1 0.39647886 0.65613489 0.32152038 0.07480879 0.04596701 1 0.14469269 0.15493761 0.30512733 0.08244288 0.06008358 1 0.09219620 0.19311817 0.29292598 0.08495421 0.06677675 1 0.08108648 0.24529178 0.28625433 0.07852321 0.06325822 1 0.07614764 0.45164866 0.27321858 0.07907619 0.06174240 1 0.07261156 0.55505953 0.28382745 0.06221428 0.05519199 1 0.06945778 0.26725931 0.28521252 0.07741575 0.06282473 1 0.06784303 0.21888837 0.28930442 0.07983104 0.06571527 1 0.06241157 0.41613469 0.27413523 0.07636175 0.05980620 1 0.06134958 0.17568429 0.28809831 0.06692100 0.06169724 1 0.05208058 0.29061244 0.28299091 0.07336535 0.06028938
566,MVI_40761_img01057_jpg.rf.7579c50f307c44f57b2262f7e8b08eda,1 0.87560833 0.94011593 0.91147694 0.11937218 0.17704591 1 0.86016059 0.39239202 0.34498494 0.11418734 0.07325482 3 0.85229927 0.86443567 0.27736654 0.27018166 0.12622805 3 0.84781551 0.14169901 0.29143052 0.28339781 0.13461285 1 0.83515894 0.31651225 0.26895862 0.07466164 0.06161919 3 0.83454818 0.52385074 0.27514343 0.26073434 0.11900597 1 0.72128755 0.02942300 0.35952001 0.05764862 0.06864576 1 0.32981277 0.97734032 0.32596662 0.04449692 0.07653327 3 0.14139448 0.97644915 0.29702485 0.04710150 0.13047380 1 0.13059625 0.02661489 0.29272695 0.05248265 0.06512175 1 0.12343943 0.75250149 0.24830976 0.05002604 0.04973526 1 0.09024842 0.20667586 0.28468728 0.07332506 0.06133518 1 0.08556630 0.01580271 0.28681512 0.03160521 0.06424479 1 0.08036578 0.25686617 0.27064996 0.07061329 0.05933113 1 0.07342226 0.22753317 0.28133707 0.07312527 0.06187801 1 0.06588803 0.04388670 0.29833751 0.07588892 0.06685686 1 0.05947710 0.58043442 0.26496623 0.06502848 0.05494256 1 0.05709419 0.43673898 0.27135048 0.08132761 0.06324558 1 0.05627746 0.18276584 0.28472197 0.07022614 0.06000743 1 0.05577591 0.77216663 0.27472136 0.07222939 0.06589017 1 0.05060562 0.61149015 0.27537048 0.07298203 0.05829940
567,MVI_40761_img01428_jpg.rf.13a3fcc49a709f8ec630dbd5aacb8237,1 0.84946191 0.50359478 0.30027506 0.07450895 0.06080813 1 0.84199768 0.59321651 0.27259705 0.08450642 0.05623283 1 0.83701944 0.30990963 0.26972976 0.08382931 0.06090069 1 0.83091396 0.96256327 0.44063544 0.07487326 0.10059366 1 0.81194961 0.47374725 0.27260227 0.08933773 0.05830164 3 0.79025251 0.10268924 0.29301250 0.20537828 0.13146625 3 0.78233021 0.91955743 0.27986612 0.16088495 0.12341690 1 0.31485581 0.19185183 0.25793703 0.06460338 0.05529118 1 0.12141127 0.17912023 0.27157111 0.06650467 0.05623937 1 0.12006491 0.16423714 0.28312774 0.07407355 0.05914354 1 0.08557553 0.03352218 0.29950042 0.06557051 0.06591549 1 0.05049421 0.12946210 0.29112968 0.07108555 0.06072874
568,MVI_40761_img01433_jpg.rf.2fc43627413c2ad4b95e1e583d17db76,1 0.86611599 0.59409399 0.26782656 0.08744698 0.05544643 1 0.84302467 0.47846279 0.29717617 0.07324018 0.05669260 1 0.82596743 0.31119957 0.26613824 0.08456535 0.06389203 3 0.80978608 0.09170687 0.29140272 0.18242011 0.13075395 1 0.77036726 0.47139702 0.26733088 0.08289185 0.05521221 3 0.75865561 0.90304990 0.27478166 0.19390001 0.12459903 1 0.23765168 0.15133014 0.27711558 0.06046934 0.04859419 1 0.12587507 0.15731035 0.25056734 0.04446599 0.04860859 1 0.11508310 0.15607811 0.26431513 0.04909072 0.04825869 1 0.07689600 0.13837965 0.28719749 0.07783255 0.05918221 1 0.05508630 0.98064213 0.27390156 0.03864174 0.04783716 1 0.05163302 0.10648837 0.28641400 0.07004828 0.06083360
569,MVI_40761_img01520_jpg.rf.d13c63e702260c45f86c234e697010ff,1 0.88041162 0.47981820 0.45695171 0.16626577 0.11012344 1 0.85068619 0.52974410 0.30841506 0.09587650 0.05742021 3 0.83393806 0.94150066 0.28210468 0.11699066 0.12402029 1 0.83332157 0.59854388 0.27873683 0.08188410 0.05412188 1 0.80856133 0.47254972 0.27584577 0.08358068 0.05622492 1 0.78225833 0.13170977 0.95604506 0.26295023 0.08744373 3 0.76089096 0.20363400 0.30674188 0.29464459 0.13175559 1 0.72427303 0.01411428 0.29378636 0.02784753 0.06303201 1 0.07657495 0.10849036 0.30608530 0.07325017 0.05986032 1 0.06374760 0.29190266 0.29196637 0.07588315 0.06584339
570,MVI_40761_img01737_jpg.rf.b1778d40ad23fd52fc0b6dc620e7877a,0 0.86099535 0.25884408 0.32134657 0.12267438 0.10879717 1 0.83124113 0.46949854 0.32847421 0.11210804 0.06719708 1 0.81846768 0.54235163 0.29601665 0.09158478 0.05825839 1 0.81723690 0.08012207 0.29883225 0.06497020 0.05570030 1 0.81532872 0.47397156 0.28156824 0.08573132 0.05434828 1 0.80472487 0.60413475 0.28483233 0.07391205 0.05515442 1 0.75702512 0.18806684 0.29175897 0.06274076 0.05480423 1 0.74857712 0.31931446 0.27847009 0.07219625 0.06244574 3 0.72614765 0.03015874 0.31082969 0.06031728 0.13131390 1 0.31506962 0.64522028 0.97867985 0.33369694 0.04264011 1 0.22062372 0.02552812 0.28412304 0.04946587 0.06102819 1 0.20562509 0.25587421 0.32899363 0.11336402 0.07327271 0 0.19367732 0.03059079 0.31180534 0.06074387 0.12672358 1 0.15956233 0.24594097 0.31468139 0.08553419 0.06357126 1 0.13736519 0.80082674 0.23180451 0.04893532 0.06059971 1 0.09499029 0.01731433 0.29622564 0.03378808 0.07197685 1 0.05747310 0.02200197 0.32490826 0.04400374 0.08959980
571,MVI_40761_img01841_jpg.rf.041745e7d0df79928ab3412d605f06ff,1 0.87885135 0.51061249 0.42473384 0.15009155 0.09404104 1 0.84459662 0.28867660 0.30378375 0.08750334 0.05644913 1 0.83984739 0.09079090 0.30481658 0.08113139 0.05403204 1 0.81491947 0.47313461 0.28653998 0.07966681 0.05541649 1 0.80988437 0.18947140 0.29368217 0.06533883 0.05501304 3 0.78545296 0.62840385 0.29860926 0.26218586 0.12521839 1 0.78209531 0.81819677 0.27246516 0.04962711 0.06157613 1 0.72518015 0.01969441 0.32958586 0.03814844 0.06517868 1 0.72483295 0.32442441 0.28258340 0.06566248 0.06341200 1 0.65050781 0.01793146 0.30065267 0.03586272 0.05273948 1 0.28769344 0.70944147 0.98180265 0.33977909 0.03632641 1 0.11466376 0.53392982 0.29691379 0.07375126 0.06203599 1 0.07068976 0.55603590 0.29586034 0.07000313 0.05979080 1 0.05324739 0.58146691 0.29121699 0.06220293 0.05569201
572,MVI_40761_img01880_jpg.rf.2c0f79a82a29774b4cd0d1a54b8fe7ec,1 0.83623326 0.58960710 0.29703522 0.08400908 0.05469856 1 0.83270216 0.09140468 0.30850172 0.08317484 0.05428638 1 0.81925154 0.77851005 0.28867903 0.07014456 0.06680298 1 0.72751176 0.01561444 0.30490003 0.03122869 0.05395803 1 0.71400607 0.18692169 0.29983587 0.06042047 0.05240183 1 0.67909080 0.47684979 0.29230671 0.07901716 0.05363588 3 0.66412723 0.34044220 0.31100936 0.28669295 0.13189764 1 0.60632682 0.86020575 0.96944561 0.27906399 0.06103058 1 0.08850378 0.25679011 0.31180444 0.07226820 0.05999942 1 0.07962748 0.23064711 0.32262537 0.06894746 0.05879664 1 0.07005896 0.46000357 0.29917157 0.08960695 0.05814629 1 0.05942148 0.43808335 0.31003895 0.08222106 0.06448040 1 0.05843298 0.28213909 0.31186390 0.06908641 0.06046405 1 0.05268427 0.35431190 0.31403646 0.07888412 0.05951395 1 0.05216105 0.32116065 0.31409645 0.07633710 0.06048079
573,MVI_40761_img01918_jpg.rf.06d3cb982efc7bc3d58e223ea13ce4a9,1 0.87681526 0.57429438 0.30061927 0.08117619 0.05836105 1 0.85189348 0.23949893 0.31031151 0.08629937 0.05778999 1 0.84829390 0.47462921 0.29414744 0.08636990 0.05503874 1 0.83645725 0.69450345 0.30238638 0.08731184 0.07158403 1 0.81500989 0.31588507 0.28980536 0.08424864 0.06346312 3 0.67689276 0.10016357 0.32551394 0.20032694 0.13991265 1 0.42404872 0.17546430 0.28274894 0.06402593 0.05212898 1 0.40927050 0.09977842 0.32590888 0.19955663 0.14442925 1 0.17117766 0.16830628 0.31005688 0.07704172 0.05695066 1 0.14693244 0.02953019 0.32851801 0.05754989 0.06170845 1 0.11282758 0.21344423 0.28327622 0.03703204 0.04561520 1 0.07186418 0.01684259 0.33771603 0.03368499 0.05765085 1 0.06278654 0.05441621 0.32737865 0.08066235 0.06614771 1 0.05069169 0.14102018 0.31443820 0.07129111 0.06242414
574,MVI_40761_img01931_jpg.rf.ac0003f2365a215e3d9163647464dd02,1 0.85820103 0.56414509 0.30415716 0.08273506 0.05560961 1 0.84824294 0.23161383 0.31101589 0.08689380 0.05872970 1 0.82774836 0.47616873 0.29564829 0.08355827 0.05497980 3 0.82302153 0.04907229 0.32603598 0.09814438 0.14000397 1 0.82162613 0.31531868 0.28944716 0.08615880 0.06221571 1 0.81005228 0.65238457 0.31024356 0.09040127 0.07250385 1 0.75729305 0.18927246 0.29901028 0.06306379 0.05404940 1 0.58356935 0.08638127 0.30826633 0.07362374 0.05154777 1 0.07803658 0.01594977 0.32397361 0.03189934 0.05585227 1 0.06259397 0.05303740 0.31843185 0.07615180 0.06145620
575,MVI_40762_img00189_jpg.rf.207163cb09b9fff0a8a0aebb090991a0,1 0.84566969 0.35013895 0.33693862 0.10098763 0.07328253 1 0.84342748 0.47831311 0.30853148 0.08524218 0.05877142 1 0.83206934 0.93204908 0.35759749 0.10002537 0.06646338 1 0.83129174 0.07865412 0.32275834 0.08518418 0.05641313 1 0.82679921 0.18534918 0.32579796 0.08941011 0.05800357 1 0.79094940 0.31809583 0.30519595 0.08530550 0.06508069 1 0.67104691 0.01694276 0.31744518 0.03388531 0.05913172 1 0.30304691 0.19201417 0.31051722 0.07526665 0.05185699
576,MVI_40762_img00336_jpg.rf.74e8e51285a7cc02568a08650cb6a1d4,1 0.91517377 0.56432486 0.83523817 0.27377567 0.20309391 1 0.84865463 0.32209463 0.28838468 0.08469553 0.06540551 1 0.84662330 0.18634185 0.31095595 0.09091394 0.05728860 1 0.84261310 0.48119278 0.29385259 0.08426542 0.05917277 1 0.81958640 0.08454788 0.30685027 0.08143635 0.05577669 1 0.73733497 0.01945918 0.30252743 0.03891816 0.05562143 1 0.59247619 0.20235406 0.29269257 0.07000855 0.05154953 1 0.57399815 0.02661558 0.41615291 0.05310787 0.08396025
577,MVI_40762_img00480_jpg.rf.df5e724004c5e7367544e6bbab7a6f93,1 0.84496945 0.07930547 0.30886178 0.08417633 0.05671759 1 0.83288586 0.47933044 0.29521935 0.08389893 0.05960064 1 0.83113450 0.18224542 0.31311364 0.08878269 0.05654383 1 0.83047491 0.31864948 0.29022584 0.08677073 0.06420097 1 0.68812716 0.01670210 0.30418463 0.03335553 0.05722923 1 0.64755404 0.19979141 0.29422550 0.07261481 0.05127573
578,MVI_40762_img00680_jpg.rf.a70869edeb19c6cc89f9ae6e503046cc,1 0.91657597 0.32450324 0.87084675 0.29556769 0.20592957 1 0.87959945 0.32805905 0.49297705 0.15962400 0.10439539 1 0.84355462 0.47784853 0.30926926 0.08324127 0.05778213 1 0.84215605 0.07915094 0.32251987 0.08368388 0.05672498 1 0.83956051 0.31711965 0.30465400 0.08475361 0.06405783 1 0.83593255 0.96675787 0.48945179 0.06648407 0.11031647 1 0.83031511 0.09508933 0.44157953 0.13936844 0.11235561 1 0.79992920 0.18277389 0.32645550 0.09111583 0.05821915 1 0.68703198 0.01638278 0.31654506 0.03257239 0.05935154 1 0.47959009 0.19542685 0.31182590 0.07886200 0.05514622 3 0.35778564 0.02465860 0.49896989 0.04886592 0.28297310 0 0.19418904 0.02512821 0.50572091 0.04913843 0.25377767
579,MVI_40762_img00786_jpg.rf.371a4425e0d0399eb33aa330ffa1936c,1 0.89018041 0.63608294 0.48147383 0.15339251 0.10270414 1 0.86585271 0.47178049 0.30255942 0.08442230 0.05879936 1 0.85421896 0.31243100 0.29728336 0.08743696 0.06441870 1 0.84224892 0.05143187 0.41354699 0.10286354 0.09585819 1 0.83409029 0.18804764 0.31824563 0.09126542 0.05759473 1 0.82690376 0.07331729 0.31486168 0.08163548 0.05635452 1 0.82635713 0.93509750 0.33584068 0.09138031 0.05968032 1 0.70022821 0.01166478 0.31036854 0.02332936 0.05903778 1 0.52349555 0.18353726 0.30076787 0.06340373 0.04949117 3 0.45301357 0.02121041 0.51681708 0.04151579 0.26285403 1 0.37017357 0.99245510 0.44998150 0.01462631 0.10509109 1 0.13584116 0.12124934 0.64486332 0.23900476 0.09174271 1 0.10405091 0.10100881 0.30718458 0.05696628 0.05059400 2 0.06300297 0.02144340 0.52322659 0.04288660 0.27194366
580,MVI_40762_img01010_jpg.rf.7170563154df2f97cada565f322110b7,1 0.86965626 0.84636996 0.39615011 0.11622653 0.07481260 1 0.85937196 0.22925634 0.49678049 0.16870785 0.10369644 1 0.85481900 0.44912372 0.36412113 0.09482794 0.06383600 1 0.84794301 0.21847045 0.33471737 0.09075117 0.05922275 1 0.83353859 0.31484785 0.31464853 0.08491707 0.06427374 1 0.82816434 0.09230941 0.90089011 0.18461861 0.19821958 1 0.81617332 0.04243336 0.34729624 0.08348192 0.06658278 1 0.78026938 0.48940463 0.33717055 0.09382362 0.05985818 1 0.77415735 0.08553920 0.32843089 0.06789722 0.05813813 1 0.72773063 0.19321511 0.32109838 0.07402391 0.05476270 1 0.58764821 0.01825728 0.32186527 0.03636213 0.05488453 1 0.45909521 0.07196586 0.66728930 0.14166193 0.07647505 1 0.38925338 0.47593069 0.32015009 0.08599033 0.05245037 3 0.38557619 0.02124883 0.52017984 0.04202258 0.26938953 2 0.24870487 0.80562649 0.28988037 0.04722271 0.06654835 1 0.13571589 0.80565548 0.28979979 0.04603767 0.06466599 1 0.06759726 0.01016294 0.30823331 0.02022682 0.06457176
581,MVI_40762_img01110_jpg.rf.43fe7c79b1d20cb75fb0d7f899f44435,1 0.93422061 0.29976358 0.89526873 0.30322561 0.20713768 1 0.89757138 0.29261570 0.51510801 0.16345110 0.10266724 2 0.86399770 0.77751918 0.32754006 0.06293612 0.06624751 1 0.83870339 0.32238598 0.39312763 0.10294094 0.08081474 1 0.83723557 0.47910013 0.34417176 0.10673065 0.06426229 1 0.83015275 0.21274712 0.34612207 0.08988709 0.05859671 1 0.82714039 0.20730767 0.47326641 0.13071141 0.09738312 1 0.82285398 0.07186121 0.34004972 0.08451999 0.05739918 1 0.80256081 0.31062253 0.32622056 0.08579297 0.06275864 1 0.74599516 0.18447695 0.33149714 0.07172165 0.05432663 1 0.69279909 0.29022069 0.38194842 0.13422856 0.07472010 2 0.68779492 0.68885098 0.38073790 0.08362675 0.07180219 1 0.66941267 0.68891315 0.38038085 0.08221455 0.07109933 1 0.63445419 0.01364361 0.33475420 0.02676864 0.05580106 1 0.59531450 0.00772808 0.34835043 0.01545596 0.06670704 3 0.39276606 0.01895723 0.52416081 0.03762155 0.27076921 1 0.12789586 0.77688265 0.32938485 0.05912781 0.06603899
582,MVI_40762_img01288_jpg.rf.c239efb1250ec296073515d3ed917b05,1 0.90912658 0.13051473 0.88799715 0.25986698 0.22308693 1 0.85679841 0.29015512 0.47420759 0.14128189 0.12368822 1 0.84378010 0.56642904 0.31879539 0.09059467 0.05771170 1 0.82233226 0.35681529 0.31407852 0.09073753 0.06102028 1 0.82206261 0.21279479 0.31874323 0.09360169 0.05774765 1 0.78099048 0.30789371 0.29994593 0.08772221 0.06573191 1 0.76279962 0.06921427 0.31700351 0.07389497 0.05724802 1 0.75580317 0.10007492 0.30278060 0.06768010 0.05540476 1 0.65936697 0.03155401 0.34842899 0.05977132 0.08524613 2 0.62642640 0.03157136 0.34605827 0.06295171 0.08706818 1 0.55409044 0.98725719 0.33937438 0.02519608 0.05371323 3 0.34358129 0.03579601 0.50023508 0.07030125 0.24858875 1 0.27903169 0.99274869 0.37317486 0.01450242 0.07526493 1 0.16959047 0.01093948 0.31187403 0.02153044 0.06503177 1 0.09699529 0.01981170 0.31318707 0.03882959 0.06209373 1 0.06450479 0.99325237 0.31419113 0.01258163 0.06760716
583,MVI_40762_img01352_jpg.rf.c29a7b8d7a2dd36e87ffff613d32f461,3 0.93454027 0.16927338 0.51853085 0.33854656 0.23228493 0 0.89990735 0.69035597 0.32689447 0.13340492 0.10489988 1 0.84172291 0.14309121 0.31988814 0.06159666 0.05659771 1 0.83247524 0.43521638 0.33059335 0.09196672 0.05762291 1 0.82984447 0.05625423 0.33419266 0.09417151 0.05919471 1 0.82604241 0.29708915 0.39232552 0.10914240 0.07589622 1 0.82532245 0.26320531 0.33400559 0.08914013 0.05934753 1 0.72878885 0.30323548 0.31447668 0.06835546 0.06209641 1 0.33057058 0.01102993 0.32745574 0.02205967 0.05989394 1 0.08871870 0.70967846 0.31404095 0.08700523 0.06903725 1 0.08770769 0.68248968 0.31415992 0.08429098 0.06564217 1 0.05787687 0.02105371 0.32684751 0.04202876 0.05872860
584,MVI_40762_img01570_jpg.rf.d7aeddef230505b831c7c3d838cdfb71,0 0.89409220 0.30424585 0.34671683 0.12397141 0.10837908 1 0.84900594 0.05890253 0.35918241 0.08507826 0.05678654 3 0.83172941 0.48177079 0.54405041 0.68384459 0.22567291 1 0.82709682 0.18589542 0.35743895 0.08824563 0.05805392 1 0.74562472 0.96745400 0.48332958 0.06509180 0.09056187 1 0.73793089 0.90612411 0.52461414 0.13827171 0.09551125 1 0.70234984 0.16199422 0.34046435 0.05733819 0.04982185 1 0.59075063 0.12811778 0.32065444 0.03798118 0.05016232 1 0.49196574 0.00739832 0.35030210 0.01479644 0.05850143 1 0.22942805 0.30855331 0.33272545 0.08818350 0.06773939 1 0.18983331 0.28333926 0.33814197 0.08372087 0.06716633 1 0.14299008 0.00520059 0.35959687 0.01037550 0.05723829 1 0.09766374 0.02023249 0.35248661 0.03970768 0.05013771 1 0.05873349 0.97639751 0.94763055 0.04646683 0.10473871
585,MVI_40762_img01651_jpg.rf.3cac626e8d0b1ce95ffa42d086b212c8,3 0.92538452 0.16690665 0.51321225 0.33381309 0.22449560 0 0.88747209 0.30369699 0.33753324 0.12421970 0.10826187 1 0.81943500 0.18531296 0.34742069 0.08754535 0.05831270 1 0.80971450 0.05851642 0.35071478 0.08374319 0.05567665 1 0.70677185 0.16006062 0.33198466 0.06324680 0.05121479 1 0.63813996 0.32115114 0.47971506 0.11643381 0.09597349 1 0.61706585 0.13141046 0.31519792 0.04367914 0.05404630 1 0.50457132 0.00731620 0.34520476 0.01463220 0.05655618 1 0.23027453 0.30709467 0.32257209 0.08578129 0.06820345 1 0.22271673 0.14841132 0.32100840 0.06140847 0.05584483 1 0.21159057 0.28243990 0.32583222 0.08466845 0.06870794 1 0.11339857 0.99207477 0.52306538 0.01585026 0.17318935 1 0.09034888 0.01240869 0.34596930 0.02348881 0.05204124 1 0.05685442 0.03607899 0.67534480 0.07215777 0.12061081 1 0.05550259 0.18266089 0.44096621 0.08869100 0.08244307
586,MVI_40762_img01710_jpg.rf.769040c18e3e64c56a8f14a3da7f0a87,3 0.92790508 0.84015977 0.53494673 0.31697469 0.21966743 0 0.88631076 0.29976666 0.33727951 0.12548404 0.10369358 1 0.82126188 0.05431854 0.34855278 0.08827342 0.05791025 1 0.79397517 0.19337425 0.34865355 0.08573079 0.05743246 1 0.74613935 0.15387647 0.32970581 0.05793409 0.05351791 1 0.53762847 0.12374566 0.31092386 0.03875661 0.05213156 1 0.28053263 0.00621649 0.34093742 0.01243278 0.05694957 1 0.19713975 0.29804893 0.32123289 0.08609610 0.06676202 1 0.05890923 0.98904285 0.34347544 0.02187958 0.04706593 1 0.05168411 0.97773151 0.34211464 0.04432907 0.04743204
587,MVI_40763_img00025_jpg.rf.2e9f670f41da4fcb75f0d5053265a87a,0 0.86723876 0.31184659 0.33998542 0.11994510 0.10368619 3 0.85325843 0.56350975 0.34229369 0.26424160 0.17072573 1 0.83585340 0.17022016 0.34145269 0.06983747 0.05373216 1 0.80024284 0.25924053 0.41323571 0.11560116 0.07498083 1 0.79662842 0.95026875 0.41179065 0.09580879 0.06610472 1 0.78438395 0.12572681 0.32250853 0.05173352 0.05310240 1 0.77879554 0.06285979 0.35084982 0.08475862 0.06044574 1 0.73275656 0.22889648 0.35553694 0.08211268 0.05682263 1 0.32455623 0.01096928 0.34650993 0.02193836 0.05688887 1 0.29633042 0.66306314 0.35905159 0.07334652 0.05240932 1 0.22643298 0.31299639 0.32943347 0.09155207 0.07043204 1 0.18378101 0.46688280 0.36444833 0.07913227 0.04979472 1 0.10579589 0.01851935 0.34909725 0.03584846 0.05840778 1 0.10134690 0.47686071 0.37706406 0.09514217 0.06557851 1 0.07648171 0.28879900 0.32156518 0.08688879 0.06175704 1 0.06650812 0.97639174 0.39135661 0.04721632 0.06916494 1 0.05876513 0.64600830 0.36499043 0.08915272 0.06545115
588,MVI_40763_img00059_jpg.rf.d09048fbc841f9bf72a0f14d37596cb5,3 0.85954833 0.21488066 0.33537946 0.28828549 0.17300606 1 0.85496622 0.71881609 0.38195031 0.09910069 0.06372428 1 0.84791392 0.47937713 0.40460815 0.11723604 0.07581081 1 0.37770218 0.01844839 0.34762535 0.03689658 0.05736704 1 0.22410452 0.99465294 0.38638079 0.01044865 0.08263202 1 0.13594055 0.06702514 0.33950405 0.08326132 0.06391478 1 0.09568311 0.11941459 0.36003170 0.08976579 0.06107759 1 0.06317507 0.09131572 0.32320402 0.07979884 0.06960187
589,MVI_40763_img00290_jpg.rf.7ace7e5bdb831b4ca7d7bef613796bce,0 0.88717484 0.26090493 0.32367206 0.12041388 0.10545487 1 0.85634941 0.10236678 0.51716065 0.17010747 0.10663328 1 0.84872407 0.89913807 0.38900886 0.10695038 0.06747236 1 0.81536055 0.44971944 0.39438345 0.10918291 0.07132449 1 0.80629301 0.07613981 0.33688166 0.08632185 0.06185966 1 0.78573889 0.48162975 0.36306283 0.09201984 0.05745082 1 0.69003773 0.01453559 0.33534014 0.02907099 0.05359273 1 0.60642177 0.32311940 0.32398696 0.06825886 0.06333733 1 0.12546335 0.24360557 0.30559912 0.08026552 0.06424465 1 0.06338666 0.26541176 0.30496035 0.07602921 0.06731663 1 0.05466134 0.90274611 0.31537943 0.03341045 0.06306305 1 0.05111207 0.06591930 0.32554870 0.08384942 0.05160789
590,MVI_40763_img00388_jpg.rf.b72676f299d5d7a79eef740dde19a678,1 0.85610759 0.91403913 0.36779919 0.09368858 0.06057558 1 0.85114449 0.15872327 0.38225257 0.11511362 0.06568131 1 0.84426433 0.31326070 0.32304883 0.08657799 0.06343088 1 0.82461619 0.41955470 0.37984734 0.10369074 0.07000818 1 0.81911790 0.70414267 0.36955385 0.10721970 0.07961941 1 0.80367625 0.07301666 0.33828480 0.08889445 0.05752578 1 0.78227335 0.46923676 0.34858556 0.08375950 0.05918341 1 0.77907687 0.22549137 0.34418900 0.08884059 0.06342397 1 0.55014366 0.01544825 0.33481479 0.03071284 0.05484514 1 0.18885165 0.99005856 0.33862054 0.01988268 0.04811721
591,MVI_40763_img00595_jpg.rf.749493697c03fcb378810d52379e58f5,1 0.82121694 0.18711854 0.32745142 0.07413275 0.05611429 1 0.80543691 0.32180753 0.31733232 0.08728857 0.06510201 1 0.78860307 0.08421951 0.33376243 0.08168404 0.05401554 1 0.70287633 0.05387313 0.31966712 0.06116985 0.05095325 1 0.66894907 0.01763912 0.32912636 0.03527299 0.05580397 1 0.42646095 0.10238061 0.31910701 0.06094940 0.05267067 1 0.27529740 0.99381790 0.36545615 0.01199856 0.06404228 1 0.11844015 0.03545488 0.32345524 0.06171570 0.05561471
592,MVI_40763_img00696_jpg.rf.c2af15371a8a911a99983cf2462a91c3,1 0.85173064 0.33589029 0.39079924 0.10152102 0.07107916 1 0.80597425 0.09118987 0.34391131 0.08390605 0.05473557 1 0.79816252 0.41085706 0.36435556 0.10092373 0.06423712 1 0.77571684 0.32649360 0.33072455 0.08491211 0.06594777 1 0.76853395 0.02104657 0.33942320 0.04209294 0.05554881
593,MVI_40763_img00883_jpg.rf.1c77f6c205186e6317768b1774de3542,1 0.84455717 0.32559328 0.30751686 0.08562593 0.06638346 1 0.83724022 0.48196054 0.34306049 0.10761909 0.06755829 1 0.83029038 0.57738628 0.36629310 0.10870008 0.07213497 1 0.81161535 0.08877704 0.32593839 0.08160363 0.05643687 1 0.68807966 0.02168938 0.32027946 0.04337856 0.05900850 1 0.49425840 0.83270760 0.30087910 0.03658543 0.05329914
594,MVI_40763_img01151_jpg.rf.19d1115c1e837de71e6d629a9d274d0d,1 0.86140674 0.92973671 0.35801363 0.10175018 0.07038240 1 0.84138358 0.63890266 0.31482351 0.08624115 0.05850358 1 0.83931780 0.32940941 0.29482794 0.08543139 0.06802607 1 0.83879507 0.46756825 0.35201418 0.10879564 0.07195835 1 0.80678093 0.09340965 0.31259756 0.08945925 0.06011982 1 0.51668358 0.02397133 0.31025920 0.04783903 0.05790758
595,MVI_40763_img01533_jpg.rf.d16b91a7662a2275bc4cf4b5071747d0,1 0.83741724 0.70336485 0.37846737 0.10481567 0.06907520 1 0.82501245 0.31997151 0.32365916 0.08634396 0.06533895 1 0.82403600 0.08400221 0.33746080 0.08595080 0.05943327 1 0.67251229 0.97322273 0.77524796 0.05351448 0.21540909 1 0.62435460 0.98904662 0.37497263 0.02190656 0.06114073 1 0.59833419 0.01833477 0.33184614 0.03577203 0.05724735 1 0.11512638 0.00723493 0.38539236 0.01446966 0.06235356 1 0.10432658 0.01394871 0.31371260 0.02789722 0.07365313
596,MVI_40763_img01726_jpg.rf.ad23220ad4d72b8913a88f46512a67e6,1 0.90219653 0.63214159 0.49172783 0.15067120 0.09882755 1 0.87266296 0.31414716 0.33216238 0.08739386 0.06746302 1 0.85565114 0.90863800 0.74145331 0.13816681 0.16693430 1 0.84759134 0.07525746 0.34165618 0.08702184 0.05772715 1 0.58577931 0.01436838 0.33690796 0.02873656 0.05331955
597,MVI_40771_img00132_jpg.rf.2bc3f35696d463f80f85a2f9d67e671a,1 0.92232293 0.70909405 0.87132721 0.20653839 0.25635891 3 0.91009283 0.21220860 0.18541648 0.16870103 0.23471055 1 0.90682477 0.59867787 0.26529408 0.06089277 0.09965019 1 0.88457024 0.25431218 0.29052343 0.08673792 0.13242435 3 0.88331550 0.73359852 0.12749057 0.14654198 0.17153192 0 0.87210375 0.79182348 0.40178862 0.22060661 0.40482855 1 0.86037797 0.47606406 0.18069727 0.05030022 0.07629867 1 0.83016711 0.56023188 0.11232992 0.03919487 0.05902523 1 0.80802089 0.33116865 0.16700562 0.04891052 0.07531211 1 0.80367774 0.10162916 0.91163044 0.20041037 0.17466507 1 0.76257658 0.62650337 0.10305214 0.03829765 0.05778170 3 0.66936946 0.94476681 0.58575028 0.10594540 0.64264395 3 0.43327716 0.32015634 0.07553158 0.07831717 0.10389810 2 0.13594766 0.45753222 0.08107038 0.04411392 0.06159389 1 0.12218168 0.00988224 0.35665617 0.01976429 0.13011694 1 0.11396562 0.01685507 0.82844066 0.03368098 0.34311848 1 0.08473255 0.01025471 0.80168982 0.02016368 0.27934303 1 0.05419191 0.76732912 0.16219194 0.07273178 0.07942457
598,MVI_40771_img00215_jpg.rf.6159bd6d49dd332ed9758253c49792c9,3 0.92090678 0.23920462 0.14972026 0.13462601 0.17703519 1 0.91924679 0.67225075 0.58173952 0.11650600 0.22448978 1 0.91785729 0.79247146 0.49229355 0.13038855 0.18228302 1 0.89641541 0.58319445 0.27168155 0.07180386 0.12105079 0 0.89447981 0.65597305 0.15487573 0.10453796 0.19402260 1 0.88499981 0.04370834 0.84107785 0.08530679 0.31784410 3 0.88386339 0.75525870 0.15513444 0.14731512 0.22723269 1 0.86996365 0.95473952 0.93323784 0.09052076 0.13309174 1 0.85376674 0.47550011 0.17180760 0.05114422 0.07618127 3 0.84261936 0.08932415 0.41090956 0.17738280 0.47346716 1 0.83534759 0.37329445 0.14881711 0.04641275 0.07737861 1 0.66159910 0.34738975 0.11347902 0.04125400 0.05993828 1 0.43115294 0.56260700 0.08197572 0.03472738 0.05184848 2 0.06349878 0.46505051 0.07429066 0.04360409 0.07187948
599,MVI_40771_img00908_jpg.rf.2f8e2418c6d38e84dbb1a6c71ed7cd3f,1 0.88775188 0.49185333 0.20104496 0.05988808 0.09899054 1 0.85295260 0.62518926 0.10688646 0.04845867 0.07158266 1 0.84846777 0.46635942 0.13858768 0.05292835 0.07957954 1 0.84833211 0.04046396 0.28265328 0.08092772 0.12886615 1 0.62657344 0.05164734 0.18398257 0.09026206 0.07011969 0 0.31336477 0.77980771 0.04847338 0.12673674 0.08999555 1 0.24975806 0.37604487 0.08662150 0.04152198 0.06420207
600,MVI_40771_img01033_jpg.rf.d39398804501bb6cc5b8537efd5ad143,1 0.90907681 0.71488924 0.29016821 0.09697533 0.12965589 1 0.90397578 0.27135670 0.29480305 0.08148150 0.13704395 1 0.88337988 0.07577382 0.33183799 0.08393941 0.13552990 1 0.88205260 0.56997070 0.14600022 0.04908695 0.08266282 1 0.86700803 0.49047885 0.20585513 0.05910215 0.09548383 1 0.85368669 0.46491938 0.14026655 0.05527916 0.07864773 1 0.81535298 0.09448956 0.21476321 0.04888887 0.08061877 1 0.53931499 0.37989101 0.08666417 0.04113188 0.06212798 1 0.24724653 0.95259790 0.06000724 0.08965340 0.05497360 2 0.24604915 0.45355473 0.04064606 0.04431973 0.07288894
601,MVI_40771_img01103_jpg.rf.b9c41bc1b26816010e61800d7384f530,1 0.89012760 0.05900713 0.85915169 0.11626475 0.28169641 1 0.87019920 0.49211097 0.21055191 0.05744448 0.09904137 1 0.87014395 0.46663151 0.14604995 0.05417652 0.07661057 1 0.86500686 0.03340910 0.39114470 0.06657711 0.14584236 1 0.85285693 0.60447636 0.08971516 0.04698372 0.06655629 1 0.32115263 0.54581757 0.04295802 0.03107281 0.05260990 2 0.28951529 0.45464354 0.04717754 0.04494114 0.06939797 1 0.09328664 0.45456214 0.04663453 0.04428034 0.06995814
602,MVI_40771_img01328_jpg.rf.dfd13013b7bb2003678f498183bfdf0d,1 0.90476358 0.09354175 0.46861371 0.14287012 0.20297167 1 0.88792956 0.62801170 0.22265472 0.06612663 0.10333987 1 0.87778145 0.48992348 0.21303306 0.05857935 0.10062881 1 0.85476595 0.31403632 0.16325266 0.05094032 0.08013139 1 0.81510115 0.46366081 0.14798989 0.05276966 0.08058167 1 0.29334804 0.15505910 0.12493695 0.04731469 0.05608370 1 0.05892358 0.81288786 0.07463205 0.05659122 0.04986445
603,MVI_40771_img01411_jpg.rf.7f967aab013bdc39cc8648231f29820a,1 0.88363373 0.48919888 0.21418004 0.05968475 0.10165539 1 0.84812444 0.46393638 0.15090680 0.05409966 0.07806883 1 0.84733278 0.18043790 0.16952081 0.05347824 0.06895814 2 0.16372162 0.22668653 0.06696568 0.05840888 0.07100908 2 0.09675050 0.45539751 0.05159776 0.04885979 0.07283005 1 0.06416114 0.93266020 0.38977513 0.13434601 0.25132341
604,MVI_40771_img01613_jpg.rf.2e134f55c2d658c568cd464377a74243,1 0.89374971 0.09083439 0.35504858 0.08941679 0.13684011 1 0.87762046 0.49103074 0.21697040 0.05737486 0.09639611 2 0.83299148 0.11636703 0.19331291 0.05762658 0.11629362 1 0.82776839 0.46411176 0.15049949 0.05430260 0.07454453 1 0.76152533 0.72895885 0.05091972 0.07036295 0.05091497
605,MVI_40772_img00256_jpg.rf.6b576b0aae952387f3911e6c9f8930d4,1 0.95591193 0.88082259 0.74723644 0.23470607 0.35971451 1 0.92565352 0.52134304 0.73087101 0.13095531 0.32629337 1 0.92128229 0.62001839 0.36284046 0.08717480 0.14778318 1 0.92041612 0.66797009 0.55105572 0.10595188 0.19238224 3 0.91204292 0.89615233 0.43985167 0.20569263 0.56685486 1 0.91165531 0.48497286 0.36885085 0.08083439 0.15396471 1 0.90682691 0.75557284 0.89143734 0.19877901 0.21712513 1 0.90532273 0.74229884 0.39181848 0.11688204 0.16064701 1 0.87403446 0.11738847 0.33380334 0.07760777 0.13236809 1 0.84102356 0.12884824 0.19668353 0.07068338 0.09223199 1 0.55608112 0.90333138 0.06072105 0.09955864 0.05428395 1 0.16135624 0.97373819 0.04611994 0.05252342 0.06021170 2 0.08896635 0.21547508 0.06433621 0.03229733 0.04531407 1 0.07767161 0.21551530 0.06452504 0.03298268 0.04562565
606,MVI_40772_img00317_jpg.rf.5e7304dc15e1582b40648d6ddc59df16,1 0.95585161 0.88136253 0.74403372 0.23515282 0.35844517 1 0.92744833 0.52258348 0.72765017 0.13020802 0.32495975 1 0.92649633 0.66814318 0.54840579 0.10598164 0.19435263 3 0.91683042 0.89656839 0.43595953 0.20414486 0.56624413 1 0.91038978 0.74419727 0.38766232 0.11728764 0.16276598 1 0.90925330 0.48643327 0.36616235 0.07998314 0.15519924 1 0.90788525 0.75428944 0.89125528 0.19712296 0.21748924 1 0.90780193 0.62165456 0.35956473 0.08648405 0.14784870 2 0.88138098 0.11077938 0.34347558 0.09373583 0.17841940 1 0.61808395 0.79164848 0.08205165 0.09874249 0.06263647 1 0.39471826 0.80009069 0.05121258 0.09102478 0.05438912 1 0.06872360 0.00767236 0.25319800 0.01534452 0.08901348
607,MVI_40772_img00343_jpg.rf.c7590e0511dec9e11ec09f2896708599,1 0.95609528 0.88187504 0.74654331 0.23364353 0.36023750 1 0.92135686 0.52299905 0.72954054 0.13085556 0.32753258 3 0.91467553 0.89687834 0.43853946 0.20408535 0.56733398 1 0.91384238 0.66908426 0.55062904 0.10866089 0.19196148 1 0.90990216 0.62195807 0.36159260 0.08601360 0.14818683 1 0.90980631 0.74468865 0.39020789 0.11737604 0.16304698 1 0.90594953 0.48713017 0.36848559 0.07981644 0.15493670 1 0.90140313 0.75681272 0.89055075 0.20038271 0.21889830 1 0.88535339 0.67967653 0.09919255 0.10122261 0.07020254 1 0.67423564 0.75834913 0.04772872 0.08284941 0.05113579 2 0.64092958 0.04416174 0.55163851 0.08819728 0.28839664 1 0.41272014 0.04472713 0.55121784 0.08945406 0.29458961
608,MVI_40772_img00512_jpg.rf.1ef38df85b41b93e8c732d22cc0f819c,1 0.95109808 0.88177567 0.74508624 0.23449631 0.35939379 1 0.92398351 0.52290163 0.72899799 0.12989979 0.32643528 1 0.91406077 0.66830320 0.54964628 0.10868816 0.19154015 1 0.91021019 0.74445529 0.38829055 0.11730261 0.16473856 1 0.90846550 0.48637896 0.36801133 0.08076019 0.15546627 1 0.90817285 0.62177997 0.36137292 0.08677835 0.14759974 1 0.90038818 0.75706825 0.89030943 0.19980621 0.21938095 3 0.89761585 0.88753300 0.44000287 0.22280312 0.62030354 1 0.88085705 0.09004865 0.35554829 0.08260202 0.13811607 1 0.12868358 0.73222251 0.01150661 0.03749952 0.02289081 1 0.10086124 0.35750113 0.03649986 0.03152938 0.04552621 1 0.08949944 0.00529223 0.25107102 0.01058426 0.08849478 1 0.05316251 0.21540805 0.06227355 0.03342990 0.04727570
609,MVI_40772_img00561_jpg.rf.566aac850887792ab4d8c65bde5b0eef,1 0.95883876 0.88104458 0.74458117 0.23499851 0.35959997 1 0.92458856 0.52277365 0.72829843 0.13037720 0.32596731 1 0.91365415 0.66936798 0.54918218 0.10775642 0.19393759 1 0.91288024 0.48628969 0.36723509 0.08108559 0.15639095 1 0.91017383 0.74466095 0.38876979 0.11658745 0.16124444 1 0.90991938 0.62220087 0.36055584 0.08676167 0.14782276 3 0.90935147 0.87501879 0.42020421 0.24668427 0.62163801 1 0.90082341 0.75549603 0.89173336 0.19963951 0.21653308 1 0.14157996 0.73172045 0.01134007 0.03700371 0.02262002 1 0.05523180 0.83731291 0.14659867 0.09143291 0.08156362
610,MVI_40772_img00733_jpg.rf.d9bcb6285103da83af235974915032a6,1 0.96021378 0.88124704 0.74371367 0.23452530 0.36334057 1 0.92930388 0.66806040 0.54750957 0.10631790 0.19365444 3 0.92697251 0.81282921 0.22148939 0.25368881 0.36974400 1 0.92305243 0.52287126 0.72829041 0.13072062 0.32673922 1 0.92115211 0.61878262 0.35349317 0.08497562 0.14339094 1 0.90863150 0.48622947 0.36783872 0.08016548 0.15579777 1 0.90391189 0.75651860 0.89047069 0.20057955 0.21905842 1 0.90360022 0.73637447 0.37503390 0.11173134 0.15469913 1 0.79718411 0.03038067 0.53404078 0.06035889 0.23764563 1 0.74670595 0.96825838 0.29002366 0.06340714 0.15534029 1 0.74128574 0.97237711 0.64016824 0.05524559 0.21485910 1 0.10058642 0.98164358 0.09745095 0.03671264 0.06598239 1 0.05914258 0.73235545 0.01095323 0.03836432 0.02190626
611,MVI_40772_img00777_jpg.rf.1a48fec6843021e6ed50b3c8f6d9dd02,1 0.95592272 0.87571774 0.72598443 0.22854633 0.34661837 3 0.93819910 0.76985555 0.17070421 0.20380774 0.30050557 1 0.92156035 0.52304502 0.72858105 0.13145571 0.32777119 1 0.90876341 0.75203276 0.87679014 0.19953003 0.24571438 1 0.90639073 0.48700352 0.36824710 0.07904472 0.15284972 1 0.90585375 0.69113483 0.27997091 0.08994560 0.12018695 1 0.90266949 0.64742002 0.44928198 0.08953772 0.16174068 1 0.89588445 0.58958278 0.25254505 0.06718559 0.11144352 1 0.89386493 0.93875155 0.54396439 0.12249670 0.23416939 1 0.81916827 0.95852737 0.28596432 0.08280792 0.14500523 1 0.47845152 0.34611402 0.05609240 0.03606806 0.04933408 1 0.35674489 0.20535233 0.07758943 0.03545260 0.04998817
612,MVI_40772_img00891_jpg.rf.9e29c8c49b56de2aece1edabcbf3be65,1 0.94185328 0.83062689 0.59704947 0.17340007 0.25373487 1 0.93075764 0.52202282 0.68168077 0.11989594 0.29988136 1 0.92555922 0.64463243 0.51510019 0.11689749 0.20708122 1 0.91532445 0.70715637 0.31047037 0.09502296 0.12913032 1 0.91189909 0.17135613 0.34025710 0.10380273 0.13724771 1 0.91152334 0.88329620 0.39718032 0.13795853 0.17038031 1 0.90777826 0.48673353 0.36970050 0.07931290 0.15277858 1 0.89509410 0.57450342 0.22460725 0.06391754 0.09841747 1 0.88138968 0.71611009 0.16532531 0.06853495 0.08484635 1 0.87063271 0.32207823 0.22115937 0.06570587 0.10622004 1 0.85252583 0.54892797 0.12336603 0.03942394 0.06940455 1 0.85240430 0.95850525 0.28697796 0.08274345 0.12583838 1 0.84202904 0.32560961 0.12479953 0.04201026 0.06377175 1 0.84112394 0.23531764 0.16862273 0.05582247 0.07466598 1 0.81121594 0.24116488 0.10870759 0.04497666 0.05630222 1 0.80033833 0.58034883 0.06643065 0.03838396 0.05812397 1 0.78413397 0.02585319 0.32253354 0.05170617 0.12188134 1 0.74907738 0.38271008 0.07121085 0.03508072 0.05313914 1 0.73663288 0.30045366 0.08546971 0.03776693 0.05251789 3 0.72754216 0.64207644 0.04285726 0.08179655 0.08487853 1 0.58989167 0.98483982 0.24069560 0.03017120 0.11645436 1 0.43718463 0.19625455 0.07291085 0.04654391 0.04841094 2 0.15480314 0.80234299 0.06388132 0.06762161 0.05236658 1 0.12833735 0.27741313 0.05491823 0.02671347 0.04057052 1 0.12600213 0.35667901 0.04507037 0.03230753 0.04064109 1 0.11075379 0.24097245 0.07318267 0.03101897 0.03664504 1 0.10927066 0.44067049 0.04445271 0.03413162 0.06186168 1 0.09837609 0.80246029 0.06381260 0.06764603 0.05308399 1 0.06521522 0.53205271 0.03429429 0.03088322 0.04870699
613,MVI_40772_img00911_jpg.rf.42af6632716400a3c538661544e1f4c5,1 0.93524259 0.73442850 0.84139268 0.20213032 0.31721444 1 0.93220067 0.52193909 0.66800518 0.12183437 0.29264584 1 0.91947120 0.83578463 0.32288423 0.11141567 0.13912878 1 0.91799629 0.93109669 0.87542467 0.13780642 0.24915046 1 0.91362971 0.61048942 0.38038540 0.08988314 0.15303602 1 0.90961099 0.77607450 0.47218695 0.13761959 0.19291306 1 0.90676606 0.28346219 0.32081037 0.08725128 0.14315081 1 0.90165699 0.68517995 0.25785813 0.08193989 0.11225262 1 0.90048438 0.48723936 0.37191849 0.07875538 0.15264568 1 0.88967383 0.19624040 0.22294226 0.07030444 0.09575062 1 0.86970383 0.67887564 0.11881911 0.05576687 0.07370012 1 0.86596811 0.22764406 0.13009565 0.04839487 0.06002636 1 0.86168665 0.30137274 0.17791371 0.05229716 0.07792344 1 0.85396618 0.55814219 0.16556830 0.05192986 0.08192067 1 0.84323543 0.95865993 0.28819838 0.08242378 0.13487272 1 0.84278989 0.37236259 0.10253151 0.04058280 0.06354608 1 0.82769150 0.04385719 0.63648839 0.08707083 0.28797951 1 0.82449424 0.54076042 0.09234139 0.03324299 0.05786135 1 0.79205412 0.29243164 0.10785805 0.03866529 0.06187274 1 0.46220610 0.34900422 0.06173637 0.03514614 0.05146148 3 0.44963157 0.62677674 0.03110980 0.06903162 0.06185076 1 0.44306332 0.18309573 0.08026353 0.05421755 0.04688284 1 0.41048715 0.30945168 0.06503182 0.03238392 0.04653237 1 0.38628516 0.78730502 0.06443713 0.06835241 0.05310950 1 0.37398520 0.26960235 0.06189988 0.02926702 0.04437494 1 0.34485704 0.44238853 0.05303401 0.03401890 0.05793130 1 0.27216431 0.56702738 0.04630412 0.03379021 0.04833434 1 0.16361013 0.23265002 0.08625639 0.02949238 0.04009026 1 0.06893903 0.30196190 0.06957528 0.03414617 0.04503773 1 0.05995996 0.00960268 0.17786498 0.01895057 0.07594242 1 0.05757573 0.28582900 0.08103207 0.03514500 0.04524560
614,MVI_40773_img00157_jpg.rf.fc9abb2f516c133a176c556f446814bb,1 0.93139666 0.49640341 0.54378071 0.10662079 0.23155041 1 0.92751151 0.49704695 0.87519600 0.18181248 0.24960780 3 0.91823024 0.21280077 0.18269254 0.18453956 0.27742107 1 0.90127063 0.49002562 0.36316624 0.07848234 0.15277977 1 0.86527282 0.46175709 0.14032372 0.05677605 0.07596858 1 0.82692701 0.46349854 0.07381771 0.05406237 0.07383820 1 0.81752616 0.65598702 0.05734087 0.04183550 0.06696732 1 0.17043990 0.44931550 0.02157120 0.04931736 0.04314219 1 0.09143779 0.00834739 0.21893895 0.01617299 0.08346415
615,MVI_40773_img00420_jpg.rf.a3dc98662418453e989a5f886dbf26ba,1 0.92175758 0.74867082 0.35216219 0.10862627 0.14697585 1 0.91517538 0.09417210 0.64308758 0.18808308 0.37708836 1 0.91036904 0.49379663 0.81711941 0.16533127 0.36576098 1 0.90481067 0.49222975 0.38719821 0.08242064 0.16008396 1 0.87315416 0.47998452 0.23159611 0.05842705 0.10222502 1 0.84790492 0.46307316 0.14086637 0.05697336 0.07959404 1 0.81707013 0.46708975 0.07220189 0.04955349 0.07186197 1 0.27012366 0.56652508 0.00527019 0.03050613 0.01036062
616,MVI_40773_img00607_jpg.rf.98d20c7f04730bb2bfc8996cd32190cc,1 0.91368395 0.74151540 0.33158305 0.10563917 0.14389443 1 0.90833402 0.69398336 0.62015314 0.15137339 0.28094234 1 0.89864117 0.50362215 0.45815791 0.10705357 0.21366179 1 0.87282532 0.61954613 0.09255081 0.09379320 0.06084785 1 0.85404050 0.45631790 0.22657409 0.07166557 0.10434970 1 0.85186297 0.23112996 0.14309044 0.08595939 0.06612797 1 0.84144521 0.49164610 0.94200749 0.17711449 0.11598482 1 0.83814847 0.78996124 0.08352143 0.11386890 0.07647209 1 0.83251810 0.39713578 0.13850796 0.08095779 0.07705870 1 0.77779901 0.16256781 0.13161263 0.07979336 0.05603380 0 0.58214539 0.48080506 0.04692437 0.11548109 0.09322718 1 0.35702977 0.48149009 0.04668661 0.11341419 0.09337302 1 0.18780062 0.73480015 0.00564621 0.04683781 0.01095700 1 0.14609784 0.97590475 0.02818812 0.04819030 0.05637604 1 0.07808949 0.50584040 0.04382486 0.06622543 0.08764951 1 0.07556780 0.78474073 0.00663429 0.05970440 0.01315048 1 0.05773398 0.50002947 0.01231038 0.07017746 0.02462056
617,MVI_40773_img00841_jpg.rf.469cbbb02682127db8e0e07df11d646c,1 0.93611395 0.67884665 0.58602343 0.14873943 0.27250423 1 0.91905111 0.50279841 0.81595554 0.14919672 0.36808872 1 0.91356283 0.74086084 0.32902279 0.10303459 0.14389591 3 0.90409261 0.88453333 0.38483143 0.22999530 0.54167328 1 0.89736575 0.62623472 0.33607914 0.08816061 0.14953828 1 0.89290041 0.94505653 0.89054232 0.10911827 0.21799641 1 0.87102741 0.47762699 0.37813501 0.09587936 0.19850788 1 0.82518494 0.47455397 0.23953934 0.07046337 0.10383806 1 0.80016232 0.82477636 0.07215594 0.09640121 0.06560609 1 0.70874989 0.02265218 0.50474215 0.04530416 0.14934597 1 0.62911463 0.02540701 0.13519738 0.05074286 0.07776747 1 0.48986191 0.44716721 0.02050099 0.03249416 0.04100178 1 0.33972386 0.41005077 0.01471929 0.03209076 0.02943839 1 0.31108412 0.36956077 0.02001962 0.03340082 0.04003904 1 0.18094143 0.73747368 0.00465320 0.04381371 0.00928824 1 0.05704920 0.25624928 0.09204276 0.04747677 0.05586014
618,MVI_40773_img00969_jpg.rf.d20653d33f4921c74f6e45aa9e55e7ee,2 0.96192223 0.48192692 0.76315341 0.15989809 0.47369298 1 0.92697299 0.65942392 0.53562822 0.13150415 0.24872017 1 0.91602099 0.73808541 0.33754196 0.10189867 0.14283304 3 0.91462535 0.88335686 0.39284966 0.23172550 0.54514194 1 0.91004664 0.83743858 0.58456597 0.17055664 0.24084024 1 0.90873903 0.49287505 0.42480632 0.08924875 0.17036626 1 0.89080316 0.62346487 0.34316583 0.08656902 0.14992189 1 0.88200969 0.37850661 0.14877063 0.08622799 0.09415376 1 0.86853182 0.26940908 0.13533200 0.07819138 0.06931553 1 0.84908694 0.75000877 0.07633508 0.09942741 0.06322323 1 0.78297788 0.77935705 0.94679513 0.20347786 0.10640955 1 0.47358376 0.36672692 0.02367045 0.03872242 0.04734070 1 0.40493008 0.33274899 0.01999723 0.03295498 0.03999427 1 0.36756384 0.40779281 0.01745306 0.03480740 0.03477491 1 0.19781913 0.56543388 0.00461446 0.04937115 0.00922872 0 0.12168989 0.40472755 0.07206301 0.04478378 0.07491615
619,MVI_40774_img00078_jpg.rf.296f3a97c157136d99548e5ea7c0bfa5,1 0.91638404 0.76625772 0.44120073 0.12658644 0.17305555 1 0.91399604 0.63368859 0.39303350 0.09225073 0.15341473 1 0.86942047 0.70270238 0.11256952 0.09586897 0.06744757 2 0.76569259 0.33788009 0.07019991 0.08715343 0.06056168 1 0.70655519 0.91853962 0.11413831 0.11203690 0.06791005 1 0.44110134 0.59441752 0.04502910 0.04282312 0.05303483 1 0.05644565 0.97973475 0.06008178 0.04053030 0.05253428
620,MVI_40774_img00188_jpg.rf.bad49f7769f34e69948d5d61895c005b,1 0.93129188 0.74779811 0.84732571 0.17367849 0.30528049 1 0.91120839 0.74804087 0.40171195 0.11354542 0.16035020 1 0.88964599 0.62710791 0.37319012 0.08929100 0.14972267 1 0.80860591 0.96625366 0.21031380 0.06698914 0.09995923 2 0.80659211 0.43776722 0.05043140 0.07305927 0.05795521 1 0.63265991 0.70249414 0.08995070 0.08763618 0.06619351 1 0.23398121 0.97812333 0.05871708 0.04375314 0.05003523 1 0.18397939 0.98553319 0.73844771 0.02893343 0.28083220 1 0.05488169 0.98661432 0.63985310 0.02668400 0.38790016
621,MVI_40774_img00208_jpg.rf.290c0535a70d3139670dbe312a8592ed,1 0.93034500 0.62694159 0.37374849 0.08899250 0.14836140 1 0.92432743 0.70236654 0.67972002 0.12964687 0.23615761 1 0.91120946 0.74821501 0.40265102 0.11451263 0.16068430 2 0.79829353 0.45395975 0.04969662 0.06614227 0.05730108 1 0.76143473 0.96922216 0.18378692 0.06060238 0.08794236 3 0.72052711 0.95183511 0.58660560 0.09632958 0.57290792 1 0.68974721 0.73467579 0.09379218 0.09041920 0.06774954 2 0.31096628 0.73292542 0.09449756 0.09119644 0.06845621 1 0.10932869 0.55959663 0.01537976 0.03934097 0.03075933 1 0.05762823 0.97828955 0.06064837 0.04342070 0.05110762
622,MVI_40774_img00286_jpg.rf.01ff54db0f1b38fb81d8ec83085588fd,1 0.92097026 0.74913344 0.40308962 0.11814718 0.16065207 1 0.91800624 0.62601070 0.37435009 0.08818283 0.14737201 1 0.91094011 0.67268867 0.56193795 0.10886650 0.19159622 3 0.84048200 0.90155511 0.46821585 0.19688958 0.57299824 1 0.72924924 0.82374105 0.10235395 0.09111919 0.07065030 1 0.09122936 0.00824819 0.21793807 0.01649619 0.07128358
623,MVI_40775_img00395_jpg.rf.69231bf1cade1bb1d6ae498b28f0ed03,1 0.91549647 0.52258358 0.63335800 0.11606789 0.27229385 3 0.90708250 0.19610312 0.16847675 0.14218030 0.21858068 1 0.89475316 0.48969102 0.36863527 0.07873020 0.15180063 1 0.89332849 0.49471941 0.91087174 0.16657295 0.17825632 1 0.88965911 0.60066667 0.28568254 0.07483244 0.12433348 1 0.87329543 0.60662169 0.12050979 0.04942513 0.07055047 3 0.85430467 0.82329893 0.32050099 0.30008507 0.56210699 1 0.83631587 0.07039285 0.23823166 0.05998216 0.08777646 1 0.83411694 0.52585602 0.08011555 0.04230604 0.06593115 1 0.80395901 0.46367655 0.07979659 0.05256844 0.07306178 1 0.75917339 0.55161757 0.04695169 0.03783026 0.05279565 3 0.74949646 0.23174229 0.39283261 0.27252196 0.54536943 1 0.72161198 0.61074457 0.05182957 0.04187164 0.05727252 1 0.55197185 0.02063482 0.49590892 0.04102333 0.21519358 1 0.46359977 0.35562091 0.05281137 0.03881540 0.05119958 1 0.38897267 0.78570242 0.05982158 0.05561314 0.05251361 1 0.38530678 0.35416036 0.09584582 0.04365721 0.05682113 0 0.14220485 0.21847301 0.41765804 0.22734365 0.51152258 1 0.12518293 0.98181477 0.28850508 0.03631878 0.13303337 1 0.11036736 0.11534109 0.70118232 0.15600577 0.12450447 1 0.05776913 0.02182819 0.53689637 0.04365618 0.38208551 1 0.05226477 0.14909332 0.15072484 0.05346122 0.05734172
624,MVI_40775_img00584_jpg.rf.fdc99f1a303b8bb0fbce2a569d1e5e6e,1 0.90515333 0.48885632 0.36679475 0.08131428 0.15234227 1 0.90322918 0.49801807 0.59074688 0.11032648 0.25216045 1 0.88280731 0.49518890 0.18500410 0.06780539 0.08996809 3 0.84575403 0.27355847 0.07297244 0.10134296 0.14128242 1 0.82519484 0.37052910 0.11221986 0.04486747 0.07039600 1 0.81978625 0.46469069 0.07789065 0.05358353 0.07384906 1 0.24993734 0.96016412 0.27705250 0.07967157 0.14023561 1 0.15525649 0.56121731 0.00745233 0.04127388 0.01490446 1 0.10292233 0.45656309 0.01604367 0.03845005 0.03208714 1 0.10180695 0.00612894 0.22727435 0.01224901 0.09228868 1 0.06148020 0.17801926 0.05977381 0.04677863 0.05619245 1 0.05209216 0.75243363 0.05429813 0.06125078 0.05122540
625,MVI_40775_img00675_jpg.rf.3fee304276ea8685ccc2cc1ecf91d0a0,1 0.90891367 0.49701972 0.54849062 0.10347843 0.22746716 1 0.90280241 0.82930431 0.56339302 0.16670780 0.24395142 1 0.90109456 0.48974524 0.36648507 0.08077717 0.15064650 3 0.86854517 0.10212638 0.35751243 0.20294929 0.49871073 1 0.86733830 0.46331372 0.14613595 0.05898972 0.07079446 1 0.83013189 0.46493273 0.07866462 0.05243645 0.07294804 1 0.75879890 0.94280148 0.18230479 0.05861244 0.09057202 1 0.62934113 0.66554985 0.03913231 0.05537415 0.05108423 1 0.42901701 0.98099670 0.31541085 0.03800640 0.14002771 1 0.28781551 0.72779145 0.03574818 0.07521238 0.04842714 1 0.17803614 0.20828466 0.06939694 0.03965778 0.04465575 1 0.11163807 0.12965394 0.08857757 0.05786917 0.05153646 1 0.09503610 0.45702477 0.01603815 0.04115324 0.03207609 1 0.05815946 0.93705301 0.05609427 0.08837872 0.05736614
626,MVI_40775_img00709_jpg.rf.031d77445c54c39fcef0311ce0d8380f,1 0.90964997 0.49695148 0.54939308 0.10460014 0.22776012 1 0.90444803 0.48961949 0.36606841 0.08124952 0.15110264 1 0.90061593 0.65363841 0.21546650 0.07517481 0.10181017 1 0.84675640 0.46288176 0.14677460 0.05792065 0.07104445 1 0.82965332 0.95922432 0.14344146 0.06330948 0.07423706 1 0.81481725 0.46267905 0.07785816 0.05459976 0.07431686 3 0.80026489 0.29191642 0.06112182 0.07964706 0.11833434 1 0.79315352 0.19015708 0.08851390 0.04340949 0.05203109 1 0.78032476 0.96093187 0.24439868 0.07813606 0.11671430 3 0.72609246 0.03946899 0.47406186 0.07893777 0.43592017 1 0.45578590 0.63355632 0.03506693 0.05056190 0.04624515 1 0.39300081 0.01126396 0.20956139 0.02252772 0.08573772 2 0.31170198 0.87455311 0.05788116 0.08807869 0.05539926 1 0.14051612 0.87437134 0.05948429 0.08754826 0.05566661 1 0.12639181 0.39352775 0.04377779 0.03441963 0.05050465 1 0.06628357 0.57693906 0.00947397 0.04764395 0.01890343
627,MVI_40775_img00828_jpg.rf.10fd4779c6ecbddcb89f545e4d2c8c54,1 0.92670256 0.49625731 0.54408674 0.10623856 0.22959757 1 0.92536062 0.49551034 0.87478697 0.18588076 0.25042586 1 0.90582412 0.48951540 0.36286275 0.08009777 0.15219216 1 0.86574006 0.58963261 0.20767357 0.06746197 0.10299420 1 0.83711427 0.46267157 0.14192818 0.05714531 0.07433736 1 0.80688447 0.46361952 0.07619403 0.05644045 0.08102367 1 0.59436756 0.95782614 0.21007094 0.08405018 0.10508434 1 0.57979286 0.63953085 0.02526965 0.05179768 0.04973946 1 0.26536238 0.01248721 0.31135459 0.02484857 0.11008339 1 0.19419867 0.57368469 0.01143557 0.03328457 0.02287095 1 0.13426794 0.73698211 0.00864061 0.03664560 0.01728102 1 0.12617305 0.45765548 0.01460710 0.04387093 0.02921401
628,MVI_40775_img00853_jpg.rf.f6a7ea7a426352c94dfe0444cc70d56b,1 0.92163569 0.49652958 0.87623777 0.18418312 0.24752426 1 0.91631448 0.49648490 0.54696498 0.10645027 0.22756758 1 0.90172547 0.48943777 0.36458395 0.08131790 0.15054803 1 0.87317848 0.46450176 0.14438226 0.05282011 0.07212496 1 0.84525901 0.55104828 0.10827980 0.05108070 0.07422104 1 0.83125556 0.46432805 0.07765762 0.05253725 0.07636354 1 0.76685667 0.94494762 0.17588129 0.06953087 0.09448419 1 0.29411864 0.60880570 0.01905183 0.03940840 0.03810346 2 0.20503011 0.35348125 0.04687033 0.03903537 0.06372492 1 0.09398602 0.45649247 0.01620573 0.03952866 0.03241126 1 0.08239545 0.35399678 0.04694968 0.03885608 0.06533388 1 0.06275782 0.00434850 0.21821737 0.00869681 0.10208368 1 0.05618719 0.56774149 0.00783287 0.02798195 0.01565186
629,MVI_40792_img00072_jpg.rf.cc9b34b64de6654aba45ebb0750bdaee,1 0.91419643 0.65265527 0.28390241 0.10874033 0.13079338 1 0.90708554 0.18476357 0.91174164 0.35873613 0.17651653 1 0.89588630 0.91885805 0.24048167 0.10105419 0.10387563 1 0.87863880 0.21720652 0.22355542 0.10907422 0.09188118 1 0.87354684 0.56072912 0.14361589 0.09001789 0.07592006 0 0.84963131 0.83141501 0.12060876 0.10564151 0.19292502 1 0.81499624 0.28932333 0.13664025 0.10411787 0.06846337 1 0.80989993 0.09771911 0.21022163 0.10051801 0.08736962 1 0.54233170 0.69957519 0.10689959 0.07535248 0.06874705 1 0.24545212 0.90388374 0.12803560 0.05818939 0.08075938 1 0.12459924 0.56360493 0.09817526 0.06264629 0.06389883 1 0.12040544 0.61988974 0.08618302 0.03995504 0.04925779 1 0.08809726 0.97624283 0.06127880 0.04662132 0.07867272 1 0.06082356 0.92753525 0.09310584 0.05254555 0.06231661
630,MVI_40792_img00265_jpg.rf.160dfd01317a6bdfb3b8d6f1d6f20803,1 0.92383617 0.55096331 0.66052532 0.22296867 0.22986069 1 0.86823070 0.65921755 0.24399540 0.07564192 0.10669870 1 0.82732677 0.27130160 0.14909599 0.10949879 0.06462002 0 0.66123939 0.90623336 0.19392842 0.18753308 0.25741546 1 0.62921876 0.56134129 0.10764368 0.05826950 0.06951816 1 0.51418948 0.17619106 0.16906863 0.08896401 0.06394770 2 0.22306815 0.96165419 0.07500930 0.07488880 0.07656499 1 0.17066337 0.66230145 0.11327848 0.07362843 0.07781324 1 0.11175061 0.96772366 0.21202309 0.06455231 0.10570602 1 0.10167844 0.90445328 0.28113451 0.13148117 0.10108099 1 0.06554546 0.90487061 0.14995105 0.06805725 0.06944003
631,MVI_40792_img00312_jpg.rf.3427215ff47bae00f8ebd78f3f250443,1 0.92808247 0.55097265 0.66267352 0.22263203 0.23061209 1 0.89607424 0.58694439 0.20612039 0.10299463 0.09697324 1 0.88338965 0.95353837 0.21976175 0.09292306 0.10756589 1 0.80723745 0.24524035 0.15165868 0.11134148 0.06744184 1 0.63036835 0.88994293 0.17004753 0.07395000 0.08378379 1 0.62015921 0.91541500 0.10884883 0.06468620 0.08682399 1 0.45934373 0.96224127 0.08868963 0.04970207 0.07041396 1 0.25260210 0.56071243 0.11098211 0.06314259 0.06909304 1 0.22711249 0.98456959 0.49808068 0.03086062 0.12816391 1 0.17716008 0.88272448 0.04694292 0.05342579 0.05449448 1 0.14452569 0.98746428 0.47630234 0.02507124 0.20379896 1 0.07136299 0.60367403 0.13175956 0.05845251 0.06557400 1 0.07026362 0.81913939 0.10843944 0.07473812 0.08803645
632,MVI_40792_img00581_jpg.rf.30216136de20c7f58df100d663a2e120,1 0.94671607 0.55268221 0.67071037 0.22224636 0.22665920 1 0.77595848 0.71535521 0.12020679 0.07064400 0.06852968 1 0.58353430 0.56739845 0.11862419 0.06219759 0.06867857 1 0.42696756 0.87594280 0.09531281 0.08002396 0.08767929
633,MVI_40792_img00660_jpg.rf.12cd1eac8deb0c2fc186212ba2a9e2c5,1 0.94188547 0.55250692 0.67155590 0.22198153 0.22912731 1 0.82246703 0.03964852 0.22253833 0.07921815 0.08649120 1 0.75579053 0.56937332 0.12069719 0.07136984 0.06343470 1 0.46996304 0.98616066 0.37543848 0.02756538 0.19967761 1 0.36378804 0.71692505 0.12142541 0.06803083 0.07195697 1 0.14973907 0.87744598 0.09719052 0.07483597 0.08796726 1 0.13889728 0.83474865 0.10982831 0.11573410 0.10185093
634,MVI_40792_img00784_jpg.rf.629f11040b7b9fcfba81258e85480dd7,1 0.93792409 0.55482368 0.68031383 0.22374458 0.22845678 1 0.72242546 0.71637683 0.13055034 0.06740665 0.07053942 1 0.72134769 0.02748825 0.40621028 0.05473426 0.17811995 1 0.64128131 0.12642177 0.21060520 0.11248896 0.06802596 1 0.44890019 0.57264838 0.12805252 0.07395573 0.07085410 1 0.06328873 0.92398491 0.06824467 0.05126343 0.06016381
635,MVI_40792_img00832_jpg.rf.fad0e5be1513d315349f8b4baa1c9944,1 0.94124532 0.55501947 0.68301954 0.22431393 0.22716694 1 0.83209819 0.71706233 0.13260476 0.06750937 0.07000051 1 0.81973654 0.34256968 0.20904213 0.12454634 0.07105969 1 0.74314940 0.57187595 0.13040397 0.07360954 0.06945477 1 0.47183993 0.03331372 0.21577556 0.06641775 0.07053604 1 0.15396941 0.84333487 0.11534287 0.14601307 0.10092795 1 0.05510797 0.67561674 0.12198751 0.04695377 0.06302857
636,MVI_40792_img01173_jpg.rf.6fe3e45ec2745fb6198f364394cf2598,1 0.94063240 0.55532289 0.70165558 0.22281294 0.22758465 1 0.93867606 0.77503901 0.73708773 0.22092743 0.24766026 1 0.91745013 0.44685225 0.62008801 0.22205210 0.20075703 1 0.80325609 0.71512928 0.14704978 0.06831989 0.06941242 1 0.78787178 0.56878433 0.14698846 0.07238026 0.06674781 1 0.75482148 0.66315923 0.14297500 0.05419674 0.06362286 2 0.70456010 0.93639946 0.26776984 0.12486038 0.12372026 1 0.42126361 0.93596954 0.26701760 0.12588120 0.12361155 1 0.37086764 0.08813151 0.20378647 0.10127300 0.06169677 1 0.17841528 0.91592827 0.90747351 0.15956459 0.18505278 1 0.09781659 0.92803078 0.14006385 0.06831627 0.07404778
637,MVI_40792_img01233_jpg.rf.8db5be57c74d2a06169492835e290db2,1 0.94338745 0.55515609 0.70135813 0.22427435 0.23135929 1 0.93775201 0.77522206 0.73491378 0.22158899 0.24815493 1 0.91297740 0.44696981 0.62040386 0.22228467 0.20290871 1 0.83747673 0.56796379 0.14633801 0.07174873 0.06714935 1 0.83707857 0.71585932 0.14609237 0.06954994 0.06928849 1 0.79259723 0.66421747 0.14137404 0.05611744 0.06446891 1 0.77000487 0.14143485 0.22694988 0.10997441 0.07539407 1 0.26726621 0.08456442 0.20202043 0.08664320 0.06124659 1 0.11702998 0.83897648 0.13043687 0.13905621 0.11144376 1 0.09537649 0.92800617 0.13828632 0.07070007 0.07779384 1 0.06270842 0.21640267 0.98034301 0.32295122 0.03931379
638,MVI_40792_img01309_jpg.rf.2a2fe10f65c50f120a57e2f972bdc462,1 0.94552130 0.55270000 0.69870844 0.22780600 0.22313004 1 0.93558264 0.77480021 0.73683901 0.22167187 0.24869385 1 0.91803521 0.29595695 0.89847603 0.33649111 0.20304775 1 0.91719431 0.14342666 0.86488447 0.28685312 0.26894817 1 0.91457379 0.44660711 0.61972837 0.22209845 0.20006294 1 0.86134052 0.51003561 0.21164727 0.12331467 0.08750806 1 0.85001463 0.71525888 0.14710637 0.06960468 0.06773107 1 0.82453632 0.56849527 0.14718215 0.07284298 0.06300812 1 0.77478552 0.66425858 0.14311659 0.05555811 0.06006055 1 0.71250457 0.25545774 0.23364840 0.10910087 0.07628932 1 0.37122223 0.82138453 0.14114330 0.10271339 0.09880688 1 0.28486288 0.07235896 0.20848088 0.08700691 0.07516360 1 0.21672341 0.92844038 0.13887935 0.07155972 0.07570300 1 0.18590686 0.91677895 0.90780949 0.15765686 0.18438082 1 0.05319703 0.78885641 0.12656616 0.07014046 0.07469652
639,MVI_40792_img01341_jpg.rf.52b5f97e7b4c6e0d611282b46343a4fe,1 0.94754046 0.55226989 0.69893723 0.22613726 0.22298107 1 0.93930596 0.30362470 0.89623699 0.32815099 0.20629139 1 0.93716460 0.77472582 0.73634410 0.22070198 0.24442453 1 0.91840458 0.15624766 0.84787962 0.31151381 0.28346553 1 0.91663069 0.44642467 0.62076488 0.22294846 0.20032091 1 0.86284930 0.67074523 0.20362130 0.12607050 0.09175547 1 0.84456491 0.39637198 0.22648232 0.12185001 0.07556896 1 0.77945352 0.56852465 0.14513947 0.07444267 0.06658847 1 0.76036698 0.66215916 0.14213570 0.06286716 0.06675351 1 0.75719875 0.71493087 0.14676399 0.06964865 0.06696501 1 0.38631600 0.91573410 0.90775723 0.15528870 0.18448534 1 0.26078400 0.92828588 0.13823829 0.07070866 0.07305217 1 0.09158415 0.34643807 0.20440382 0.04517460 0.05294458
640,MVI_40792_img01658_jpg.rf.fa8a005139df85721689709a95eca44e,1 0.94529110 0.55513992 0.70304918 0.22567272 0.22578144 1 0.93396640 0.30280227 0.89938145 0.33339263 0.20058746 1 0.93085951 0.77641153 0.74106636 0.22113819 0.25020638 1 0.91774011 0.15747119 0.85141048 0.31494218 0.28060150 1 0.91357112 0.44683237 0.62614260 0.22207813 0.20307312 1 0.83532971 0.94186826 0.36566892 0.11626329 0.13065319 1 0.81128532 0.71640639 0.15042298 0.07269764 0.06674724 1 0.77097750 0.36583200 0.19488864 0.09512548 0.06992784 1 0.74021548 0.66606755 0.14485872 0.05798960 0.06774969 1 0.71436578 0.57068071 0.14887369 0.06764030 0.06647701 1 0.27145186 0.91571217 0.90816040 0.15970802 0.18367900 1 0.19367813 0.92953854 0.14160912 0.07152786 0.07283998 1 0.09073447 0.82415638 0.38947611 0.07155056 0.10065804
641,MVI_40792_img01748_jpg.rf.c0d44b0a599173283b180982ed1b5dbe,1 0.94622314 0.55537291 0.70343189 0.22565727 0.22511501 1 0.93514699 0.30282244 0.89944410 0.33392717 0.20092678 1 0.93217051 0.77710257 0.74121346 0.22311897 0.25038881 1 0.91472328 0.44684018 0.62584562 0.22219031 0.20232182 1 0.90639192 0.58972826 0.42437272 0.17173424 0.16775656 1 0.90477180 0.15826631 0.85326025 0.31653242 0.27990947 1 0.85446829 0.12368751 0.74552135 0.24737482 0.25901203 1 0.82441670 0.71678686 0.15068846 0.07234364 0.06589966 1 0.78186578 0.21192769 0.21557417 0.11163665 0.06975393 1 0.74866951 0.56812763 0.15076157 0.07269363 0.06738534 1 0.71980870 0.66558151 0.14572468 0.06045732 0.06775188 1 0.29345676 0.91792383 0.90849762 0.15350800 0.18289452 1 0.11021843 0.01908593 0.29512134 0.03798066 0.12413931 1 0.07995803 0.93132010 0.14338892 0.06559238 0.07305634
642,MVI_40793_img00032_jpg.rf.d7b61a08f1c0de5d92ad257b6f0b444c,1 0.94435155 0.55498581 0.70399089 0.22619381 0.22538233 1 0.93742633 0.30258543 0.89945815 0.33370128 0.20024638 1 0.93357497 0.77623148 0.73991280 0.22142429 0.25096245 1 0.91869253 0.44744158 0.62446012 0.22254410 0.20105000 1 0.91597831 0.15703821 0.85036848 0.31386166 0.27798352 1 0.91103035 0.24455173 0.63219862 0.24555230 0.19299107 1 0.87577176 0.13498381 0.26502416 0.10765195 0.09165125 1 0.75530082 0.66560059 0.14564524 0.05633259 0.06667824 1 0.71640837 0.56877232 0.14998252 0.07267342 0.06767879 1 0.51281673 0.71319833 0.15046337 0.06747770 0.06677418 1 0.16645326 0.91774836 0.90631699 0.15766411 0.18736582
643,MVI_40793_img00182_jpg.rf.da2d2b11ce6adf359fbb2f1d6c81f5e7,1 0.94120866 0.55578794 0.70416493 0.22537422 0.22471228 1 0.93335152 0.30234203 0.89902341 0.33424817 0.20091138 1 0.92942131 0.77632117 0.74210668 0.22097025 0.25255899 1 0.91900039 0.15766489 0.85242262 0.31532957 0.27943192 1 0.91741067 0.44786830 0.62550526 0.22345266 0.20114460 1 0.91079682 0.24389679 0.63310013 0.24638429 0.19581947 1 0.90784442 0.16820018 0.39338870 0.12802539 0.15115061 1 0.85327250 0.51137838 0.94180979 0.29416714 0.11638022 1 0.74033445 0.57035818 0.15029144 0.07121468 0.06830797 1 0.70234925 0.02787512 0.81054182 0.05558895 0.18808346 1 0.60461736 0.66802444 0.14522690 0.05976162 0.06922774 1 0.50892854 0.71746879 0.15088005 0.07095814 0.06741786 1 0.10726092 0.91526337 0.90834651 0.16028233 0.18330678
644,MVI_40793_img00222_jpg.rf.87890ce7265349c3936cd36f62c0a105,1 0.94810474 0.77674727 0.74551373 0.22120161 0.24973907 1 0.94485563 0.55558348 0.70665917 0.22533102 0.22394857 1 0.92752504 0.30241873 0.89986382 0.33438497 0.19822197 1 0.92353249 0.15744486 0.85627241 0.31488952 0.27818241 1 0.92304349 0.44716396 0.62900066 0.22337532 0.20292854 1 0.90905905 0.24452056 0.63748846 0.24611436 0.19532166 1 0.84140164 0.51233735 0.94306645 0.29283447 0.11386690 1 0.72504050 0.02871443 0.81007025 0.05730221 0.18561854 1 0.65829396 0.71821175 0.15538466 0.06789036 0.06914005 1 0.63903618 0.66862192 0.14996481 0.05809250 0.06829519 1 0.60322857 0.57112436 0.15512811 0.07233934 0.06941335 1 0.27135831 0.91435289 0.91013231 0.16640167 0.17973518
645,MVI_40793_img00275_jpg.rf.1007083fd48c7e4a78b0c667b901323a,1 0.94413942 0.55537200 0.70446987 0.22578974 0.22579269 1 0.93444395 0.30290463 0.89893761 0.33356910 0.20057907 1 0.93259853 0.77576623 0.74191442 0.22066298 0.25416059 1 0.92214119 0.15724999 0.85279474 0.31449978 0.28017902 1 0.91886711 0.44673400 0.62565985 0.22212667 0.20156555 1 0.90637213 0.24379308 0.63359423 0.24597702 0.19394798 1 0.85212660 0.50989838 0.94198322 0.29782696 0.11603336 1 0.69205570 0.02843175 0.80947266 0.05670741 0.18854141 1 0.63905728 0.56909275 0.15048325 0.07112026 0.07021604 1 0.63026792 0.66733389 0.14695549 0.05829573 0.06747069 1 0.60686457 0.71644239 0.15203757 0.07063274 0.06784029 1 0.34779224 0.91596661 0.90990677 0.15857582 0.17979469 1 0.08737129 0.92997437 0.14390788 0.07269211 0.07307358
646,MVI_40793_img00313_jpg.rf.e62e70f23a149916e778631bf17debe1,1 0.94599009 0.55473018 0.70162525 0.22588453 0.22487049 1 0.93795753 0.77582283 0.74022841 0.22154484 0.25214758 1 0.93422925 0.30271149 0.89702017 0.33183516 0.20401683 1 0.91639698 0.15691465 0.84963472 0.31382910 0.28366704 1 0.91577929 0.44723430 0.62313800 0.22301388 0.20111427 1 0.91279322 0.24385722 0.63071580 0.24423571 0.19445028 1 0.87799460 0.50712606 0.94042091 0.29894903 0.11895409 1 0.68033814 0.02825150 0.80922499 0.05615226 0.20165424 1 0.63460898 0.57016649 0.14943666 0.07057276 0.06757603 1 0.61799681 0.71661167 0.14942865 0.07298698 0.06936336 1 0.52659023 0.66524668 0.14417329 0.05518284 0.06760082 1 0.15825044 0.92924671 0.14162116 0.07117348 0.07439637 1 0.10316146 0.00745376 0.34292536 0.01464086 0.08168783 1 0.08577911 0.91233425 0.90766353 0.16722069 0.18467274
647,MVI_40793_img00344_jpg.rf.fc71e9af9c32d5d862a69993538ea7ec,1 0.94156522 0.55538445 0.70308447 0.22604370 0.22642288 1 0.93717599 0.30203485 0.89869328 0.33477994 0.20140381 1 0.93063045 0.77628183 0.74113693 0.22021065 0.25226536 1 0.92049176 0.15764666 0.85081301 0.31529312 0.27959309 1 0.91345441 0.44773932 0.62426958 0.22271395 0.20262480 1 0.90944797 0.24563684 0.63202572 0.24714108 0.19526882 1 0.86220068 0.51225282 0.94156918 0.29441545 0.11686144 1 0.68975645 0.02866142 0.80923615 0.05711242 0.19541836 1 0.68136185 0.66784067 0.14543531 0.05905018 0.06763573 1 0.63491809 0.71810913 0.14994301 0.07193699 0.06717041 1 0.36855116 0.57119379 0.14908864 0.07266483 0.07082601 1 0.09396475 0.91593533 0.90675721 0.16100426 0.18648538 1 0.09390464 0.92977266 0.14216099 0.06996956 0.07141290 1 0.08689726 0.00768841 0.34610195 0.01523959 0.07777786
648,MVI_40793_img00552_jpg.rf.0a9f7efa2692a789c08b292a62a2cfd4,1 0.93135619 0.83624220 0.63707929 0.18757057 0.21561785 1 0.92528570 0.62916527 0.60095282 0.17950668 0.20254002 1 0.91051090 0.08363945 0.73613491 0.16727870 0.24287910 1 0.90703511 0.32741218 0.40311451 0.15996599 0.13852301 1 0.90215647 0.54237309 0.54074984 0.19656219 0.18322945 1 0.89687556 0.49982338 0.46656933 0.17778511 0.14267626 1 0.89364558 0.94796400 0.34651747 0.10310059 0.12496786 1 0.87770760 0.64305367 0.24607067 0.10254526 0.11247983 1 0.86237156 0.15277478 0.94142413 0.30488632 0.11715154 1 0.81596410 0.86641073 0.30043497 0.10600071 0.10140638 1 0.81179523 0.55100679 0.18910301 0.08396168 0.07803454 1 0.80587119 0.68536100 0.19055513 0.07113037 0.07456539 1 0.77772880 0.98127718 0.43351321 0.03729248 0.15250769 1 0.77446580 0.82144880 0.23299832 0.06508617 0.09918519 1 0.76148653 0.62654753 0.18303450 0.07142057 0.07554605 1 0.74378169 0.33858414 0.33632658 0.14065847 0.11059375 1 0.73074156 0.50695658 0.17494137 0.07278957 0.06928854 1 0.72285706 0.39090350 0.22887220 0.08887420 0.08127999 1 0.64981735 0.80297508 0.17475934 0.07728615 0.08277063 1 0.64216405 0.34259305 0.27592709 0.11681042 0.08717122 1 0.52903646 0.92119932 0.14366202 0.07041931 0.08546767 1 0.34002158 0.31338177 0.35519490 0.09642038 0.08195281 1 0.15417355 0.98128929 0.10602126 0.03728676 0.06439323 1 0.08561105 0.86053619 0.11535461 0.05537663 0.06688856 1 0.07913446 0.96548290 0.10374462 0.06388264 0.06645909 1 0.06112472 0.91532516 0.07347724 0.05417671 0.05517161 1 0.05266154 0.91588268 0.90926151 0.16329613 0.18147678
649,MVI_40793_img00750_jpg.rf.a33b8ef2f1ddfc864ee083c5535e139e,1 0.93222594 0.51892691 0.57921977 0.20253124 0.18705788 1 0.92720282 0.08541494 0.73533211 0.17082967 0.24811974 1 0.90813065 0.39923568 0.37670026 0.15575323 0.14416485 1 0.90444648 0.91768694 0.55252523 0.16248493 0.19253845 1 0.90339929 0.13405899 0.45045967 0.19095109 0.15380745 1 0.90236676 0.82940245 0.43528271 0.14440918 0.15005398 1 0.89396596 0.75777912 0.37579243 0.12601185 0.13111672 1 0.89335138 0.27758927 0.30100749 0.11063275 0.10284190 1 0.89160901 0.50437951 0.24201829 0.10237951 0.09480295 1 0.88519591 0.63087435 0.25211020 0.10015774 0.09817390 1 0.88475686 0.22227910 0.91755104 0.36653800 0.16455536 1 0.88387579 0.67385535 0.32004232 0.08987398 0.11089268 1 0.85883391 0.39180624 0.30294919 0.12863984 0.11927280 1 0.85329133 0.94827518 0.23347716 0.09768391 0.09273996 1 0.85161150 0.82096825 0.24009240 0.06410503 0.10158849 1 0.81018901 0.62768621 0.17336574 0.07996826 0.07722135 1 0.78015131 0.76479836 0.18522444 0.05957489 0.08180542 1 0.75827783 0.85130978 0.18505605 0.06473541 0.09113863 1 0.75427574 0.63222151 0.21079307 0.08931303 0.07580237 1 0.66255838 0.15491388 0.38429613 0.11454563 0.09916105 1 0.58220571 0.98974108 0.25076327 0.02051764 0.10013003 1 0.52771443 0.97969279 0.11329086 0.04061422 0.07640181 1 0.34650639 0.12523843 0.39838171 0.15314844 0.12452097 1 0.34241626 0.74393511 0.13736433 0.05689297 0.06373217 1 0.32673994 0.09798050 0.42350006 0.10752940 0.08435135 1 0.08040117 0.99450583 0.33902173 0.01098814 0.14842176 1 0.06429650 0.91935406 0.08789662 0.05664139 0.05816910
650,MVI_40793_img00884_jpg.rf.5c3edb6d8f8efdfdafc9c03e34a8df11,1 0.93426830 0.54087887 0.69604387 0.24936123 0.23703785 1 0.93226564 0.57447367 0.50876846 0.18808708 0.15871410 1 0.92339247 0.20478976 0.44135904 0.14862275 0.13876753 1 0.91641581 0.48350458 0.28340409 0.11085815 0.10395927 1 0.91076261 0.08631201 0.72875848 0.17176151 0.25478086 1 0.90586650 0.92269230 0.49427319 0.15231476 0.16959629 1 0.89825386 0.67418308 0.31516626 0.08798838 0.10925703 1 0.89027196 0.93992157 0.32098656 0.11270523 0.13354025 1 0.86432022 0.67798381 0.19222429 0.08623228 0.07994938 1 0.86234939 0.21967449 0.34934101 0.13964902 0.12113829 1 0.83267629 0.81967497 0.23740528 0.06591930 0.10161171 1 0.80090541 0.88489513 0.28115211 0.09280357 0.10055370 1 0.71125138 0.84341908 0.17824486 0.07605171 0.09009249 1 0.62379611 0.03235595 0.94783063 0.06471170 0.10433855 3 0.46487036 0.67205925 0.12319902 0.19464464 0.14981482 1 0.37939894 0.97896814 0.11082351 0.04206352 0.08980780 1 0.07098243 0.81443160 0.12070696 0.07529635 0.08072248 3 0.05282793 0.63080254 0.14599813 0.11570873 0.13107517
651,MVI_40793_img01123_jpg.rf.45506ecedddbeeda84938cb9bfb3b747,1 0.94321859 0.39217560 0.82257996 0.30298162 0.29364796 1 0.91346544 0.93995590 0.32855806 0.11396675 0.12191033 1 0.91266221 0.32337582 0.34541926 0.15902066 0.12419672 1 0.90021515 0.67433109 0.31759052 0.08787861 0.11217537 1 0.89999110 0.79304590 0.65715351 0.20916882 0.24629641 1 0.89974260 0.08718157 0.72565742 0.17376761 0.25793753 1 0.84220511 0.77999783 0.35498002 0.11440849 0.11540475 1 0.79092830 0.81967432 0.23849723 0.06564136 0.10210109 3 0.73473167 0.62669153 0.14129381 0.14772167 0.14184804 3 0.67597938 0.02672075 0.42906647 0.05238310 0.29181662 1 0.51491004 0.99037056 0.22706513 0.01921616 0.09581771
652,MVI_40793_img01193_jpg.rf.55015d8546c73ffe81c01a9c5be9b81c,3 0.93018526 0.31412468 0.25581689 0.31123571 0.25625625 1 0.92192435 0.09661496 0.66972389 0.19094118 0.21930342 1 0.91762096 0.36590781 0.70517683 0.25531597 0.23518124 1 0.89919394 0.72975531 0.51609850 0.16127148 0.17417889 1 0.89640701 0.93510189 0.31748717 0.11867332 0.12275958 1 0.89091110 0.67453070 0.31787300 0.08926039 0.11114864 3 0.88916451 0.59795384 0.17986649 0.25828886 0.24428947 1 0.84662920 0.82018032 0.23822837 0.06315041 0.09952455 1 0.70478952 0.97126546 0.20334200 0.05746889 0.07890378 1 0.09814063 0.85076361 0.18677101 0.05104561 0.09104681 2 0.05407277 0.97109208 0.15938754 0.05781564 0.16346626
653,MVI_40793_img01204_jpg.rf.a78f7f8fa10bded609f5ced7fa8fb16c,3 0.92999613 0.22406149 0.29025946 0.35647202 0.27676915 1 0.92883354 0.47893800 0.61808786 0.22235262 0.20400257 1 0.91788298 0.09667091 0.66364985 0.19105090 0.22048588 3 0.91458815 0.55750732 0.20505788 0.28326950 0.25236130 1 0.89413947 0.67499208 0.31788187 0.08887157 0.11133370 1 0.86536825 0.79986644 0.43721657 0.14095850 0.14090471 1 0.84796363 0.96337509 0.27532330 0.07298584 0.11225462 1 0.83967495 0.82029257 0.23739455 0.06290264 0.09987702 1 0.56558692 0.04411254 0.93245272 0.08822488 0.13509435 1 0.12245519 0.98668132 0.18480568 0.02663717 0.07478881 3 0.06287859 0.89061928 0.08367259 0.10342941 0.15727979 1 0.05548517 0.06516141 0.30927610 0.08019230 0.10574427 1 0.05211776 0.81411343 0.16731327 0.05059605 0.06703086
654,MVI_40793_img01295_jpg.rf.d560f5dab30566c854f1454a6455909c,1 0.94733107 0.32331047 0.74733229 0.27461071 0.24710541 1 0.91430324 0.09688968 0.66297636 0.19377917 0.22346306 1 0.89329356 0.67660408 0.31738949 0.08770466 0.11454563 3 0.86591977 0.68904791 0.14861810 0.20258293 0.18043303 3 0.86037648 0.85713494 0.46016498 0.28572993 0.50549011 2 0.82105231 0.31974385 0.25584104 0.13496022 0.12510581 1 0.76888692 0.82035906 0.23741909 0.06650805 0.09956511 1 0.68572932 0.76303377 0.35630038 0.10394516 0.12105346 3 0.62722403 0.06347067 0.46644163 0.12694114 0.44903145 3 0.56564790 0.08981029 0.36949728 0.17962038 0.28174424
655,MVI_40793_img01313_jpg.rf.25911a49362c720402bd6785d0b2f6fb,1 0.91709656 0.56992702 0.54986506 0.19857559 0.18347244 1 0.91038769 0.09680152 0.66202154 0.19360284 0.21890354 1 0.89312077 0.67543430 0.31442432 0.08843822 0.11322279 3 0.88148445 0.64543877 0.16485944 0.25765953 0.20984640 3 0.85350513 0.91460209 0.37515711 0.16848183 0.39809009 1 0.72975683 0.82902498 0.23834453 0.08627033 0.10856875 1 0.72782338 0.03400402 0.22868891 0.06800784 0.08249211 2 0.68384439 0.19776480 0.29831343 0.15578294 0.14034204 1 0.40473831 0.19777694 0.29926021 0.15565147 0.13834004 1 0.36747873 0.18404725 0.25472798 0.11585264 0.07592430 1 0.19471091 0.53855848 0.20706788 0.07087479 0.08975705 1 0.09523000 0.85455151 0.29348454 0.09103012 0.12652459 1 0.06481409 0.95992689 0.37819552 0.08014602 0.12448120 1 0.05430946 0.97351837 0.22674665 0.05267639 0.09770290
656,MVI_40793_img01455_jpg.rf.2f05eea3ddcc52e4176e184aa5b33596,1 0.91923314 0.44408307 0.28970923 0.12353029 0.12487736 1 0.91218686 0.09658285 0.66561303 0.19118353 0.21719122 1 0.89002842 0.67484570 0.31922750 0.08829689 0.11296062 1 0.86836058 0.67449722 0.18516817 0.08051662 0.08112268 1 0.85006517 0.21953461 0.26285973 0.08591170 0.08562460 1 0.83068818 0.82020419 0.23929300 0.06463237 0.10128794 1 0.05333412 0.01320493 0.19621527 0.02638248 0.05415425
657,MVI_40793_img01459_jpg.rf.6144db5116454c37ee4d77a36d170caf,1 0.92098796 0.41724119 0.30289726 0.12998066 0.12763119 1 0.91079682 0.09663987 0.66550364 0.19121895 0.21835794 1 0.89222294 0.67470188 0.31971631 0.08844814 0.11496267 1 0.86710691 0.66068726 0.19241674 0.08185711 0.07946177 1 0.84235007 0.82070284 0.23879302 0.06484051 0.10083327 1 0.81289214 0.22187970 0.26485636 0.08551860 0.08659210
658,MVI_40793_img01544_jpg.rf.ba5deb42b159d9e33346ac256d9aef5c,1 0.92070180 0.09665688 0.66662502 0.19316146 0.21863670 1 0.91312063 0.08056906 0.48943005 0.15961611 0.16233387 1 0.89733559 0.52074361 0.26138244 0.10091944 0.10196562 1 0.89378488 0.67588139 0.31765366 0.08778381 0.11584730 1 0.88829458 0.14493790 0.34953084 0.11654415 0.11414223 1 0.87034643 0.66699963 0.22221329 0.08850536 0.09117260 1 0.86963481 0.90541973 0.28776636 0.10231571 0.10615997 1 0.82679266 0.82181273 0.23900327 0.06997375 0.10782739 1 0.37208644 0.97964301 0.11455677 0.04071378 0.08949394 1 0.23028611 0.85723686 0.11589725 0.11091499 0.13376355 1 0.06310537 0.83887243 0.18779976 0.08531704 0.10173087
659,MVI_40793_img01549_jpg.rf.45a7937d2ffffd3592a2482a15ce5e68,1 0.91884786 0.09683830 0.66538548 0.19318576 0.22013884 1 0.91360301 0.49294791 0.27654259 0.10655012 0.10789127 1 0.89968163 0.67600451 0.31724372 0.08752861 0.11550479 1 0.89585710 0.13010490 0.36012506 0.12297516 0.12101603 1 0.88252169 0.93111429 0.26826880 0.09773750 0.10192685 1 0.86752856 0.64696970 0.23441229 0.09326000 0.09051776 1 0.82921356 0.82058086 0.23897574 0.06579762 0.10478678 1 0.82243228 0.04636672 0.52657413 0.09234902 0.17535019 1 0.27416646 0.98064814 0.11484300 0.03870125 0.08876657 1 0.21216626 0.85517807 0.11589253 0.11369972 0.13302464 1 0.09550093 0.82174559 0.13031534 0.06256275 0.09078066 1 0.07613824 0.84505978 0.18585891 0.07539101 0.09566777
660,MVI_40793_img01583_jpg.rf.a99af868a1fb7519198a1be6a1c041fb,1 0.92464483 0.20562682 0.43538932 0.17442017 0.15570605 1 0.92087847 0.47072620 0.32507343 0.12438774 0.11658840 1 0.89617103 0.67627773 0.31859069 0.08779793 0.11290779 1 0.82202160 0.82094991 0.23836175 0.06668668 0.10231646 1 0.81437480 0.09559770 0.63943205 0.19119521 0.16813850 2 0.80041426 0.21532445 0.80035362 0.42035608 0.39929256 1 0.78737646 0.02906878 0.44785795 0.05796557 0.13949699 1 0.22592691 0.76941776 0.15845335 0.08263836 0.07757220 1 0.19907859 0.97871332 0.11425965 0.04253845 0.08885679
661,MVI_40793_img01788_jpg.rf.11325144e5cd2d8f7550d793bcc658eb,1 0.89489233 0.67716336 0.31642303 0.08816891 0.11477518 1 0.84277636 0.82150211 0.23735608 0.06465721 0.10257016 1 0.79451889 0.03816420 0.55126705 0.07589190 0.17462139 1 0.60307354 0.42651381 0.16680188 0.08856010 0.06917839 1 0.28703618 0.85377293 0.18497140 0.06038780 0.08803964 1 0.21700250 0.97831106 0.10526767 0.04332123 0.07030420 1 0.08111079 0.02745711 0.30223131 0.05485541 0.10967560 1 0.05219027 0.87622538 0.15480019 0.06832161 0.08615510
662,MVI_40793_img01840_jpg.rf.ea96ae5b05344279b67134b1ce62ed3d,1 0.92556465 0.17128212 0.83792934 0.33502975 0.30929356 1 0.89456576 0.67864637 0.31616983 0.08802776 0.11360264 1 0.81145692 0.82329235 0.23632913 0.06412697 0.10029564 1 0.75636846 0.29197016 0.19195508 0.10692105 0.07269590 1 0.13815117 0.98601189 0.11290052 0.02788620 0.07841411 1 0.12862253 0.22210495 0.98076463 0.32650180 0.03847055 1 0.06477375 0.00851675 0.24230444 0.01703330 0.07855315
663,MVI_40851_img00281_jpg.rf.d138e6f145a77037abc399f1502c303c,1 0.89976603 0.12974553 0.51141915 0.14320984 0.09914303 1 0.88688612 0.08900496 0.46549473 0.13923011 0.10108624 1 0.88226914 0.28296051 0.43462018 0.11153812 0.08106902 1 0.88012815 0.37978101 0.37375140 0.09247370 0.07128515 1 0.87078291 0.70204268 0.29480219 0.06174908 0.06590509 1 0.86797994 0.52125278 0.29219193 0.06785889 0.05854349 1 0.86456543 0.59170117 0.25623937 0.05535946 0.05204949 1 0.85224801 0.46345282 0.32848015 0.07570152 0.06455841 1 0.84940636 0.24625053 0.39619427 0.10481892 0.07505102 1 0.84616840 0.56941099 0.23287151 0.05271664 0.05128398 1 0.84169042 0.36629086 0.34025190 0.07830076 0.06456828 1 0.83143806 0.39797368 0.29524763 0.06495228 0.05615306 1 0.80280131 0.45886326 0.26250682 0.05691910 0.04761257 1 0.78879124 0.44683747 0.30272179 0.06785412 0.05709295 1 0.78271312 0.63624458 0.22977214 0.04510136 0.04563217 1 0.77072680 0.52051530 0.23415184 0.05737629 0.04605169 1 0.62219530 0.50621819 0.26335354 0.06131659 0.05540352 2 0.36486906 0.50697274 0.26281772 0.06367273 0.05502958 1 0.32871354 0.15325207 0.97791996 0.17802980 0.04382324 1 0.06961738 0.63487177 0.19413116 0.05722198 0.04374609
664,MVI_40851_img00299_jpg.rf.a9edbf8356f677fa98a8afad81bafef9,1 0.90350103 0.13024654 0.51164989 0.14349194 0.10002308 1 0.89846063 0.64361334 0.34233398 0.07247124 0.07758808 1 0.89147854 0.38036542 0.37404635 0.09427357 0.07247462 1 0.88619775 0.59845648 0.25385451 0.05496578 0.05502734 1 0.88565862 0.28334184 0.43526896 0.11184387 0.08181956 1 0.88535935 0.08939764 0.46561890 0.13903769 0.10166655 1 0.87487566 0.52169104 0.29273093 0.07005939 0.05906415 1 0.85180300 0.56895437 0.23313830 0.05232525 0.05228119 1 0.85145104 0.46242352 0.33077760 0.07706347 0.06575489 1 0.84969610 0.24625970 0.39687614 0.10491761 0.07613430 1 0.84965628 0.36799836 0.33993769 0.07842045 0.06434083 1 0.83516145 0.39799957 0.29608512 0.06479397 0.05556202 1 0.81721163 0.45853186 0.26321001 0.05618458 0.04733872 1 0.79463780 0.44752059 0.30280967 0.06882238 0.05668850 1 0.78113192 0.52330637 0.23173850 0.05101690 0.04599080 1 0.75557959 0.64494376 0.22650809 0.04432840 0.04399624 1 0.69385111 0.50660973 0.26306715 0.05993290 0.05620041 1 0.35890943 0.53823504 0.23287115 0.06898594 0.05111361 1 0.08558094 0.62161922 0.19496530 0.05365925 0.04000890
665,MVI_40851_img00503_jpg.rf.8d05bafa8cd71092c318fafeca429365,1 0.88326806 0.14762459 0.50201011 0.13876542 0.09684076 1 0.87912202 0.51735873 0.30209396 0.06859274 0.06147466 1 0.87897187 0.43324345 0.35297794 0.08256991 0.06836543 1 0.87835407 0.78918028 0.26829152 0.05536480 0.06793051 1 0.87419736 0.36632891 0.33716950 0.08371620 0.06640825 1 0.84511882 0.46841240 0.29111881 0.06051636 0.05998383 1 0.84170341 0.20010510 0.41422739 0.11863955 0.09230499 1 0.83818805 0.60436792 0.25514963 0.05308743 0.05426388 1 0.82622093 0.65326509 0.22274847 0.04460564 0.04467001 1 0.81987262 0.52463293 0.27092674 0.06214962 0.05773158 1 0.80672908 0.46526175 0.26537137 0.05780039 0.04849715 1 0.79583776 0.02476634 0.50519338 0.04934134 0.07955685 1 0.76086324 0.51573024 0.23759289 0.05280237 0.04791098 1 0.73637646 0.57943993 0.23179035 0.04851494 0.04875755 2 0.69804466 0.55558605 0.21563754 0.04104366 0.04573560 1 0.63451433 0.61906509 0.20808396 0.04467487 0.04768558 1 0.32952288 0.92617016 0.22043624 0.04650116 0.04343619 1 0.17302857 0.71270638 0.19942365 0.03989363 0.04283147 1 0.06883942 0.47884636 0.25617890 0.05453463 0.04538250 1 0.06405557 0.57131996 0.20720068 0.05227079 0.04578284 1 0.05317451 0.54680185 0.22475858 0.04233875 0.03999958
666,MVI_40851_img00542_jpg.rf.43202c8d712ee02864ca080e822bb053,1 0.91270226 0.71001573 0.32270455 0.06516762 0.08391829 1 0.87602216 0.26586785 0.37655396 0.10819941 0.08065519 1 0.87532848 0.24538183 0.45376282 0.12331023 0.08861980 1 0.87262726 0.38594742 0.32576437 0.08325481 0.06533108 1 0.87257010 0.05940309 0.47514601 0.11880598 0.08399754 1 0.87019706 0.55888948 0.27568324 0.06165237 0.05972314 1 0.84298813 0.58926449 0.22405257 0.04931831 0.05006809 1 0.82950521 0.48144860 0.32101183 0.07389212 0.06581144 1 0.82431459 0.63203998 0.23523111 0.04925480 0.04982805 1 0.82372844 0.03720232 0.54945059 0.07440443 0.09478855 1 0.81701267 0.52032790 0.23435488 0.05847311 0.04753199 1 0.79754883 0.46918230 0.25878558 0.05827026 0.04735403 1 0.79088068 0.47601838 0.28450050 0.06376715 0.05802584 1 0.76910329 0.53254118 0.25847130 0.05064888 0.05250492 1 0.61318225 0.67288084 0.20745282 0.04289265 0.04284716 1 0.52477145 0.56572418 0.20870761 0.04300804 0.04408418 1 0.19000527 0.92107544 0.22705250 0.03674049 0.04759388 1 0.15154074 0.90163040 0.20658302 0.03340302 0.03907452 1 0.13568144 0.54661903 0.26580169 0.05376129 0.06422529 1 0.11817916 0.00878759 0.66149130 0.01740969 0.11097965 1 0.08106073 0.61853447 0.19691978 0.03368015 0.04274573
667,MVI_40851_img00555_jpg.rf.977423d50de92db93f97caf974e61e4c,1 0.89790189 0.28175592 0.43663449 0.11581268 0.08365269 1 0.88814127 0.05994106 0.54540505 0.11988192 0.10592213 1 0.86907041 0.67797775 0.35397696 0.06992550 0.09306316 1 0.86752331 0.38770754 0.32560244 0.08128343 0.06493759 1 0.86298287 0.49489803 0.31588182 0.07494946 0.06449203 1 0.86031234 0.28106518 0.36975751 0.10578909 0.07615223 1 0.85364723 0.56971340 0.27034225 0.05723629 0.05761733 1 0.84783888 0.59118814 0.22396672 0.04870224 0.04878688 1 0.83964425 0.07998614 0.46626282 0.12945594 0.07844620 1 0.82571548 0.64075961 0.22934802 0.04564934 0.04932628 1 0.80615401 0.51938028 0.23399129 0.05433044 0.04791269 1 0.79877502 0.53771868 0.25796373 0.05015373 0.05004859 1 0.78658891 0.47158756 0.26037207 0.05977974 0.04934053 1 0.77715153 0.47893963 0.28254671 0.06319675 0.05657415 1 0.48123172 0.56533222 0.20664127 0.04003105 0.04335074 1 0.43091789 0.62863712 0.20469770 0.04192829 0.04076490 1 0.40815523 0.88788166 0.21113853 0.05035095 0.04274026 1 0.33409604 0.67686672 0.20339646 0.04049158 0.04254308 1 0.24743180 0.92113895 0.22828956 0.03345375 0.04706802 1 0.09671133 0.58066053 0.20221868 0.05000010 0.04209557 1 0.08743425 0.97957401 0.21279063 0.04078598 0.05214529 1 0.06348239 0.96370029 0.24555254 0.03613548 0.05045009
668,MVI_40851_img00708_jpg.rf.86e5c75016c55a66965ea13a8402b466,1 0.92892426 0.43646470 0.64870605 0.13227003 0.18861351 1 0.89258051 0.08906380 0.48145971 0.13039234 0.09436531 1 0.88671184 0.47843027 0.28640842 0.06602898 0.05804443 1 0.87416708 0.27294488 0.38707111 0.10080347 0.07608743 1 0.87414396 0.50138226 0.32162898 0.07275543 0.06592073 1 0.87337893 0.61289816 0.25659049 0.05441685 0.05096974 1 0.87319118 0.72722716 0.30875022 0.05641766 0.06951914 1 0.87226307 0.39821224 0.32083650 0.08593988 0.07691507 1 0.86186206 0.80677481 0.25853631 0.05228004 0.05828915 1 0.83859617 0.52275915 0.23930573 0.04641399 0.05132837 1 0.83045787 0.55966840 0.24518409 0.04955473 0.05299168 1 0.74175388 0.59595084 0.22414732 0.03873615 0.04596567 2 0.52464205 0.87838411 0.20971808 0.06632233 0.06032300 1 0.28846064 0.56494198 0.20599083 0.03236923 0.04188558 1 0.19678603 0.92676487 0.23965240 0.03506546 0.04988503 1 0.17019908 0.67008276 0.20410810 0.02708912 0.03906307 1 0.07219300 0.62490835 0.19470960 0.02718830 0.04248641 1 0.06346093 0.58053546 0.21841128 0.03922653 0.04605823
669,MVI_40851_img00748_jpg.rf.7bc075ba47e0050c7ca6077cba0b8688,1 0.89964795 0.16625879 0.44401035 0.12003188 0.09054565 1 0.89342511 0.72403989 0.31779752 0.06072340 0.07434654 1 0.88588798 0.62005281 0.41954880 0.07994499 0.10205755 1 0.88531935 0.52689719 0.26184580 0.05882092 0.05597415 1 0.88284421 0.32330763 0.36022677 0.09170995 0.07327747 1 0.87503010 0.59495339 0.26378107 0.05527973 0.05858765 2 0.86985242 0.81346102 0.22499764 0.06178169 0.06904006 1 0.78072834 0.55446043 0.21647828 0.03809261 0.04605460 1 0.76022291 0.01975010 0.51289043 0.03950000 0.08803186 1 0.74937570 0.65628777 0.21784813 0.03564072 0.04675794 1 0.72977418 0.44263163 0.29707727 0.07811947 0.07103634 1 0.71155047 0.59228945 0.21962755 0.04004307 0.04804392 2 0.52473670 0.44258204 0.29706295 0.07863178 0.07232251 1 0.35495019 0.92544880 0.23852348 0.03633823 0.05269089 1 0.17372234 0.59835029 0.21081147 0.03980436 0.05550146 1 0.16699083 0.88856544 0.20918043 0.04658051 0.04752288 1 0.16477874 0.97756929 0.26268771 0.04486122 0.05189304 1 0.10118460 0.96608315 0.22330961 0.04235687 0.04499321 1 0.09405755 0.60543623 0.20196624 0.03330898 0.04484949
670,MVI_40851_img00842_jpg.rf.6968002093a100079d698ff03d47a1f5,1 0.92320389 0.10007941 0.51464925 0.13537991 0.10457869 2 0.90655124 0.62332077 0.39599390 0.09342575 0.14250479 2 0.90635830 0.34969835 0.39235969 0.11754742 0.09611225 1 0.87884396 0.73544350 0.27972200 0.05951557 0.07757964 1 0.86858016 0.48075371 0.26159086 0.05472851 0.05708876 1 0.83071917 0.36748190 0.34441812 0.08175077 0.06292229 1 0.82810289 0.84547253 0.22342029 0.05432320 0.05416344 1 0.76778662 0.22824883 0.95204659 0.17435598 0.09577370 1 0.44695553 0.61242285 0.20369720 0.03175468 0.04507794 1 0.33108729 0.55920653 0.19938760 0.03182106 0.05427995 1 0.17994148 0.92863140 0.24885793 0.03845711 0.05446997
671,MVI_40852_img00290_jpg.rf.3d4fad93380714771c2234b80e318029,1 0.90211523 0.54593363 0.50879622 0.11447086 0.11458664 1 0.89056098 0.54231148 0.28930068 0.06140003 0.06551065 1 0.88300747 0.57677288 0.25233722 0.05402107 0.06082001 1 0.88033748 0.67363625 0.31380100 0.07723980 0.07356701 1 0.87105662 0.75088811 0.39760399 0.10810461 0.09548292 1 0.86744666 0.31316099 0.26702800 0.03898401 0.05584307 1 0.85090649 0.30381122 0.35716290 0.04151478 0.07397318 1 0.84950787 0.78966541 0.36769695 0.09606400 0.08252697 1 0.84264606 0.26328759 0.29428635 0.03722563 0.06102514 1 0.82777148 0.48411698 0.24148464 0.03788242 0.05295954 1 0.82772344 0.93757668 0.92178769 0.12443047 0.15642442 1 0.81879300 0.46452127 0.28173757 0.05488405 0.06736021 1 0.80921543 0.42144299 0.24863443 0.04265842 0.05182562 1 0.76544136 0.97333736 0.49292979 0.05325394 0.09541378 1 0.75443363 0.26248465 0.23457661 0.04402294 0.04396992 1 0.74625969 0.25525384 0.25895801 0.03444510 0.04942031 1 0.65790278 0.20368667 0.22106645 0.05336390 0.04086556 1 0.52249300 0.37211728 0.21416681 0.03242340 0.04790964 1 0.49873304 0.51809292 0.20885305 0.03585253 0.05008250 1 0.44854397 0.43539772 0.21870816 0.03131771 0.04556961 1 0.11507757 0.98188343 0.21951795 0.03499832 0.03604488
672,MVI_40852_img00411_jpg.rf.38ea85fe17a9114b16fe7a86a4b767a8,1 0.91028565 0.21374627 0.88369465 0.12904004 0.23261051 1 0.90758651 0.36954350 0.71488438 0.08896198 0.18231201 1 0.90718687 0.72558699 0.43303078 0.11914444 0.10519087 1 0.90127337 0.87127056 0.46161156 0.13167801 0.10670528 1 0.89846909 0.45700445 0.29510007 0.05302887 0.06610065 1 0.88509536 0.37170107 0.36498685 0.06387153 0.07657585 1 0.88464582 0.59834681 0.36240692 0.08062134 0.08296022 1 0.87828088 0.66429987 0.30730929 0.07209244 0.06863890 1 0.87184006 0.79475641 0.37304726 0.10374985 0.08478737 1 0.85886222 0.34315610 0.30030971 0.05037184 0.06175089 1 0.85579228 0.55515628 0.31146193 0.06747007 0.06640759 1 0.84212267 0.69603343 0.37178655 0.08555441 0.07946949 1 0.83839458 0.96172485 0.46593733 0.07637520 0.10553131 1 0.83727050 0.30404570 0.25244861 0.03191614 0.05044765 1 0.83434576 0.59218326 0.26007228 0.05166349 0.05889292 1 0.80711788 0.37978616 0.22609658 0.03812666 0.04850521 2 0.80329955 0.49152117 0.23578424 0.05333805 0.08473382 1 0.79715061 0.25882401 0.25088356 0.03183289 0.05035396 1 0.79359472 0.19022956 0.23196099 0.05594401 0.04268913 1 0.78704816 0.53102279 0.23143935 0.04074793 0.05129490 1 0.77431720 0.57746725 0.28817885 0.05749550 0.05914674 1 0.75018227 0.27154040 0.22864327 0.04045267 0.04324408 1 0.68919629 0.45115490 0.22555570 0.03106251 0.05158073 1 0.13908011 0.98206358 0.21983268 0.03578320 0.04002118 1 0.13096347 0.58378177 0.27197142 0.05592213 0.06758966
673,MVI_40852_img00940_jpg.rf.1879fd6339fc8aab6b70f611f8a0f84d,1 0.91530210 0.82875786 0.47961502 0.13712749 0.11961327 1 0.90726739 0.94843388 0.45873833 0.10247898 0.11672611 1 0.88903785 0.80280256 0.39106431 0.12074413 0.09946775 2 0.88358819 0.29035711 0.26420035 0.03638921 0.07334495 1 0.88179910 0.35180180 0.27472076 0.03918715 0.05974646 3 0.88166881 0.40414858 0.23760085 0.09658918 0.14210367 1 0.87321848 0.64449878 0.34373488 0.08244171 0.08381910 1 0.86872089 0.70748911 0.32431889 0.08173761 0.07763538 1 0.86835176 0.33211889 0.34756856 0.04556270 0.07157307 1 0.86441839 0.62664347 0.28351946 0.06121235 0.06710281 1 0.86294836 0.52896008 0.27002621 0.05089731 0.05965276 1 0.82599074 0.48140721 0.23458803 0.03620796 0.05159984 1 0.80968702 0.25049477 0.23002915 0.03945303 0.04292850 1 0.80539399 0.33185577 0.24096656 0.04093676 0.04909544 1 0.79420251 0.53743639 0.22975822 0.04813595 0.06116494 1 0.44408560 0.16289583 0.22835631 0.05446577 0.04400091 1 0.42372903 0.45263233 0.20659282 0.03388596 0.04825435 2 0.09729298 0.22200994 0.21163525 0.04863667 0.04853774 1 0.06273555 0.21941276 0.21368821 0.04795403 0.04782925
674,MVI_40853_img00062_jpg.rf.ee5af896146e8964872af60f6b5dc8f7,1 0.91585147 0.85750692 0.51165771 0.13795209 0.14908209 1 0.89554340 0.86586695 0.40032330 0.11894779 0.09823437 1 0.88779020 0.74446821 0.35067453 0.08641186 0.08760662 1 0.88118303 0.89050882 0.91670322 0.21643376 0.16408920 1 0.87512600 0.63721380 0.34977081 0.08301716 0.08610301 2 0.83192527 0.60509720 0.25738268 0.05988836 0.09153337 3 0.81993049 0.06483475 0.46808196 0.12966930 0.23829267 2 0.81481826 0.64925365 0.29876256 0.07595034 0.08245826 1 0.81264889 0.97141623 0.46962228 0.05716734 0.09002914 1 0.80501819 0.85103321 0.21079350 0.05886765 0.04084139 1 0.77312738 0.97644591 0.53837609 0.04710798 0.10937939 1 0.72538429 0.15713003 0.22634802 0.05920858 0.04181862 1 0.42937157 0.92614555 0.21607502 0.06256733 0.04400821 2 0.28145227 0.92584858 0.21690368 0.06237488 0.04485837 1 0.24217884 0.42157893 0.18678313 0.05627213 0.04494736 1 0.23201032 0.58931565 0.19904301 0.03718576 0.03970885 1 0.20210856 0.73585081 0.19277734 0.06464653 0.04296196 1 0.08541507 0.01034014 0.88111572 0.02058777 0.22869225 1 0.08123996 0.83195705 0.18415514 0.04659615 0.03716571 1 0.07434929 0.95914488 0.20308781 0.04164619 0.03642049
675,MVI_40853_img00250_jpg.rf.8582f38f3f0cb3b50a2a47d494650451,1 0.92709124 0.18691916 0.76766434 0.24456315 0.15963440 1 0.91645753 0.70176625 0.74359498 0.21432581 0.15452795 1 0.91486287 0.25946736 0.91498404 0.24465828 0.16649303 1 0.90245157 0.92940502 0.43548784 0.13285599 0.10625505 3 0.90102118 0.47298412 0.25772586 0.16622715 0.15596036 1 0.88885874 0.77347517 0.37172127 0.09411888 0.08678083 1 0.88051385 0.05726145 0.49984593 0.11452269 0.10547342 2 0.86393791 0.65574174 0.30768316 0.07513866 0.08735795 1 0.84235489 0.96403680 0.72316961 0.07192621 0.16428089 3 0.84163886 0.74225392 0.91436577 0.49115305 0.17126827 1 0.83828181 0.78825970 0.24766979 0.06068096 0.04896688 2 0.81574148 0.60983810 0.26469500 0.06222496 0.08601499 1 0.80877912 0.69971189 0.25455008 0.05715580 0.05487576 1 0.76901621 0.77208157 0.22834454 0.05695496 0.04747171 1 0.74835253 0.87608957 0.21528549 0.05874748 0.04550300 1 0.65206230 0.26712568 0.22110405 0.06282501 0.04150481 1 0.58093047 0.69972963 0.20055066 0.06088591 0.04093655 1 0.20607400 0.31612489 0.20741572 0.05288200 0.04064193 1 0.18721327 0.90265560 0.19338939 0.06233616 0.04056611 1 0.10456707 0.43624153 0.23829265 0.04755945 0.04691396 1 0.09583645 0.98142738 0.21414165 0.03649292 0.04942451 1 0.08341810 0.56154356 0.21915567 0.04355841 0.04514532 1 0.07846325 0.81030912 0.18444231 0.05532684 0.04065099 1 0.07182157 0.42201099 0.23945522 0.05122757 0.04594688 1 0.05960550 0.60653615 0.24385736 0.05276890 0.04553475 1 0.05561689 0.11302595 0.21659488 0.04941917 0.03728391 1 0.05549309 0.71052828 0.84486084 0.17631264 0.06268196 1 0.05339839 0.45212660 0.22976055 0.05150108 0.05282192
676,MVI_40853_img00440_jpg.rf.6dc809e7e2543d3aeff68dfadfe40f75,2 0.91094488 0.81782930 0.36498089 0.12187886 0.12664766 3 0.90732795 0.54372149 0.22056884 0.12975845 0.12918597 1 0.88203454 0.40699954 0.31855612 0.07944136 0.06673603 1 0.87623721 0.05492980 0.49976034 0.10985939 0.10688477 1 0.87395954 0.30921500 0.41628474 0.09987960 0.08679678 1 0.86872083 0.28375151 0.38142352 0.09655647 0.07261076 1 0.86558068 0.62069378 0.28706892 0.06514530 0.06453695 1 0.85400563 0.71852589 0.23903489 0.05785065 0.05197058 1 0.85260230 0.73529539 0.26529744 0.06130238 0.05400167 1 0.84317988 0.81145208 0.22873776 0.04856267 0.04959593 2 0.83992743 0.94691329 0.45598335 0.10617322 0.14613953 3 0.82000244 0.57066509 0.82517242 0.61324098 0.33347836 1 0.77701706 0.88376160 0.20745592 0.06405563 0.04204707 3 0.69594723 0.39326470 0.81764235 0.78457484 0.36471510 1 0.69002718 0.42989216 0.20588869 0.06250696 0.03982965 1 0.58272320 0.66890082 0.19812980 0.06082735 0.04268231 1 0.54920453 0.33030922 0.20820522 0.06265779 0.03951350 1 0.38208809 0.85145741 0.19015805 0.05085258 0.03618357 1 0.19165781 0.64481473 0.18532839 0.04390135 0.03858585 2 0.16678903 0.67065082 0.19576311 0.06069479 0.04467268 2 0.15562765 0.12080394 0.75975628 0.21424887 0.18244419 1 0.12957628 0.98151650 0.26274238 0.03696680 0.05787029 1 0.05667784 0.95858192 0.23172417 0.03948441 0.04460859 1 0.05486551 0.94858170 0.20678082 0.03167019 0.03596859
677,MVI_40853_img00455_jpg.rf.01e7885711fc1471a09a096d7242dc61,2 0.91604251 0.85054207 0.37989345 0.12860184 0.13626661 3 0.90987450 0.54366870 0.22065718 0.13163481 0.12888212 1 0.90144730 0.08617647 0.47811460 0.13805585 0.10373249 1 0.88095421 0.40792665 0.31777964 0.07898121 0.06630659 1 0.86685169 0.60766478 0.29411244 0.06443901 0.06467752 1 0.86362517 0.80629809 0.23033037 0.04821429 0.04916315 1 0.85928965 0.70851517 0.24354897 0.06063938 0.05279999 1 0.85585999 0.73170328 0.26558321 0.05891848 0.05456553 1 0.85349393 0.34058852 0.39620550 0.09545317 0.08387341 1 0.84145755 0.29535408 0.37390680 0.09409399 0.07300072 2 0.79246706 0.96617184 0.47273517 0.06672173 0.15268698 1 0.78413427 0.87314644 0.20853171 0.06490250 0.04167695 3 0.76901281 0.66021719 0.82240241 0.65704670 0.33888431 3 0.67049038 0.43473773 0.81582012 0.78614569 0.36821175 1 0.54744136 0.30905106 0.20857680 0.06491008 0.04043722 1 0.50226736 0.79248323 0.19017013 0.05782948 0.03783348 1 0.42595345 0.40545321 0.20709541 0.05982952 0.03889446 1 0.21458203 0.63419132 0.19662770 0.05319824 0.04689219 2 0.19588445 0.63359466 0.19661713 0.05274620 0.04668941 1 0.17892407 0.98014588 0.26299431 0.03970804 0.05898232 1 0.06380597 0.72176313 0.25375772 0.06725750 0.05549583 1 0.06152135 0.73357387 0.17276951 0.05491028 0.03519447 2 0.05839768 0.16878817 0.76861959 0.25032601 0.19628973 1 0.05784952 0.95889988 0.22971702 0.03833866 0.04619780
678,MVI_40853_img00590_jpg.rf.25377f4b0f5f3264e35f690f338cf43d,1 0.92209995 0.29375018 0.75051389 0.22275792 0.16899137 1 0.89957577 0.58204031 0.30758276 0.06976891 0.07081022 1 0.89799696 0.18950951 0.43053761 0.11811070 0.09197769 3 0.89329678 0.54226484 0.22127691 0.12943497 0.12890614 1 0.88976306 0.66682010 0.30437703 0.06740217 0.07035475 1 0.88663292 0.44743699 0.40812740 0.09490187 0.09396753 1 0.87960786 0.42458320 0.30707250 0.07005739 0.06538324 1 0.86886406 0.30676141 0.37237668 0.09630194 0.07793570 1 0.86874151 0.74874811 0.25972214 0.05422516 0.05692310 1 0.86656570 0.70499296 0.24265924 0.06388302 0.05494676 1 0.86135650 0.04521504 0.73268232 0.08998867 0.14562111 1 0.86008167 0.06249679 0.65042000 0.12477635 0.12536812 1 0.84394050 0.84521999 0.22019782 0.04641685 0.04895597 3 0.83673882 0.24971070 0.91284647 0.49588709 0.17430686 1 0.83286458 0.05241591 0.49614859 0.10483162 0.10233860 3 0.82242393 0.69546361 0.80429621 0.60907259 0.39140739 1 0.80348986 0.55661182 0.27650914 0.06071348 0.05867262 1 0.34475082 0.91783876 0.67629309 0.16392574 0.12645111 1 0.19133602 0.90349388 0.92036648 0.19229698 0.15915070 1 0.18475531 0.92501678 0.20161188 0.05853462 0.04272628 1 0.15966870 0.77765579 0.18976792 0.05572014 0.03573973 1 0.10877297 0.98066659 0.26261740 0.03866663 0.05659876 2 0.07493806 0.92703056 0.20100543 0.05847244 0.04311028 1 0.06605792 0.95840721 0.23024516 0.03637581 0.04349518 1 0.05683698 0.88380348 0.69818478 0.23239284 0.17226963 1 0.05095009 0.49662189 0.73719463 0.16568165 0.13287239
679,MVI_40853_img00764_jpg.rf.c17adbbd17cd50337dc901ebdd6b110f,2 0.93338913 0.29967399 0.40075465 0.12089448 0.12034242 1 0.92991036 0.56655035 0.67930384 0.19449444 0.15106964 1 0.92561316 0.58767366 0.88348885 0.24512329 0.18241234 1 0.91465336 0.58444180 0.45771594 0.09551067 0.11513147 1 0.89758933 0.47615938 0.37414532 0.08474255 0.09086857 3 0.89287323 0.54381585 0.21202688 0.12991686 0.12899791 1 0.88705313 0.93521128 0.63271332 0.12957458 0.14471283 1 0.88631219 0.07973494 0.46961479 0.13437105 0.09946194 1 0.88362628 0.66367660 0.30597787 0.06448517 0.07361097 1 0.88070899 0.55621891 0.31451626 0.07913742 0.07235203 1 0.87791604 0.92982235 0.89164066 0.13988380 0.21206245 1 0.87181795 0.55881681 0.38454158 0.08200932 0.09536119 1 0.87146246 0.42895107 0.29446945 0.06657486 0.06229963 1 0.86551440 0.37069991 0.45519805 0.10901542 0.10670128 1 0.86542112 0.35361648 0.33674972 0.08723578 0.06624169 1 0.86418462 0.67182369 0.24789338 0.06039982 0.05802441 1 0.86403251 0.80639498 0.24161763 0.05162044 0.05773239 1 0.85972321 0.63036842 0.22765155 0.04726181 0.05232410 1 0.82955527 0.22723469 0.39790900 0.08842422 0.08219323 2 0.82112622 0.14844786 0.86803341 0.29689552 0.23851566 1 0.80397201 0.09156783 0.74272323 0.18103943 0.11974077 1 0.56000638 0.98293514 0.72972336 0.03406982 0.17077465 3 0.43863699 0.14961967 0.87145214 0.29923914 0.25301838 1 0.33991557 0.90202122 0.19971325 0.05918846 0.04439731 1 0.27589411 0.69663658 0.98370075 0.27458782 0.03232460
680,MVI_40853_img00861_jpg.rf.48635a1f5a156e25a66a9b831f889aef,1 0.90416622 0.80741346 0.71111770 0.21078229 0.15064354 1 0.90377361 0.52915182 0.51642904 0.11145687 0.13564777 3 0.90200502 0.54436674 0.20532963 0.13321476 0.12323222 1 0.88949788 0.10569222 0.45303173 0.13274901 0.09723167 1 0.88765466 0.55474701 0.31333857 0.07836342 0.07721815 1 0.88234299 0.67172866 0.36315525 0.07749701 0.09071832 1 0.87899739 0.62555480 0.26560428 0.06246128 0.06315918 1 0.87570560 0.62430029 0.33473606 0.06936913 0.08186102 1 0.87403768 0.47767611 0.37076454 0.08594608 0.09073973 1 0.87317926 0.76388865 0.24712794 0.04715948 0.05923977 1 0.86989814 0.63150530 0.22093691 0.04824409 0.04770728 1 0.86907703 0.49897261 0.43743739 0.09685535 0.11401539 1 0.86512566 0.35376620 0.33516440 0.08914566 0.07131739 1 0.86042309 0.43011256 0.28982859 0.06717584 0.06265688 1 0.85980654 0.36953325 0.45471463 0.11233463 0.11288271 2 0.85707569 0.24370179 0.43498001 0.10493279 0.11706724 1 0.85581762 0.84371681 0.20590706 0.05268669 0.04851360 1 0.83367056 0.23962526 0.38987002 0.11100097 0.07721701 2 0.82680452 0.53048477 0.26890073 0.07298613 0.07623920 1 0.80522496 0.19233564 0.82101557 0.22509930 0.11384540 3 0.78018087 0.40455222 0.91077499 0.69817629 0.17844982 2 0.72129673 0.66552296 0.83602140 0.28340492 0.21470609 1 0.51816905 0.94645247 0.96896210 0.10709486 0.06110039 1 0.12548737 0.62719946 0.18986930 0.04114189 0.04180095 1 0.07562015 0.50464258 0.24775450 0.04980125 0.04331822 1 0.05922361 0.76493683 0.17731514 0.06036482 0.04277334 2 0.05468366 0.62956858 0.80729160 0.20880451 0.15157032
681,MVI_40853_img00918_jpg.rf.9277a1da45b6d7d78b0f5903530e4ba0,1 0.90720880 0.52947388 0.51499233 0.11126080 0.13455029 1 0.90120482 0.61842113 0.41562947 0.09099064 0.10600932 1 0.89638364 0.48546124 0.44937501 0.10154905 0.11683397 1 0.89582956 0.24063186 0.39219232 0.10958520 0.08766661 3 0.89461082 0.54477587 0.20810013 0.12925682 0.13318719 1 0.89271766 0.10641091 0.45133228 0.13354325 0.09764137 1 0.88780808 0.47902584 0.36780934 0.08529072 0.08806009 1 0.88752371 0.71576767 0.30034351 0.05623512 0.07407360 1 0.88439465 0.55459795 0.31131201 0.07832928 0.07812524 2 0.88411957 0.57083130 0.24431784 0.06684494 0.06934481 1 0.88158762 0.62625351 0.26521304 0.06180058 0.06425052 1 0.88020295 0.77158651 0.23162971 0.05509758 0.05748281 1 0.87966478 0.08499514 0.83799553 0.16903847 0.18672771 1 0.87047362 0.93416629 0.68874826 0.13166723 0.13560467 1 0.86944211 0.37072852 0.45317078 0.11126046 0.11262474 1 0.86925101 0.34506910 0.33292353 0.07251344 0.06969514 2 0.86340749 0.40464839 0.34074383 0.07721064 0.09079208 1 0.85504299 0.59723992 0.35762634 0.07681551 0.08790817 2 0.85150707 0.94106784 0.82067995 0.11786412 0.23907185 1 0.85041136 0.63163376 0.22092171 0.04989357 0.04965634 1 0.82272261 0.43041081 0.28699117 0.06749964 0.05914526 3 0.78328049 0.55714720 0.90903549 0.68530962 0.18192882 1 0.75439936 0.44953465 0.80859661 0.23714018 0.11880074 1 0.50549293 0.88439617 0.20349967 0.05548553 0.04538293 1 0.16370556 0.64017634 0.18273368 0.05755243 0.04663229 3 0.15613191 0.37194321 0.91077857 0.58821387 0.17844266
682,MVI_40853_img01459_jpg.rf.dc90181739cc4bfd02a95a1aca306103,1 0.92903703 0.23411584 0.58734713 0.14591684 0.16971436 1 0.91998893 0.51161842 0.55533371 0.11044064 0.14731369 1 0.90889478 0.90750065 0.73459091 0.18426952 0.16361008 1 0.90520459 0.40332060 0.52361007 0.12080574 0.14174833 3 0.90180904 0.54505658 0.20594378 0.13476343 0.13300819 2 0.90015817 0.68575664 0.25459595 0.09342012 0.11514049 1 0.89779145 0.42962686 0.32833533 0.08047044 0.07374840 1 0.89591640 0.74102101 0.36473627 0.05173521 0.09473238 1 0.89492708 0.23922396 0.38558197 0.11112223 0.08569746 2 0.89280671 0.58237066 0.23767526 0.05852871 0.06949568 1 0.89049643 0.76755915 0.27439075 0.06206913 0.06587954 1 0.88906074 0.61767316 0.32699218 0.06986761 0.08147507 1 0.88732648 0.54496193 0.39900439 0.08768177 0.10007644 1 0.87238079 0.55319157 0.31005011 0.07044430 0.07773638 1 0.86847734 0.35110130 0.32810416 0.08657193 0.07234554 1 0.86207104 0.84822693 0.23208871 0.05164642 0.05771103 2 0.85721654 0.52478991 0.27024910 0.05627766 0.07255630 1 0.83947957 0.23821034 0.89927649 0.19578133 0.20144682 1 0.83315885 0.42897016 0.28336351 0.06824167 0.05808854 1 0.82514197 0.63224506 0.22079315 0.04834385 0.05124459 1 0.81483322 0.76801968 0.23709993 0.05946140 0.05401621 1 0.78659385 0.10443511 0.44230393 0.13308578 0.09332983 1 0.37996519 0.74973631 0.18194612 0.05752697 0.04018600 1 0.17924887 0.95678291 0.22066680 0.04142113 0.04629248 1 0.17307892 0.87415562 0.17856002 0.05439758 0.03974223 1 0.08400002 0.64862342 0.18121556 0.05144348 0.04583123
683,MVI_40853_img01471_jpg.rf.849e12b300035041e50bcd8b3fce3dbe,1 0.92344606 0.17890713 0.65728264 0.16457071 0.20064507 1 0.91403425 0.38519952 0.54292712 0.12765489 0.15261679 1 0.91097414 0.53341866 0.32163653 0.07477436 0.07976742 1 0.90878725 0.47137332 0.61708560 0.12186441 0.17513647 1 0.90774649 0.53570576 0.40766811 0.09052696 0.10317755 1 0.90070677 0.43420587 0.32413120 0.08081036 0.07298760 2 0.88853723 0.68525848 0.25635643 0.09586363 0.11378508 1 0.88808054 0.23939359 0.38477216 0.11182337 0.08575764 3 0.88773185 0.54419007 0.20414500 0.13364162 0.13186164 1 0.88574386 0.93377681 0.73389773 0.13244619 0.16667070 1 0.88236612 0.35208743 0.32701731 0.08900933 0.07295837 1 0.88111496 0.74401417 0.38680630 0.05511217 0.10588255 1 0.87893367 0.75213771 0.28554950 0.06459846 0.06794138 2 0.87877107 0.58185282 0.23751664 0.05892086 0.06966114 1 0.87695694 0.61334152 0.33006341 0.07062035 0.08031135 1 0.86268061 0.10395850 0.44172382 0.13241885 0.09591255 1 0.85633498 0.84689236 0.23401856 0.05174980 0.05404921 1 0.84906363 0.42921090 0.28191280 0.06753607 0.05740337 1 0.83812624 0.76399508 0.23687878 0.06171951 0.05493622 2 0.80528653 0.52619267 0.26840312 0.05882378 0.07139444 1 0.75538540 0.63114910 0.22009310 0.04754410 0.05132343 1 0.60161942 0.64573193 0.25248253 0.05103378 0.06110215 1 0.32037106 0.16465526 0.97843499 0.16665434 0.04312982 1 0.30107942 0.62719812 0.19084692 0.04201775 0.04541860 1 0.24467723 0.72310944 0.18180540 0.05306759 0.04154010 1 0.13837205 0.83908558 0.17788789 0.05098000 0.03953152 1 0.10185776 0.95623207 0.22031760 0.04040909 0.04766474 1 0.10168426 0.66614885 0.23854895 0.06129456 0.05837436 1 0.08660445 0.53258371 0.23960948 0.04511452 0.04680967 1 0.06794729 0.62953134 0.17642106 0.04264784 0.04644797 1 0.05698837 0.68507519 0.23187308 0.05362101 0.05092831
684,MVI_40853_img01484_jpg.rf.d6ca04a9abbb62ab4c01cb127317704c,1 0.92346925 0.36202993 0.56672139 0.13365583 0.16108618 1 0.92180866 0.41361699 0.70873685 0.14163218 0.20990381 2 0.91192138 0.68134723 0.25819025 0.09369612 0.11581230 1 0.91080481 0.09828403 0.76413279 0.19006569 0.25362129 1 0.90695554 0.60585499 0.33568096 0.07230072 0.08463793 1 0.90625262 0.52024741 0.42233849 0.09318466 0.10652800 1 0.90228039 0.74984345 0.41871367 0.06166248 0.11433840 1 0.89674997 0.23928995 0.38452027 0.11133528 0.08473477 1 0.89329356 0.51164932 0.33598318 0.07851944 0.08641176 1 0.88390720 0.35195265 0.32643986 0.08795538 0.07234755 1 0.88381779 0.43609142 0.32258496 0.08067198 0.07132330 1 0.88286525 0.72955709 0.30321288 0.06757803 0.07471857 1 0.88035870 0.76102152 0.23908253 0.05854540 0.05646572 2 0.87780917 0.58183413 0.23698664 0.06057930 0.06960001 1 0.87569499 0.84350624 0.23542280 0.05100555 0.05514383 3 0.87508291 0.54501338 0.20403805 0.13210716 0.13366857 1 0.86443937 0.10481511 0.44165397 0.13340511 0.09637690 1 0.86279553 0.96502375 0.72822094 0.06995230 0.15849419 1 0.85458410 0.42993449 0.28113167 0.06721613 0.05551863 2 0.83960611 0.52700529 0.26657424 0.06137180 0.06871653 1 0.82474279 0.62994738 0.21984079 0.04963760 0.05235658 1 0.77488762 0.62508340 0.26068485 0.04870100 0.06174889 1 0.20955594 0.68905654 0.18115342 0.05830822 0.04292951 1 0.08256465 0.80440912 0.17790189 0.05340023 0.03917298 1 0.07689992 0.50765409 0.24121888 0.05703201 0.04865289 1 0.06355467 0.95571327 0.22094998 0.03714790 0.04718313 1 0.05130801 0.53077669 0.24360595 0.04823322 0.04929962
685,MVI_40853_img01494_jpg.rf.1cff0a6d8876968267511335b977ce7f,1 0.93354160 0.33978972 0.59103384 0.13928089 0.17020588 1 0.91173536 0.50535345 0.43620883 0.09566212 0.11233118 1 0.91013455 0.35845537 0.80148382 0.16194897 0.25724602 1 0.90869218 0.49042463 0.35156720 0.08106937 0.08993640 1 0.90827113 0.06605023 0.85821428 0.13155372 0.28247795 1 0.90327275 0.70776443 0.32164233 0.07256718 0.07967372 2 0.89755207 0.67514324 0.26151528 0.09780159 0.12128949 1 0.89370573 0.75678148 0.44789910 0.06950169 0.12247400 1 0.88622868 0.23942400 0.38365557 0.11071538 0.08316655 1 0.88482749 0.60015278 0.34001603 0.07288399 0.08651991 2 0.88425773 0.58095279 0.23802366 0.06053600 0.07107601 1 0.88134861 0.10436044 0.44088546 0.13293380 0.09820764 1 0.88129580 0.35191793 0.32655628 0.08801012 0.07296214 1 0.86700463 0.83820038 0.23783655 0.05221024 0.05819683 3 0.86176109 0.54610319 0.20432324 0.13581047 0.13279238 1 0.86029381 0.75651789 0.24030139 0.06093493 0.05772548 1 0.85979700 0.43559712 0.32231646 0.07988551 0.07177639 1 0.85832751 0.42974253 0.28157890 0.06737089 0.05545840 2 0.85617530 0.52617264 0.26922169 0.06003904 0.07155170 1 0.84449673 0.63127689 0.22018790 0.04934635 0.05261394 1 0.78142220 0.61072288 0.26713283 0.05378199 0.06722293 1 0.46914798 0.98981704 0.74914389 0.02036572 0.18516979 1 0.22332123 0.77775793 0.17920376 0.05144348 0.03970370 1 0.21506459 0.95647526 0.22201440 0.03811703 0.04709010 1 0.11716391 0.53152552 0.24139678 0.04502239 0.04896603 1 0.10140772 0.66741037 0.18299809 0.05959225 0.04221759 1 0.08096041 0.50776596 0.24195764 0.05758152 0.04784184
686,MVI_40853_img01497_jpg.rf.ae1534b9d532ef93fec718a86cf9d443,1 0.92915487 0.33119578 0.59968367 0.14048567 0.17181149 1 0.91067284 0.75949216 0.45653677 0.07203407 0.12686977 1 0.90507215 0.33980231 0.83429985 0.17019253 0.27243099 1 0.89334178 0.50037556 0.44113259 0.09627151 0.11388960 2 0.89038080 0.67376413 0.26337409 0.09915009 0.12390928 1 0.88920671 0.05462831 0.87316758 0.10925642 0.25366464 1 0.88658273 0.35193095 0.32653346 0.08829355 0.07236338 1 0.88643664 0.48390784 0.35812447 0.08426847 0.08998351 1 0.88552624 0.23950927 0.38388896 0.11065726 0.08284950 2 0.88507479 0.58070154 0.23829780 0.05954161 0.07123451 1 0.88462192 0.59906979 0.34171429 0.07247047 0.08665509 1 0.88386750 0.70062122 0.32758760 0.07255764 0.08140030 1 0.87746191 0.10427138 0.44067769 0.13370137 0.09824286 3 0.87129509 0.54513879 0.20457616 0.13411341 0.13313341 2 0.86362082 0.52673645 0.26907017 0.06115990 0.07262301 1 0.85849792 0.83629627 0.23994720 0.05221825 0.05792542 1 0.85849649 0.75634899 0.24044876 0.06028347 0.05850496 1 0.85782832 0.43590956 0.32247162 0.08029652 0.07164774 1 0.84925610 0.43005657 0.28114483 0.06778364 0.05517535 1 0.83891565 0.63116608 0.22093363 0.04742422 0.05277615 1 0.81780064 0.60615492 0.27052956 0.05097713 0.06553631 1 0.25856322 0.77149487 0.17909865 0.05229511 0.03915577 1 0.22655495 0.95714359 0.22227612 0.03832130 0.04815240 1 0.09450336 0.53088636 0.24337616 0.04666977 0.05099907 1 0.08751021 0.50825672 0.24197102 0.05862503 0.04797926 1 0.08120058 0.67789593 0.23592281 0.05343170 0.05348225 1 0.08002576 0.66148806 0.18231432 0.05989876 0.04422951
687,MVI_40854_img00168_jpg.rf.aaa522c4151d64e2658e53e97c4a1fc2,1 0.92834026 0.43924428 0.80129519 0.09431016 0.22271252 3 0.92374861 0.22390192 0.30645397 0.15790243 0.22582555 1 0.90233397 0.20272353 0.68928528 0.11541667 0.20082130 1 0.90129167 0.73272457 0.58651776 0.08340988 0.14352570 1 0.90113115 0.12060268 0.50417995 0.11071482 0.15055027 1 0.88455665 0.72360964 0.35181830 0.05553131 0.07660937 1 0.87380970 0.36193321 0.30111563 0.04446526 0.06772351 1 0.87246740 0.71539516 0.26076071 0.04357386 0.05912356 2 0.86108279 0.79608994 0.29149518 0.06096382 0.08509941 1 0.83974952 0.62077971 0.28799624 0.03833447 0.06819439 1 0.83749115 0.50196919 0.20789847 0.03398094 0.04816810 1 0.83134604 0.96953788 0.93187575 0.06092405 0.13624830 1 0.80771965 0.58632832 0.20438328 0.03021059 0.04688510 1 0.79786503 0.39314909 0.22167242 0.03231964 0.05498028 1 0.78281456 0.31480749 0.23352907 0.02909436 0.05018511 3 0.75647652 0.64728994 0.17836550 0.06445694 0.09585254 1 0.63664889 0.25460122 0.91013327 0.14899669 0.17589149 1 0.54688752 0.36695125 0.19723611 0.03684950 0.05537682 2 0.53273779 0.25556894 0.91005783 0.14725999 0.17701435 1 0.47300109 0.99057903 0.56743402 0.01884174 0.09849167 2 0.39920264 0.33591156 0.18949115 0.03144283 0.05659428 2 0.31587854 0.36677170 0.19794600 0.03366318 0.05850058 1 0.10898601 0.45343809 0.17295494 0.02610073 0.04433784 1 0.09780212 0.48814125 0.18112228 0.02583990 0.04249568 1 0.08486189 0.38928099 0.17396629 0.02530661 0.04029686
688,MVI_40854_img00528_jpg.rf.c94757c595a1301ce8802e830e8e386a,1 0.93251073 0.43862419 0.79396806 0.09362516 0.21837645 1 0.93004638 0.06650620 0.81691685 0.12953928 0.27248650 1 0.92373574 0.20658517 0.55133686 0.09794950 0.13730059 1 0.90992808 0.74607248 0.44860040 0.07767067 0.10390680 2 0.90907246 0.28452005 0.82600784 0.11932087 0.23595963 1 0.90178668 0.91870060 0.72409029 0.13662796 0.20359306 1 0.90034753 0.76325312 0.81822290 0.13031826 0.23715534 1 0.88406146 0.66177187 0.28552608 0.04302254 0.06076307 1 0.88267875 0.28612823 0.40040770 0.06679850 0.09563618 1 0.87990254 0.25345492 0.34636974 0.06319885 0.08065557 3 0.87728173 0.26509686 0.23549384 0.10867500 0.14407407 3 0.87431771 0.72729087 0.21357620 0.10975542 0.13736553 1 0.86680305 0.33997591 0.26305428 0.03770313 0.06593714 1 0.86439055 0.61586142 0.30588994 0.04341927 0.06731205 1 0.84019268 0.61702228 0.21063840 0.03147554 0.04748387 1 0.83318335 0.50139761 0.20791304 0.03490067 0.04973106 3 0.79931372 0.95133438 0.43330497 0.09626865 0.32155001 1 0.79918957 0.46583672 0.21626379 0.03023376 0.04865637 2 0.75903249 0.43367319 0.20752213 0.03226624 0.06406970 1 0.60753018 0.37325473 0.18891507 0.02997808 0.04547412 2 0.57019395 0.05124436 0.62119851 0.10248852 0.27308989 1 0.40894219 0.05169691 0.62545891 0.10153077 0.27830448 1 0.33841994 0.57817373 0.17665915 0.02598410 0.04096889 1 0.26130441 0.98439999 0.27925920 0.03106804 0.07016745 1 0.14238583 0.98835087 0.20719430 0.02312279 0.03733468
689,MVI_40854_img00577_jpg.rf.63cf6ed49bd1e3faa21c66647c0899a5,1 0.93179756 0.43847455 0.79386845 0.09354498 0.21959972 3 0.93015957 0.82034016 0.27481124 0.16143188 0.21327167 3 0.92840356 0.18387588 0.31990967 0.16243613 0.21625557 1 0.91457546 0.73697920 0.68906703 0.10769978 0.17902250 1 0.91162014 0.09426072 0.54715662 0.11664184 0.14713326 1 0.90079397 0.22491316 0.49844432 0.08934013 0.12814484 2 0.90035063 0.28580203 0.82654536 0.11997385 0.24021335 1 0.88597697 0.06339780 0.81752672 0.12592995 0.25561790 1 0.88008875 0.62618108 0.37454650 0.05404367 0.08520370 1 0.87746710 0.93847852 0.85066166 0.12304276 0.25007267 1 0.87644696 0.30231252 0.34394481 0.05508347 0.08617821 1 0.87594205 0.74444342 0.36008234 0.05992241 0.07822924 1 0.87204850 0.66197348 0.28171639 0.04641609 0.06267223 1 0.86823249 0.33926630 0.23871906 0.03805742 0.05824327 1 0.82231724 0.50162396 0.20793367 0.03376446 0.04970034 3 0.81712198 0.66233115 0.15967875 0.07093477 0.09519320 1 0.81518805 0.58605556 0.21408071 0.02988644 0.04799033 1 0.80079299 0.37741921 0.20594370 0.02981992 0.04579034 1 0.79699606 0.62221532 0.20641098 0.03070278 0.04561596 2 0.78521258 0.43448925 0.20916471 0.03327475 0.06512284 1 0.77484226 0.46645336 0.21522393 0.02984200 0.04965010 3 0.52626312 0.35255549 0.15724870 0.05837078 0.08419144 1 0.13347802 0.58638458 0.16575866 0.02481327 0.03721042
690,MVI_40854_img00610_jpg.rf.923202c4eedc110cdc9817da3e7d5e3c,1 0.92540473 0.43782396 0.79530878 0.09260130 0.22201195 1 0.92273539 0.14762337 0.61917830 0.12346458 0.17445631 3 0.91542774 0.10539793 0.42274652 0.20847237 0.32024851 2 0.90672648 0.28470578 0.82915850 0.11921587 0.23473949 3 0.90600729 0.73433523 0.21265786 0.10341511 0.15355258 1 0.90438348 0.77692060 0.48805528 0.08275089 0.10807276 1 0.89895362 0.78236046 0.88355841 0.14543762 0.23288297 1 0.89391422 0.25871761 0.41851168 0.07176814 0.11115751 1 0.89061916 0.30012667 0.29078035 0.05135603 0.07210784 1 0.88134277 0.68442698 0.27011125 0.04618101 0.06076636 1 0.87933195 0.65136323 0.41685990 0.06048746 0.09283850 1 0.86550075 0.59270344 0.27154651 0.03865004 0.06177688 1 0.84431046 0.35267639 0.24021041 0.03761311 0.05533018 1 0.82944274 0.63065882 0.22601435 0.03579159 0.05167322 1 0.79571009 0.50166397 0.21062982 0.03303375 0.04968138 1 0.78550714 0.96835308 0.94186377 0.06304855 0.11627226 1 0.75991720 0.46515794 0.21590915 0.03057289 0.05126762 3 0.74657661 0.31930933 0.18843653 0.07286129 0.10265183 2 0.71114320 0.43376369 0.21392047 0.03305445 0.06042271 1 0.40487772 0.40733414 0.18653643 0.02579317 0.04025564 1 0.23462570 0.97200670 0.22203970 0.05505123 0.04340272 1 0.12746610 0.57396011 0.18024113 0.02332544 0.04180331 1 0.08083370 0.01386364 0.35763974 0.02772709 0.06202955 3 0.07566012 0.63588123 0.13847989 0.05118675 0.08013480 1 0.07504754 0.43385787 0.21488428 0.03183212 0.05729009 1 0.05388105 0.60325346 0.17399856 0.02473392 0.03971777 1 0.05164280 0.44129696 0.18456125 0.03024368 0.04566193
691,MVI_40854_img00689_jpg.rf.2cfb0a7dae3f274bf4a67085182d2beb,1 0.92551064 0.43866339 0.79578938 0.09346485 0.22135363 3 0.91566092 0.18033932 0.32223291 0.16796806 0.22102804 1 0.90650415 0.10259016 0.52412167 0.11177801 0.14103050 1 0.90310526 0.06020029 0.73728037 0.11945554 0.25060825 2 0.90276897 0.28484316 0.82861853 0.11872969 0.23513718 1 0.89556628 0.93916397 0.87840197 0.12113533 0.23882594 1 0.88962078 0.94740648 0.46801291 0.10466824 0.12432747 1 0.88223177 0.60267353 0.28447719 0.03836956 0.05941687 1 0.88043058 0.25035157 0.37017760 0.06403646 0.08263998 1 0.87998235 0.70003901 0.31169453 0.05543346 0.08138771 1 0.86495799 0.33603845 0.23175836 0.03783045 0.05148201 3 0.86429334 0.72257738 0.54035293 0.14724874 0.32624795 1 0.84020132 0.50166407 0.21062396 0.03313427 0.04906750 1 0.83759362 0.63390341 0.22785225 0.03604088 0.05054874 1 0.83614480 0.58200178 0.20471101 0.02972851 0.04586525 1 0.81417239 0.46578188 0.21731314 0.02973690 0.04988986 1 0.80429679 0.40077916 0.22112961 0.02804754 0.04867954 2 0.79984248 0.43460417 0.21223562 0.03337231 0.06343904 1 0.58540487 0.38386295 0.19662770 0.03155823 0.04475520 1 0.31692168 0.62924795 0.17770257 0.02754288 0.04003997 1 0.15398934 0.96931210 0.22629654 0.05427876 0.04720926 3 0.11394578 0.64338236 0.13458859 0.04952984 0.09397714 1 0.11008620 0.56498179 0.16571944 0.02255812 0.03739362 1 0.10518437 0.48935833 0.18877813 0.02676449 0.04156420 1 0.09523025 0.98027572 0.27350636 0.03944836 0.05645313 1 0.07946081 0.44407916 0.18343768 0.02865114 0.04509606 1 0.06480195 0.45315933 0.20439400 0.02783947 0.05900060
692,MVI_40854_img00853_jpg.rf.1a7a7c1bc7a816ddb479ccfafb5ba02c,1 0.92853564 0.43869700 0.79156618 0.09359026 0.21911507 1 0.91495723 0.68139715 0.46322827 0.06904488 0.11092672 2 0.91224873 0.28495793 0.82481270 0.11988783 0.23824997 1 0.89859718 0.11612967 0.45573835 0.08806603 0.10803013 1 0.89858574 0.16976044 0.49561749 0.09357219 0.13609324 1 0.87916255 0.77628040 0.40503720 0.06754971 0.09250643 1 0.87356317 0.26910911 0.34701052 0.06171980 0.07818928 1 0.87284946 0.63125296 0.31706748 0.04846497 0.07322540 1 0.85331547 0.41798735 0.23824885 0.04136333 0.05551639 1 0.85148633 0.65664139 0.24190283 0.04083462 0.05790911 1 0.85021889 0.25860441 0.30190382 0.05238328 0.06446934 1 0.84558517 0.50153437 0.20612193 0.03382730 0.04814948 1 0.77304554 0.46575561 0.21197538 0.03068562 0.05199871 1 0.68176985 0.62902222 0.17948656 0.02932682 0.04643512 1 0.67203349 0.01663689 0.71288548 0.03324001 0.16889801 1 0.65308952 0.58474264 0.18804429 0.02716618 0.04434252 2 0.52529395 0.43216381 0.20568001 0.03892956 0.06385760 1 0.20269045 0.39717035 0.17851670 0.02853804 0.04358130 1 0.10026880 0.48929229 0.17926028 0.02789173 0.04997177 1 0.09006407 0.26233888 0.19853214 0.03920879 0.04305623 0 0.08360598 0.43327293 0.19860598 0.03996944 0.06433041
693,MVI_40854_img01193_jpg.rf.00c2b2fb5c56aa6b9bc4084cbbc6aba7,1 0.89673328 0.14250655 0.51212626 0.08993149 0.12629204 2 0.89028150 0.48090715 0.25441124 0.05888176 0.07649341 1 0.88593084 0.42214293 0.52496090 0.06557884 0.12318039 1 0.88551468 0.55391779 0.25125518 0.05000229 0.05845490 1 0.88280815 0.57051525 0.33744271 0.08275757 0.08309727 1 0.87929684 0.24695694 0.44935274 0.07085314 0.10919266 1 0.87881655 0.44402351 0.28392646 0.05088863 0.06586204 1 0.74007952 0.43000960 0.22495699 0.03106270 0.04956818 1 0.69590306 0.30923064 0.61126018 0.07392840 0.15679178 1 0.59081125 0.22744727 0.96683912 0.13548040 0.06597805 1 0.52668083 0.49789720 0.20356111 0.03660154 0.04729997 1 0.18264389 0.46668282 0.21758818 0.03441525 0.04768239 1 0.16140845 0.47043533 0.22996464 0.04090834 0.04913325 1 0.07066847 0.41338253 0.19251324 0.02637119 0.04539287
694,MVI_40854_img01194_jpg.rf.d39dac497ad6ec2e1386df06f28a78cb,1 0.90196633 0.13930131 0.51649952 0.09089239 0.12629414 2 0.89262837 0.48136711 0.25478172 0.05932465 0.07616601 1 0.89180750 0.55502262 0.25174823 0.05079193 0.05880795 1 0.88543475 0.42152677 0.52128077 0.06590271 0.12249241 1 0.88415360 0.57371140 0.33973851 0.08330040 0.08410149 1 0.87865484 0.24560442 0.45345219 0.07199059 0.11234076 1 0.87726259 0.44508791 0.28496096 0.05153732 0.06574392 1 0.75644571 0.42992105 0.22499557 0.03092403 0.04930820 1 0.73913050 0.30941958 0.60865035 0.07354002 0.15662966 1 0.54048741 0.49848418 0.20320981 0.03795071 0.04700398 1 0.47695839 0.23024609 0.96385984 0.13316226 0.07150822 1 0.21656941 0.46700435 0.21744985 0.03453884 0.04871465 1 0.21041062 0.47087984 0.22927299 0.04028606 0.04834318 1 0.13107152 0.42284813 0.21451344 0.03460646 0.05413818 1 0.10142666 0.99427757 0.85427988 0.01134949 0.15111737 1 0.09262720 0.41324863 0.19273022 0.02649517 0.04544771 1 0.05209875 0.98191857 0.22026536 0.03616266 0.04081950
695,MVI_40855_img00188_jpg.rf.09c753cdfd854aa9c57b5a6086457859,2 0.95147401 0.35187812 0.66001191 0.22254744 0.17685146 1 0.93238676 0.34792447 0.84244833 0.25767813 0.18236847 1 0.91938120 0.70619230 0.74721699 0.21519413 0.15673103 3 0.89658201 0.48119324 0.32448123 0.20144904 0.20386138 1 0.89558566 0.47674718 0.43678063 0.09807177 0.11964457 1 0.89294124 0.90472440 0.66749725 0.19055100 0.13813038 1 0.89178610 0.55561399 0.46514878 0.09997864 0.14799147 1 0.88938028 0.35137038 0.46002569 0.11930780 0.11805954 1 0.88193959 0.08833876 0.44807948 0.13921402 0.10910971 1 0.87067068 0.71952767 0.30380883 0.06955881 0.08322392 1 0.87063396 0.24589407 0.37880208 0.10477552 0.07583795 1 0.86613601 0.55389776 0.37227457 0.08311691 0.08894229 1 0.86595666 0.62574787 0.37143342 0.07619705 0.10809903 1 0.86280638 0.27600760 0.41942720 0.11337223 0.08424177 1 0.86069065 0.68494177 0.27274518 0.05670071 0.06277237 1 0.84340209 0.77007022 0.26731648 0.04969730 0.06394672 1 0.84289992 0.62522674 0.30370963 0.06992598 0.08153148 1 0.83667082 0.69215260 0.23906960 0.06427402 0.05624437 1 0.83516371 0.62566581 0.26570449 0.05847273 0.06313581 1 0.83190829 0.80954554 0.23945251 0.05099483 0.05726681 1 0.80224597 0.61694760 0.22703891 0.05113955 0.04923115 1 0.77540839 0.37863138 0.35645852 0.08927236 0.07350721 1 0.77376324 0.36009922 0.32658510 0.07664709 0.07168036 1 0.76149964 0.73993340 0.24844587 0.04990883 0.06015429 1 0.73228383 0.57918863 0.24550118 0.05247288 0.05029116 1 0.70802528 0.51842847 0.22069807 0.05196800 0.04871192 1 0.70213926 0.03130297 0.93303189 0.06239563 0.13393602 1 0.69942963 0.56877708 0.21775587 0.05438976 0.05056090 1 0.54347759 0.77738814 0.21161826 0.05708551 0.05315909 1 0.34597203 0.44977827 0.28702333 0.07058907 0.06149316 2 0.33234066 0.49745121 0.25660276 0.06088467 0.06290865 1 0.27706802 0.75148954 0.25818357 0.06420603 0.06458693 1 0.27337098 0.50031075 0.25290396 0.05874271 0.06263547 1 0.23945208 0.55632706 0.25337894 0.06698589 0.05565715 1 0.22182404 0.52733107 0.28904757 0.07082767 0.06023693 1 0.21742359 0.42495003 0.30416102 0.07791567 0.06452608 1 0.13983691 0.50182867 0.29480872 0.07074089 0.05961199 1 0.11484002 0.54466724 0.27224360 0.06814480 0.05943489 1 0.10057154 0.44474611 0.32604156 0.07658939 0.06284304 1 0.09861269 0.48729854 0.31443462 0.06918097 0.06006603 1 0.09296694 0.51811094 0.26622429 0.06996307 0.06290865 1 0.08480151 0.49487572 0.27403097 0.07097816 0.06386881 1 0.08447151 0.88066101 0.19730023 0.06319542 0.04490788 1 0.08209793 0.41771870 0.33400955 0.08079138 0.06561670 1 0.08150437 0.53251009 0.25128036 0.06622276 0.06139650 1 0.07088239 0.46757059 0.31766033 0.07305527 0.06115046 1 0.06904427 0.46878223 0.29919357 0.07329884 0.06518946 1 0.06298991 0.48303146 0.29013898 0.07061081 0.06361089 1 0.05841953 0.57092032 0.23661137 0.05631351 0.05074182 1 0.05599820 0.47585630 0.27485523 0.06354876 0.05958042 1 0.05363417 0.51390786 0.24688001 0.06070213 0.05573492
696,MVI_40855_img00245_jpg.rf.cc59590740d78f7b9cdfbe037763b5e8,2 0.94080341 0.68638101 0.64744349 0.21579008 0.17341290 1 0.92820126 0.54869595 0.83359365 0.24992657 0.17867317 1 0.90461802 0.22230325 0.68709264 0.19584570 0.13643255 1 0.90018010 0.95292353 0.66678276 0.09415274 0.14192734 1 0.89967257 0.55455189 0.46795387 0.10214005 0.14889288 1 0.88966072 0.47584009 0.43933244 0.09670410 0.11830702 3 0.88947797 0.48162370 0.32643416 0.20137606 0.20320687 1 0.88494706 0.35152421 0.46164298 0.11832762 0.11567354 1 0.87998903 0.08871892 0.44949150 0.13978966 0.11022997 1 0.87927020 0.24438592 0.37882247 0.10446051 0.07566719 1 0.87184334 0.72001133 0.30624466 0.07004700 0.08428841 1 0.86220634 0.62586160 0.37473195 0.07774363 0.10652671 1 0.85834289 0.28005900 0.41748137 0.11074448 0.08369150 1 0.85736638 0.68389258 0.27528138 0.05500383 0.06258640 1 0.85523468 0.08010734 0.91881390 0.16021448 0.16001740 1 0.85330129 0.55405712 0.37456346 0.08026733 0.08947268 1 0.84376401 0.74272361 0.25018811 0.05596552 0.06119928 1 0.83512336 0.80931101 0.24351521 0.05184479 0.05493283 1 0.83379948 0.77134895 0.26995170 0.05065708 0.06213484 1 0.82408941 0.81788218 0.94019813 0.29223857 0.11960354 1 0.81563550 0.62564144 0.26876178 0.05780172 0.06435132 1 0.81426501 0.62546968 0.30841253 0.07058954 0.08214002 1 0.80132359 0.35771761 0.33007727 0.07313833 0.07105894 1 0.79882926 0.69155507 0.24237394 0.06500015 0.05746012 1 0.79478359 0.37857385 0.35840721 0.08910656 0.07437525 1 0.79259449 0.61579266 0.22892535 0.04864120 0.05319371 1 0.77403229 0.75396457 0.21628397 0.06282740 0.05727806 1 0.70763934 0.52117128 0.22208688 0.05689564 0.04983587 1 0.68484062 0.57881618 0.24764323 0.05709038 0.05051403 1 0.65979230 0.56989689 0.21991515 0.05657291 0.05286417 1 0.39439580 0.82561114 0.20487335 0.05852046 0.04815073 2 0.36686593 0.49677267 0.25899668 0.06385765 0.06277447 1 0.29763421 0.49838829 0.25625501 0.06325684 0.06290407 1 0.28949526 0.56213427 0.25267611 0.07033272 0.05553226 1 0.27718523 0.44543486 0.29292488 0.06654549 0.06445408 1 0.22673157 0.52729855 0.29061728 0.07069550 0.06032839 1 0.20548096 0.42369967 0.30642860 0.07818270 0.06327834 1 0.11666280 0.49916601 0.30257766 0.06984606 0.06082845 1 0.11420119 0.44713259 0.31850901 0.07036991 0.06390667 1 0.11003986 0.51601210 0.26567988 0.07081928 0.06382761 1 0.10312807 0.48724999 0.31516948 0.06935425 0.05976410 1 0.10281153 0.54447193 0.27256641 0.06815605 0.05964117 1 0.09913853 0.49506969 0.27331047 0.07175579 0.06411180 1 0.08646119 0.46782689 0.31851768 0.07437353 0.06192846 1 0.08590213 0.43159385 0.32929115 0.08228416 0.06820765 2 0.07189141 0.53370886 0.24389412 0.06018801 0.05579119 1 0.07147994 0.58572874 0.22264977 0.06947308 0.05424546 1 0.07030883 0.46764030 0.29989281 0.07423344 0.06582527 2 0.06238348 0.51586204 0.24715762 0.06072321 0.05481119 1 0.06224843 0.48274240 0.29156876 0.07168522 0.06472750 1 0.05593839 0.56249847 0.23315687 0.05925541 0.05988641 1 0.05583574 0.53245063 0.25280881 0.06805172 0.06295652 1 0.05508731 0.46238136 0.28327699 0.06399002 0.05977616
697,MVI_40855_img00376_jpg.rf.206f5977e7560bfd49907921d21fa786,2 0.93535084 0.79709835 0.64379730 0.21734657 0.17372761 3 0.92618543 0.45579071 0.34015405 0.20930099 0.22183080 1 0.91463923 0.26457212 0.54617248 0.13179288 0.14410963 1 0.90955704 0.48668422 0.67581482 0.19724848 0.14489861 1 0.90400958 0.45708036 0.45639552 0.10836792 0.12575209 1 0.89855975 0.54901152 0.47078810 0.10447235 0.14857321 1 0.89132994 0.10875430 0.49668612 0.14795199 0.10002394 1 0.88523388 0.08762381 0.44152546 0.14043374 0.10100870 1 0.88348806 0.54185524 0.38052707 0.08525047 0.09039574 1 0.88192207 0.71594582 0.30650716 0.07086010 0.08463087 1 0.87657613 0.27990904 0.41368256 0.10887709 0.08277693 1 0.87466711 0.93385553 0.79778328 0.13228874 0.17664871 1 0.86453766 0.68390961 0.27223191 0.05578060 0.06243439 1 0.85767293 0.80884409 0.23994417 0.05091400 0.05578899 1 0.85721600 0.76907454 0.26763053 0.05076199 0.06403732 1 0.85653752 0.24505038 0.37637243 0.10368972 0.07614985 1 0.85130537 0.61729021 0.38159719 0.07867947 0.10993509 1 0.83723056 0.62598610 0.26493759 0.06054535 0.06327500 1 0.83511329 0.62506952 0.30512595 0.06986618 0.08431797 1 0.83462483 0.74255304 0.24676700 0.05727558 0.05767937 1 0.83275688 0.68959885 0.23790624 0.06127968 0.05800323 1 0.82033604 0.61487551 0.22610364 0.04855375 0.05066118 1 0.79301953 0.57540412 0.24750948 0.05398083 0.05359573 1 0.77220470 0.84434052 0.21561722 0.05169830 0.04716522 1 0.76086068 0.34372482 0.29571190 0.07795944 0.05804958 1 0.75880259 0.35561452 0.32928872 0.06739883 0.06621170 1 0.75749719 0.56858892 0.21479182 0.05123854 0.04716340 1 0.70426202 0.81267662 0.20431256 0.06001854 0.04980001 1 0.68549323 0.75109820 0.21342702 0.06143894 0.05321794 1 0.68031460 0.98263488 0.66932869 0.03473004 0.12575016 1 0.60678041 0.51850429 0.21761246 0.05082979 0.04770384 1 0.40255573 0.50299554 0.24433436 0.05433645 0.05642700 1 0.33422911 0.82765865 0.21106048 0.07237587 0.04972829 1 0.32981119 0.37075520 0.35888705 0.07581215 0.06774302 1 0.30551791 0.51532693 0.29324789 0.07985916 0.06455479 1 0.19222462 0.39080620 0.35573542 0.09545794 0.08431726 1 0.18103540 0.48781962 0.31600165 0.07796345 0.06651793 1 0.17799136 0.49924011 0.30325360 0.07892895 0.06606741 1 0.17492205 0.48618312 0.26260962 0.06698065 0.06642094 1 0.16683191 0.52214527 0.27547517 0.07061300 0.06082916 1 0.14795093 0.38132212 0.33316076 0.09135461 0.08026567 1 0.14203608 0.46934447 0.27617612 0.07650995 0.06783247 1 0.13988476 0.41608748 0.31601677 0.07837172 0.07187862 1 0.13924058 0.46457872 0.32602973 0.07747631 0.06421528 1 0.12582543 0.45635548 0.29177980 0.07630377 0.06895685 1 0.12543981 0.63034554 0.19095079 0.05891476 0.04508002 1 0.12360499 0.75831642 0.25852766 0.06230869 0.06625881 1 0.09677237 0.44175758 0.33659911 0.07973080 0.06584702 1 0.09455933 0.50432291 0.26613255 0.07187614 0.06715832 2 0.09311932 0.46463451 0.27777452 0.06872997 0.06883974 1 0.09225533 0.53105545 0.25910978 0.06490326 0.05668049 1 0.08968826 0.00819798 0.61427517 0.01639576 0.13809853 1 0.07467687 0.42034177 0.33835440 0.07792819 0.07031507 1 0.07308690 0.44531422 0.31563754 0.07902584 0.07073355 2 0.06187651 0.52213597 0.24245815 0.06067972 0.05545101 1 0.05772394 0.51587343 0.25180006 0.06779518 0.06328106 1 0.05754984 0.90157528 0.19809587 0.06499386 0.04461012 1 0.05623196 0.43212385 0.30398958 0.08025742 0.06994700 1 0.05154635 0.47996006 0.28980269 0.08221836 0.07067795
698,MVI_40855_img00409_jpg.rf.a8b931f1023547f12b5badfce5071eb7,3 0.93091673 0.40565413 0.37353950 0.23698637 0.24458179 1 0.92684430 0.14560895 0.70611458 0.16412115 0.22592907 2 0.92264497 0.85320091 0.64410524 0.22009544 0.17209377 1 0.90880322 0.43347158 0.47708015 0.11164560 0.13556881 1 0.90805387 0.53296895 0.48882213 0.11044054 0.15487251 1 0.90592074 0.53748150 0.67572947 0.19679413 0.14311619 1 0.89708281 0.12409704 0.49262900 0.14489159 0.09946222 1 0.89020580 0.52202845 0.39877400 0.08766060 0.09598351 1 0.87896967 0.71242290 0.31000273 0.07186718 0.08814473 1 0.86984879 0.60985088 0.38966804 0.07989368 0.11328402 1 0.85780388 0.27222304 0.41147265 0.09175949 0.08866730 1 0.85770887 0.68277278 0.27393527 0.05468607 0.06272564 1 0.84943944 0.80936766 0.23968225 0.05137901 0.05639019 1 0.84848154 0.23837504 0.37703655 0.08972970 0.07480102 1 0.84749746 0.62456484 0.30470247 0.06936550 0.08071823 1 0.84530360 0.76823845 0.26782203 0.05412617 0.06293068 1 0.83614647 0.69001389 0.23841848 0.06152134 0.05772338 1 0.82988340 0.74371471 0.24662323 0.06047926 0.05730782 1 0.82314676 0.61968575 0.26878152 0.05980740 0.06229038 1 0.81068975 0.61604285 0.22480931 0.05038023 0.04540091 1 0.78491163 0.57531900 0.24882035 0.05563450 0.05359879 1 0.76971442 0.42471533 0.26089544 0.06157990 0.05467458 1 0.76392174 0.06257067 0.41875954 0.12514114 0.08306684 1 0.75683475 0.08787420 0.44779210 0.14165027 0.10179996 1 0.75122744 0.75345240 0.21321030 0.06145401 0.05312356 1 0.75117481 0.81390097 0.20495315 0.06085277 0.05020589 1 0.73979747 0.84387436 0.21610011 0.05100803 0.04619046 1 0.72339058 0.50808945 0.24566431 0.06157036 0.05542817 1 0.71376604 0.52273083 0.27410378 0.06584797 0.05827436 1 0.69225854 0.56815844 0.21869855 0.05367889 0.05313849 1 0.53353417 0.52189474 0.21754270 0.05914021 0.04889288 1 0.41963089 0.98196130 0.80632343 0.03607721 0.17170277 1 0.38165608 0.35715599 0.34054544 0.08496428 0.08043222 2 0.34398535 0.56899238 0.21848433 0.05469971 0.05391645 1 0.23742385 0.46651373 0.32762208 0.08118172 0.06748176 2 0.22324525 0.42666836 0.29820275 0.07108202 0.07246418 1 0.18190274 0.33177340 0.35794327 0.09350753 0.07535920 1 0.14944728 0.44149294 0.29603014 0.08285542 0.07203474 1 0.14549465 0.54609799 0.21907372 0.07460098 0.05230942 1 0.13255030 0.45096369 0.33774452 0.08319817 0.06661968 2 0.12147955 0.35079298 0.34440179 0.08871584 0.08544750 1 0.11823766 0.75714264 0.25775671 0.06480293 0.06731653 1 0.11804689 0.42652310 0.34366770 0.08182261 0.06895533 1 0.10606220 0.47953634 0.31558683 0.07978630 0.06670027 1 0.09363773 0.48867264 0.30012932 0.07991199 0.06818466 1 0.08418344 0.41624570 0.31559088 0.08491421 0.07691035 1 0.08349739 0.58671150 0.22314503 0.03855915 0.05090485 1 0.07741886 0.46592259 0.29358525 0.07420855 0.06978474 2 0.07234578 0.41191001 0.31270227 0.07366247 0.07433367 1 0.07040247 0.50609932 0.28937604 0.08018742 0.06876912 1 0.06937334 0.36531320 0.31973119 0.07278919 0.06402950 1 0.06891192 0.40394754 0.35575180 0.08696032 0.07307653 1 0.06156431 0.38771152 0.32652836 0.09468098 0.07908697
699,MVI_40855_img00461_jpg.rf.cd34a1b4985dc9373a2d1cb3f758acbd,3 0.92941904 0.26542199 0.48113141 0.31767812 0.34659224 1 0.92200083 0.29079266 0.67946038 0.14101019 0.21959753 2 0.91579092 0.91495442 0.64670429 0.17009096 0.17079163 1 0.91508281 0.47094646 0.57955875 0.12137995 0.19337330 1 0.90696889 0.57158117 0.43875594 0.09247494 0.13476973 1 0.89812279 0.45138974 0.46352134 0.10415297 0.11593819 1 0.88754225 0.69959745 0.32403693 0.07442255 0.09030952 1 0.87694556 0.52026100 0.27946763 0.06956425 0.05875187 1 0.87578356 0.59401813 0.33117537 0.07634039 0.09018688 1 0.87414670 0.75898652 0.27579882 0.05566483 0.06427050 1 0.86130726 0.46136551 0.31525607 0.07865295 0.06804075 1 0.84144545 0.80885248 0.24385395 0.05208588 0.05338564 1 0.83986109 0.67531366 0.28285823 0.05798750 0.06694646 1 0.83969253 0.08624892 0.44863114 0.13498678 0.10247488 1 0.83207124 0.57085695 0.29808598 0.06865931 0.06829672 2 0.83078754 0.50429516 0.24916129 0.06006927 0.05627460 1 0.82957578 0.44694738 0.28752499 0.06828766 0.05899887 1 0.82427263 0.73964710 0.25054336 0.05658054 0.05782385 1 0.82305229 0.61574783 0.22776287 0.04925404 0.04895701 1 0.81677777 0.57583270 0.25097585 0.05966158 0.05557280 1 0.79953909 0.66073694 0.25317078 0.07003965 0.05681629 1 0.77960151 0.45358286 0.25028806 0.05755024 0.05100441 1 0.77050674 0.56775060 0.21989887 0.05288372 0.05201635 1 0.75397402 0.83995895 0.21933904 0.05980415 0.04686947 1 0.75287896 0.24390053 0.38124065 0.10038739 0.07793474 1 0.74821019 0.25707464 0.34438815 0.09199286 0.06844358 1 0.74451542 0.81335487 0.20761309 0.05737648 0.04823785 1 0.72217757 0.64443607 0.67502403 0.19106255 0.14635048 1 0.69002777 0.74357347 0.21836717 0.06054516 0.05451665 1 0.59657615 0.21071147 0.44192572 0.11619893 0.09046030 1 0.59171927 0.11497531 0.49187555 0.12110925 0.10692902 1 0.53737640 0.51576395 0.22259915 0.05734482 0.04721031 1 0.41823384 0.36845570 0.33279953 0.08535395 0.07663031 1 0.12952188 0.59821243 0.22498907 0.04857578 0.05016843 1 0.11170245 0.34097557 0.36485476 0.09356060 0.08508158 1 0.10929846 0.16344944 0.50852671 0.13063018 0.13094788 1 0.10000639 0.35546029 0.35084443 0.08401494 0.08658428 1 0.09802210 0.23314993 0.42699184 0.11550174 0.10352077 1 0.09122828 0.31665425 0.37450907 0.09961014 0.09012351 1 0.07814409 0.50853333 0.24951615 0.05915880 0.05589733 1 0.06760011 0.79849787 0.18825780 0.06096382 0.04069726 1 0.06475012 0.18040442 0.47721443 0.14294100 0.11830616 1 0.05764918 0.30507808 0.40509310 0.10634079 0.09996204 1 0.05753872 0.38820143 0.35995836 0.07794313 0.07656345 2 0.05315951 0.34719315 0.35760865 0.08575730 0.08513393
700,MVI_40855_img00478_jpg.rf.44ac784537bae78b28bb96192b9a243d,1 0.92504841 0.19427140 0.85049057 0.18359952 0.29348431 3 0.92054814 0.19220862 0.54428210 0.36028366 0.40800047 1 0.91420513 0.42550287 0.65554514 0.13707151 0.22930260 1 0.90343636 0.39569383 0.52078056 0.11438856 0.13550873 1 0.90204948 0.55050297 0.46606064 0.09964447 0.14454575 2 0.89911824 0.92646503 0.64582720 0.14685440 0.17139616 1 0.87929869 0.46235943 0.31504076 0.07386456 0.06801004 1 0.87734270 0.56780524 0.35388932 0.08144007 0.09427643 1 0.87610322 0.69129171 0.33198533 0.07858658 0.09400473 1 0.87394243 0.63996639 0.26113110 0.06533566 0.06037316 1 0.87393898 0.75324793 0.28056130 0.05915022 0.06527872 1 0.87197030 0.51848574 0.27865462 0.06834869 0.05861292 1 0.86428452 0.54431825 0.31675844 0.07706833 0.07484875 1 0.85171002 0.08750587 0.44562707 0.13739693 0.10049658 1 0.84599382 0.44686098 0.28842874 0.06883411 0.05849533 1 0.84304595 0.80886011 0.24470513 0.05259476 0.05371289 1 0.83916366 0.57498989 0.25118265 0.05931873 0.05519028 1 0.83389843 0.66965504 0.28731098 0.05907707 0.06705322 1 0.82927430 0.61667719 0.22869911 0.05186138 0.05168738 1 0.81505001 0.66829095 0.67460470 0.19146814 0.14706917 1 0.80695713 0.29240198 0.32432172 0.07582550 0.05943203 2 0.80467659 0.50544863 0.24884539 0.06030512 0.05637159 1 0.77926654 0.73484936 0.25306921 0.05814877 0.05592127 1 0.77896768 0.24123215 0.38069849 0.09456722 0.07508030 1 0.77796459 0.84190321 0.22023191 0.05493488 0.04557433 1 0.77464885 0.36146984 0.33240306 0.08178501 0.07566514 1 0.77303451 0.73243027 0.22229722 0.06061840 0.05404525 1 0.76133078 0.38069572 0.35724154 0.09031849 0.07111702 1 0.74910533 0.45507183 0.25136981 0.05867214 0.05239878 1 0.69088465 0.56728210 0.22074447 0.05370216 0.05000730 1 0.57112086 0.81055777 0.20675907 0.05553546 0.04954664 1 0.49681669 0.51428337 0.22309635 0.06282005 0.04789691 1 0.37703943 0.12365021 0.49529009 0.13036729 0.10508118 1 0.35187340 0.24724880 0.41587809 0.10981930 0.09664423 1 0.20251158 0.31132929 0.36878357 0.08815699 0.08261461 1 0.15809843 0.21270325 0.44623069 0.10966797 0.09645579 1 0.08737061 0.50853400 0.24933927 0.06031523 0.05585928 1 0.08647738 0.17743413 0.47502704 0.13298793 0.11457548 1 0.06315690 0.34537547 0.37187550 0.10756798 0.09257331 1 0.05604441 0.30254550 0.38821373 0.10070448 0.09491777
701,MVI_40855_img00646_jpg.rf.8a36438695d37520b9dcf4c29278ee1b,1 0.92293960 0.46507535 0.63240838 0.12227392 0.18312521 1 0.92155892 0.25365107 0.71860323 0.15893073 0.21955853 1 0.90204120 0.38592937 0.42650641 0.10568986 0.12412302 1 0.89455748 0.47244158 0.46476374 0.10081100 0.11814823 1 0.89398462 0.65859489 0.37303045 0.07589235 0.09002147 1 0.88954246 0.12787226 0.49942951 0.14373621 0.10079346 1 0.87836617 0.27974358 0.42561227 0.10940061 0.08281801 1 0.87763017 0.24435704 0.38715725 0.10371022 0.07471018 1 0.86959875 0.46129260 0.32166018 0.07687731 0.06839647 1 0.86871701 0.72832518 0.23778496 0.05778236 0.05492806 1 0.85967016 0.51957259 0.28493867 0.06727657 0.06065698 1 0.85636562 0.62279353 0.33529029 0.07516489 0.07962837 1 0.85432398 0.08809210 0.45390325 0.14028723 0.10047131 1 0.85105336 0.58567109 0.29947329 0.06631012 0.07332077 1 0.84920746 0.61586409 0.23432233 0.04890289 0.04839592 1 0.83752489 0.37713797 0.36673641 0.08921046 0.07250347 2 0.83364493 0.50431509 0.25462081 0.05790405 0.05592971 1 0.83078736 0.36221044 0.33622072 0.08346992 0.06874366 1 0.83030838 0.81505938 0.22662158 0.05021839 0.05194368 1 0.82909048 0.57466707 0.25465231 0.05428619 0.05567851 1 0.80048323 0.56886168 0.22724180 0.05376682 0.05143700 1 0.79515451 0.44788971 0.29525716 0.06778736 0.05945277 1 0.78066772 0.38136613 0.29378920 0.07378469 0.05455952 1 0.75349802 0.45825434 0.25647030 0.06232510 0.05424347 1 0.67538482 0.98000693 0.67829337 0.03998594 0.13275404 1 0.58169580 0.51949825 0.22633777 0.05250902 0.04542308 1 0.48968366 0.18508814 0.96239967 0.17903771 0.07476006 1 0.35687950 0.01077550 0.90325017 0.02147422 0.19349947 1 0.12995209 0.51650419 0.23929029 0.05600433 0.04532928
702,MVI_40855_img00672_jpg.rf.d72aaacbbb42b5d5dc423673db23b45c,1 0.92541587 0.36748228 0.58128939 0.12891960 0.16176510 1 0.91924852 0.32243865 0.86224155 0.17302651 0.27168999 1 0.90845460 0.24316270 0.55336337 0.13148313 0.16592236 1 0.89795387 0.59741125 0.44302135 0.09099331 0.11171446 1 0.88618439 0.07462244 0.92861214 0.14924468 0.14139366 1 0.88456839 0.12840501 0.50125546 0.14428847 0.09987326 1 0.88185936 0.24490438 0.38780532 0.10438128 0.07457552 1 0.87255138 0.67860966 0.25815439 0.06171608 0.05892725 1 0.86872363 0.37814715 0.36610634 0.08783288 0.07443919 1 0.86753124 0.28113484 0.42600017 0.11027813 0.08185062 1 0.85579491 0.57650118 0.25717764 0.05794878 0.05455914 1 0.85578346 0.55207291 0.39382336 0.08791161 0.09469352 1 0.85509449 0.77762141 0.24562316 0.05122766 0.05721741 1 0.85261893 0.08798696 0.45462294 0.13952091 0.10056591 1 0.85142410 0.52110038 0.34706178 0.08077154 0.08510861 1 0.84916055 0.36326749 0.33680270 0.08382640 0.06850934 1 0.84616053 0.46019521 0.32260058 0.07483435 0.06853700 1 0.83865499 0.52009234 0.28625717 0.06760788 0.05915036 1 0.83617294 0.61590357 0.23579810 0.04849567 0.04778376 1 0.80694151 0.44750547 0.29593153 0.06624622 0.05848241 1 0.79704356 0.38214269 0.29530306 0.07470198 0.05468969 1 0.79188108 0.56926584 0.22880368 0.05284958 0.05070467 2 0.75074625 0.50583630 0.25531285 0.05954018 0.05586820 1 0.73357600 0.45824389 0.25772643 0.06058407 0.05302610 1 0.64009953 0.52126379 0.22829399 0.05469666 0.04608607 1 0.26340166 0.54451194 0.22862592 0.07121296 0.04908686 1 0.19965470 0.49988337 0.25736213 0.06326351 0.05473356 2 0.15841547 0.87429714 0.20013909 0.05232277 0.05948558 1 0.06536885 0.51476007 0.24348836 0.05774918 0.05039644
703,MVI_40855_img01039_jpg.rf.9a841e6142ccb62dcd81e4db847f2d4e,1 0.93592346 0.31872478 0.66304903 0.14308615 0.19913864 1 0.90112162 0.12954358 0.51026964 0.14328406 0.10043774 1 0.89610362 0.51699591 0.40530968 0.07535877 0.09879675 1 0.89326292 0.08902152 0.46451812 0.13977642 0.10331087 1 0.88696676 0.38118343 0.37394257 0.09310656 0.07327738 1 0.88641143 0.28286452 0.43450173 0.11170979 0.08274386 1 0.87843490 0.72851963 0.26318626 0.05975304 0.06051049 1 0.87775069 0.52088075 0.29275446 0.06907101 0.06066990 1 0.87058765 0.46393499 0.32964268 0.07578430 0.06823273 1 0.85579866 0.56920462 0.23215837 0.05205507 0.04914236 1 0.85375088 0.24611213 0.39566901 0.10493093 0.07570386 1 0.84926754 0.57654014 0.26300199 0.05687046 0.05529790 1 0.84035546 0.61699982 0.24103947 0.04872398 0.04937344 1 0.83173943 0.36247644 0.34493632 0.07963657 0.06819582 1 0.82688332 0.39831719 0.29670939 0.06434059 0.05820432 1 0.80851662 0.84336071 0.22533159 0.05902748 0.04939270 1 0.80016184 0.45781126 0.26342874 0.05432215 0.04951487 1 0.79811209 0.44702663 0.30309727 0.06639929 0.05740643 1 0.75826085 0.52083158 0.23468356 0.05352392 0.04526129 2 0.68504852 0.50534434 0.26262436 0.06027746 0.05668678 1 0.29338530 0.50537820 0.26230261 0.06122875 0.05623116 1 0.11950355 0.54415154 0.23435555 0.06243925 0.04907360
704,MVI_40863_img00127_jpg.rf.20d13d74ff81fcbf79a5eef3df9190a9,3 0.94177866 0.68478937 0.21129528 0.32316723 0.22073830 2 0.94090319 0.78603859 0.48865196 0.19783783 0.22485406 3 0.94039875 0.45471773 0.22409692 0.26333847 0.18629923 3 0.93029803 0.15041268 0.27088384 0.17976986 0.16985761 0 0.92934108 0.28484182 0.37656033 0.17396098 0.23961854 1 0.91928208 0.91227641 0.36967578 0.17544698 0.14179621 3 0.91666341 0.66010102 0.56785398 0.57131789 0.53404646 3 0.90057844 0.33717456 0.18015885 0.19036789 0.14100871 1 0.89803928 0.17129686 0.37129209 0.08994503 0.10155530 2 0.88433683 0.39711869 0.35782800 0.11821637 0.14038954 1 0.87155050 0.67457380 0.31249139 0.15137920 0.11693511 3 0.86298156 0.16948270 0.15623046 0.15698710 0.09404595 1 0.85873574 0.09879138 0.32686815 0.08100206 0.09068232 1 0.85312247 0.95153131 0.31768742 0.09693717 0.12960987 3 0.84986293 0.03716486 0.27476072 0.07432952 0.14372139 1 0.84271598 0.55145121 0.42833896 0.16228056 0.14382000 1 0.84007406 0.26762376 0.26164312 0.07911968 0.07778926 1 0.82045418 0.27449501 0.33940642 0.10763202 0.10179839 1 0.81782782 0.43477287 0.29994466 0.11375237 0.09458108 1 0.80940336 0.28181424 0.22890213 0.07125025 0.06955266 1 0.79173964 0.72699327 0.39088006 0.15257664 0.12774019 1 0.74472582 0.21673717 0.22199488 0.06707326 0.06734610 1 0.40948468 0.98005495 0.59822168 0.03988990 0.21393261 1 0.33412039 0.97550735 0.21993234 0.04863205 0.08864040 1 0.20344444 0.96411419 0.18994454 0.07106209 0.08525727 2 0.12302768 0.67497211 0.46380200 0.17942753 0.20578213
705,MVI_40863_img00179_jpg.rf.2f507498da00009ee3b1f819a105fd95,2 0.94473350 0.78617334 0.48758025 0.19535885 0.22522554 3 0.94322997 0.45552301 0.22490504 0.26642208 0.19285331 3 0.94081503 0.68464837 0.20971895 0.32275496 0.21926240 3 0.93332422 0.15284511 0.27113831 0.18484294 0.16998000 0 0.92841691 0.28589556 0.37722702 0.17428927 0.23929043 3 0.92044169 0.66016006 0.57145950 0.57053185 0.52318857 3 0.91493297 0.33568301 0.17601205 0.18835506 0.13352029 1 0.89813095 0.17135651 0.37134359 0.08975315 0.10166659 1 0.89235783 0.91182756 0.36767232 0.17373943 0.13942962 2 0.89118099 0.39917841 0.35791492 0.11883726 0.13845825 3 0.86982304 0.16938907 0.15655800 0.15851276 0.09504983 1 0.86873996 0.67908716 0.31149712 0.14440670 0.11777973 1 0.85678744 0.09916296 0.32781873 0.08006644 0.09006367 1 0.85545754 0.28113577 0.22831004 0.06800303 0.06926508 3 0.84654880 0.03704176 0.27541175 0.07408332 0.14399118 1 0.84592265 0.95151891 0.31560335 0.09696198 0.12670774 1 0.82875782 0.60123816 0.34528320 0.14374390 0.12259364 1 0.82330149 0.55318079 0.42735864 0.16690235 0.14684618 1 0.81739426 0.27331824 0.33900218 0.10572529 0.09909420 1 0.79535306 0.33085012 0.27928786 0.08427954 0.08971152 1 0.73571932 0.21690688 0.22015693 0.06815753 0.06581693 1 0.71343005 0.97082291 0.48951445 0.05777855 0.17889919 1 0.56539506 0.23621168 0.25795591 0.07529231 0.07499800 1 0.16182745 0.97595654 0.21926153 0.04775620 0.08591504 3 0.10922495 0.97145934 0.54697752 0.05708112 0.31563072 2 0.10218548 0.96856665 0.53942642 0.06286650 0.28239937
706,MVI_40863_img00441_jpg.rf.4c21649768ab7e79b4f13941958115f9,2 0.93826061 0.78906851 0.48746309 0.20008774 0.22237720 3 0.93659401 0.68306971 0.20973449 0.32318363 0.21643963 3 0.93582314 0.45460916 0.22141213 0.26607332 0.19094057 0 0.93093616 0.28516037 0.37522707 0.17452893 0.24274454 3 0.92423230 0.15010339 0.27259325 0.18290169 0.17185470 3 0.92397082 0.66036272 0.56787025 0.57324905 0.52476232 1 0.89823830 0.17082000 0.37153382 0.09013987 0.10236034 3 0.89651459 0.33748031 0.17625809 0.19252520 0.13491726 2 0.88495231 0.39799428 0.35618374 0.12016754 0.13970819 3 0.86416799 0.16842353 0.15676858 0.15727239 0.09461441 1 0.86028343 0.62731538 0.35623879 0.16073723 0.12741346 1 0.85513800 0.09883720 0.32759328 0.08124593 0.09076786 3 0.85509086 0.03621389 0.27508488 0.07242758 0.14182796 1 0.84830481 0.90966563 0.45110469 0.18066854 0.17616587 1 0.84575677 0.28288932 0.22801032 0.06885681 0.06825833 1 0.84206855 0.67853136 0.31159792 0.14916658 0.11621618 1 0.84077489 0.95151009 0.31365323 0.09697962 0.12562304 1 0.82599348 0.55048056 0.42646551 0.16380901 0.14512949 1 0.82215649 0.27371178 0.33914790 0.10685406 0.10035191 1 0.81968325 0.91225929 0.36268153 0.17347469 0.13204708 1 0.80345255 0.32605031 0.28042622 0.08998165 0.09029493 1 0.76561570 0.21677852 0.22185514 0.06890029 0.06616378 2 0.09937069 0.96035514 0.56275687 0.07928952 0.26077414
707,MVI_40863_img00486_jpg.rf.ef144f210a10877f549c829b50507375,3 0.95686895 0.45481424 0.22310576 0.26157856 0.19067879 3 0.93610018 0.68286085 0.20846887 0.32223072 0.21382933 0 0.93511093 0.28405578 0.37418823 0.17568593 0.24306278 2 0.92272925 0.78652506 0.48808680 0.20035305 0.21822233 1 0.91906202 0.91246014 0.36235003 0.17505684 0.13992290 1 0.91564935 0.67418342 0.31086764 0.15282660 0.11706152 3 0.91469067 0.33691952 0.17626162 0.19186378 0.13651581 3 0.91251552 0.66406269 0.56886417 0.57785950 0.52385976 3 0.90583104 0.14593487 0.27068977 0.18259673 0.17030984 2 0.90179974 0.39863014 0.35628314 0.11919422 0.13700705 1 0.89860374 0.16989819 0.37096739 0.09001057 0.10301638 3 0.88933593 0.16765438 0.15514119 0.15637133 0.09452763 1 0.86962461 0.80450380 0.40517488 0.18884625 0.14096498 1 0.85869837 0.09815016 0.32709122 0.08091441 0.09098158 3 0.85703301 0.03592202 0.27520409 0.07184384 0.14185867 1 0.85452050 0.45056891 0.30712032 0.11885405 0.09670753 1 0.85297561 0.55124459 0.42593671 0.16393518 0.14251802 1 0.85147452 0.28189778 0.22784986 0.06858292 0.06897613 1 0.85042411 0.95088668 0.31401577 0.09822644 0.12823162 1 0.82558984 0.27303357 0.33756099 0.10670099 0.09968443 1 0.78024971 0.21617231 0.22063684 0.06705241 0.06887074 1 0.68177593 0.97680983 0.59458642 0.04638014 0.19024611
708,MVI_40863_img00670_jpg.rf.3114b67278820a002ac2624949681d32,3 0.94859749 0.45352470 0.22199865 0.26348398 0.18747700 0 0.93832910 0.28326950 0.37635851 0.17488179 0.24182549 2 0.93817645 0.78629723 0.48962231 0.19491405 0.21950455 3 0.93763840 0.68266292 0.21116316 0.32603121 0.21550899 3 0.92037308 0.33523886 0.17790534 0.18960080 0.13876586 1 0.91876489 0.91096458 0.36910553 0.17607651 0.13482084 3 0.91677856 0.66376256 0.57135409 0.57655985 0.52629817 3 0.91675127 0.14886972 0.27283714 0.18166549 0.17383161 1 0.90230376 0.16971941 0.37361026 0.09142990 0.10258741 2 0.89160323 0.39745803 0.35814977 0.11756105 0.13877535 3 0.88264364 0.16687746 0.15714846 0.15446730 0.09472637 1 0.86612421 0.09704166 0.33025875 0.08143636 0.08882618 1 0.85416842 0.55232358 0.42980634 0.16775551 0.14671228 3 0.85211527 0.03588814 0.27540915 0.07177608 0.14314399 1 0.84600198 0.28111300 0.22937865 0.06849632 0.06828294 1 0.84472179 0.95069012 0.31694412 0.09861956 0.13164139 1 0.84347814 0.69709625 0.37685952 0.16415863 0.13295383 1 0.83900845 0.67362747 0.31194606 0.14933968 0.11432753 1 0.81454128 0.27291551 0.33951449 0.10559034 0.10155296 1 0.75404900 0.21415470 0.22292047 0.06638670 0.06740341 1 0.48678929 0.97871699 0.59826202 0.04256582 0.20131998 1 0.14918551 0.97538490 0.22139766 0.04880486 0.10076394
709,MVI_40863_img00923_jpg.rf.72ea21a328b2eccad83832d563d3aff3,3 0.94920385 0.45378455 0.22468657 0.26266806 0.18714285 2 0.94739109 0.78541365 0.48722868 0.19681854 0.22521315 0 0.93900156 0.28419499 0.37910125 0.17537442 0.24154277 3 0.93473500 0.68165703 0.21147179 0.32165298 0.21422206 1 0.92332602 0.67408590 0.31267281 0.15347185 0.11801815 1 0.92045450 0.91097775 0.36867247 0.17510185 0.13585339 3 0.91527712 0.33698313 0.18002347 0.19352775 0.13860853 3 0.91518462 0.14997177 0.27508364 0.18449335 0.17059474 3 0.91060609 0.66713570 0.56749182 0.58444407 0.52986526 1 0.90475005 0.16968857 0.37689037 0.09106128 0.10142641 3 0.89486885 0.16715229 0.16063401 0.15468712 0.09534457 2 0.88521659 0.39562364 0.36019192 0.11493912 0.13900890 1 0.86846334 0.09700102 0.33329315 0.08097985 0.08835659 1 0.86386079 0.28111093 0.23157938 0.06815090 0.06999111 1 0.85821033 0.55208731 0.42954698 0.16446781 0.14473314 3 0.85058594 0.03651988 0.27923522 0.07303956 0.14583626 1 0.84320158 0.95034599 0.31657839 0.09930782 0.12963610 1 0.79691595 0.27153549 0.34231391 0.10548997 0.10182867 1 0.78393650 0.21457281 0.22567791 0.06791253 0.06745235 1 0.45960417 0.97955045 0.59944525 0.04089890 0.21121559 1 0.12702958 0.97550831 0.22034004 0.04861221 0.09456096
710,MVI_40863_img00959_jpg.rf.33f4bf8a67627a1019ba2e5f69116a3e,3 0.94865692 0.45346012 0.22530856 0.26380568 0.18571655 2 0.94710368 0.78619661 0.48796759 0.19611740 0.22468452 0 0.93547100 0.28424129 0.37900934 0.17478210 0.24050589 3 0.93545043 0.68255506 0.21101975 0.32605047 0.21611595 1 0.91816700 0.67415934 0.31247046 0.15313320 0.11832314 3 0.91671401 0.33542500 0.17945831 0.18932257 0.13818760 1 0.91429669 0.91253514 0.36686323 0.17492952 0.13809667 3 0.91021907 0.15058012 0.27499303 0.18536173 0.17068559 3 0.90865099 0.66728663 0.56757736 0.58380709 0.52864304 1 0.90419787 0.16979740 0.37699044 0.09134936 0.10155158 2 0.88765585 0.39541283 0.36025560 0.11451635 0.13886180 3 0.88662356 0.16747363 0.16099424 0.15494179 0.09514780 1 0.86989039 0.09718871 0.33364401 0.08078653 0.08867130 1 0.86542511 0.28090222 0.23153377 0.06771207 0.07014750 1 0.85764635 0.55185223 0.42900810 0.16405258 0.14546194 3 0.84405667 0.03689103 0.27920346 0.07378187 0.14654074 1 0.84195566 0.95016279 0.31860433 0.09958210 0.13176823 1 0.79153812 0.27205062 0.34231486 0.10454540 0.10173512 1 0.78102183 0.21477811 0.22570271 0.06745949 0.06768126 1 0.46093705 0.97844805 0.59849582 0.04310369 0.20681314 1 0.23348661 0.97532291 0.21830277 0.04902458 0.08772502
711,MVI_40863_img01004_jpg.rf.638ad390e436e3e1fbefb2d13409b0c1,3 0.94866425 0.45332719 0.22311649 0.26369646 0.18704028 2 0.94631803 0.78449831 0.48592782 0.19854279 0.22449293 0 0.94115049 0.28350038 0.37811275 0.17558433 0.24169312 3 0.93412709 0.68274980 0.21049880 0.32195005 0.21340305 1 0.92603987 0.67369499 0.31227219 0.15312901 0.11765628 3 0.91749752 0.33591003 0.17844651 0.19221315 0.13855290 3 0.91254675 0.66638794 0.56715055 0.58355122 0.53230448 1 0.91202170 0.91256957 0.36581621 0.17486066 0.13770227 1 0.90500772 0.16978900 0.37568605 0.09021163 0.10178523 3 0.90227079 0.15036030 0.27494689 0.18360829 0.17176884 3 0.89230365 0.16704569 0.15926213 0.15298548 0.09474983 2 0.88681823 0.39618659 0.35913484 0.11567688 0.13794789 1 0.86853147 0.09722936 0.33256269 0.08117738 0.08857651 1 0.86404413 0.28134015 0.23088403 0.06784172 0.06920193 1 0.85592008 0.55097442 0.42906876 0.16569939 0.14536896 3 0.84780627 0.03605795 0.27806664 0.07211570 0.14611616 1 0.84500188 0.95040397 0.31651447 0.09919186 0.13024526 1 0.80960280 0.27155323 0.34194307 0.10660572 0.10210562 1 0.77756041 0.21472147 0.22462816 0.06750011 0.06761012 1 0.51023161 0.97841773 0.59473438 0.04316434 0.21620255 1 0.14934021 0.97549534 0.22054654 0.04876366 0.09666928
712,MVI_40863_img01011_jpg.rf.16b23ded9d0307c83833e5e2f8c51716,3 0.94577223 0.45306849 0.22435515 0.26372766 0.18697886 2 0.94468528 0.78571558 0.48671975 0.19650974 0.22526484 0 0.94114721 0.28359621 0.37877638 0.17510433 0.24167361 3 0.93611896 0.68234429 0.21111901 0.32250681 0.21559854 1 0.92131013 0.67396040 0.31278820 0.15283203 0.11841850 1 0.91716975 0.91090527 0.36858897 0.17498741 0.13603258 3 0.91471452 0.33506289 0.17953105 0.19010630 0.13827248 3 0.91141081 0.66785140 0.56762334 0.58525743 0.52969568 3 0.90945280 0.15135157 0.27527678 0.18535380 0.17072406 1 0.90520459 0.16963389 0.37684245 0.09077682 0.10214853 3 0.89616281 0.16746294 0.16054823 0.15366344 0.09583926 2 0.88675833 0.39487753 0.36059384 0.11320620 0.14118023 1 0.87105626 0.09720381 0.33357477 0.08126683 0.08894300 1 0.86304641 0.28081899 0.23160377 0.06810083 0.07045783 1 0.85802305 0.55147467 0.42940555 0.16541691 0.14476414 1 0.84258550 0.95060506 0.31717689 0.09878969 0.13086801 3 0.84019345 0.03652061 0.27948031 0.07304102 0.14699259 1 0.80488414 0.27246556 0.34212070 0.10457621 0.10168638 1 0.78980315 0.21466689 0.22588515 0.06671872 0.06717157 1 0.57458746 0.97818341 0.59348221 0.04363298 0.20341072 1 0.14845555 0.97546406 0.22281599 0.04877930 0.10507264
713,MVI_40863_img01222_jpg.rf.e64af87a5390c0ef39b8161280bc0b03,2 0.94886112 0.79543161 0.48733140 0.19965324 0.22940061 3 0.94768488 0.45496188 0.22607551 0.26299970 0.18518752 3 0.93484777 0.68507977 0.21088114 0.32410622 0.21475611 0 0.92961276 0.28599781 0.38127973 0.17608033 0.23980527 1 0.92222929 0.67560968 0.31253664 0.15326929 0.11744475 3 0.91582662 0.15249309 0.27977057 0.18490091 0.16949252 3 0.91535312 0.33681998 0.18081505 0.19110470 0.13922453 1 0.91088116 0.91340065 0.36374540 0.17319850 0.13886948 3 0.90770513 0.67465768 0.56628423 0.59201269 0.53257971 1 0.89999020 0.17106553 0.37946215 0.09112070 0.10205851 3 0.89114922 0.16878520 0.16350182 0.15441201 0.09661009 2 0.87406790 0.39673367 0.36265938 0.11770496 0.14026818 1 0.86327857 0.28152950 0.23349991 0.06996055 0.07054014 1 0.85700077 0.55705271 0.43293725 0.16513939 0.14791048 1 0.85239494 0.09898590 0.33722284 0.08029227 0.08938861 3 0.84736496 0.03745885 0.28696856 0.07491750 0.14332452 1 0.84434974 0.95146241 0.31501875 0.09707498 0.12776079 1 0.79122066 0.27400064 0.34459138 0.10563383 0.10251961 1 0.76534891 0.21541367 0.22775297 0.06901569 0.06522880 1 0.09597053 0.98240065 0.59488487 0.03519850 0.20950880
714,MVI_40863_img01400_jpg.rf.3849400342c83c480d7688de02417bdb,0 0.94973594 0.32412074 0.39128256 0.18885999 0.25789013 3 0.94126320 0.45675125 0.22632492 0.26309242 0.18497066 3 0.93550688 0.68280087 0.20846962 0.32027264 0.21327287 1 0.92551172 0.68433828 0.31296465 0.15501127 0.11917334 3 0.92264903 0.15281938 0.27820432 0.18694761 0.16643481 1 0.92069787 0.91399994 0.36234710 0.17180595 0.14386640 3 0.90765750 0.33586159 0.18163545 0.19014912 0.13789248 3 0.90603662 0.74785228 0.63169513 0.50048437 0.60111437 3 0.89929014 0.16800994 0.16345323 0.15417879 0.09714353 1 0.89603287 0.17524321 0.38004353 0.10152588 0.10503297 1 0.87205416 0.28160915 0.23364987 0.06929502 0.07073846 1 0.85597497 0.09840754 0.33793364 0.08043054 0.08917379 3 0.85284609 0.03698522 0.28777695 0.07397024 0.14428020 2 0.85015875 0.40992671 0.36253781 0.09229200 0.14127722 1 0.81777424 0.95550074 0.31330929 0.08899832 0.12336168 1 0.80457032 0.30535769 0.35399044 0.11695757 0.10740008 1 0.76700878 0.72864833 0.48595914 0.20964098 0.17897761 1 0.75716084 0.21493371 0.22773826 0.06803775 0.06446896 2 0.56976002 0.95941162 0.55363722 0.08064766 0.25252228 2 0.38690457 0.55793734 0.42373796 0.16914597 0.15021181 1 0.31192443 0.27028906 0.33144407 0.10476174 0.10552139 1 0.22969413 0.54629345 0.42123384 0.14967289 0.13632593 1 0.16381976 0.97597542 0.21003771 0.04800758 0.09301423
715,MVI_40863_img01568_jpg.rf.b18c25f8b8e98ab8feabaf78765e6c4c,2 0.94225609 0.78713789 0.48753443 0.19977589 0.23785839 3 0.94033349 0.39186730 0.18173704 0.21317053 0.14869881 3 0.92913294 0.77687068 0.28604870 0.41280146 0.27226906 1 0.91364324 0.60625486 0.58832579 0.21162128 0.20224485 2 0.90943909 0.39598475 0.36014855 0.11783915 0.14288239 1 0.90878952 0.55214205 0.42808169 0.16246395 0.14200461 3 0.90090728 0.15058118 0.27449813 0.18247244 0.17070699 3 0.89595556 0.17573320 0.16211756 0.16027400 0.09696901 1 0.89081669 0.27312264 0.33773296 0.10452623 0.09945469 1 0.88911027 0.20333784 0.38871171 0.10403118 0.10996728 3 0.86127347 0.05108423 0.29772191 0.10128437 0.15668602 1 0.85841078 0.36934798 0.24886971 0.08540711 0.07953262 1 0.81806874 0.24302185 0.22714896 0.07347522 0.06870843 1 0.76355761 0.97514763 0.59300456 0.04929810 0.19402828 1 0.22928269 0.47674656 0.16298423 0.06678238 0.06329904 1 0.16266859 0.01912382 0.25162699 0.03713435 0.05957427 1 0.11809908 0.01262573 0.24409418 0.02463056 0.05729227 1 0.11050940 0.57538881 0.16059221 0.09555893 0.07450688
716,MVI_40864_img00441_jpg.rf.d450d5a1454b1ecaa78e7023ba12f354,1 0.91628307 0.55003290 0.43331256 0.16170111 0.14443283 1 0.90534908 0.27163939 0.34506059 0.10397253 0.09889517 1 0.90209138 0.50866752 0.33874812 0.12211418 0.11759667 2 0.89752269 0.39467635 0.36666253 0.11789331 0.14176040 2 0.89344585 0.15874701 0.48887243 0.11296730 0.16909971 3 0.88197500 0.43667841 0.13286231 0.19368162 0.12540493 2 0.87735695 0.83733253 0.49777799 0.30012245 0.24983139 1 0.87562752 0.72067118 0.18474269 0.11241131 0.07960835 1 0.87526470 0.86689510 0.20179191 0.12439613 0.08589562 1 0.87401652 0.58780003 0.17320712 0.09376907 0.07230844 3 0.86117548 0.15338953 0.28188777 0.18945250 0.16311846 3 0.86097306 0.09748155 0.33852859 0.19147522 0.19436483 1 0.84750915 0.23844123 0.15028090 0.05196629 0.04801011 2 0.84325641 0.80463705 0.40131989 0.20795574 0.17649965 1 0.82688528 0.31229916 0.15435117 0.06269560 0.05409882 1 0.79081804 0.67693615 0.14991708 0.09780140 0.06892381 1 0.78271061 0.95738854 0.17199187 0.08522272 0.07324152 1 0.76887417 0.55941935 0.13783555 0.08057680 0.06222858 1 0.76387155 0.28842325 0.13353798 0.05932570 0.04577589 3 0.76067650 0.91978750 0.71149082 0.16030140 0.57595387 0 0.74878991 0.12684691 0.16746962 0.05820591 0.09045177 1 0.73720050 0.97661133 0.20693383 0.04606056 0.09478084 1 0.66055286 0.82510900 0.16275581 0.11531010 0.07351515 1 0.64893031 0.79343472 0.12543930 0.10670910 0.07787917 1 0.52556115 0.20827110 0.13019446 0.03727694 0.04116924 1 0.51650023 0.22311914 0.26796832 0.06925097 0.06757479 1 0.46504983 0.33930655 0.13126788 0.04727459 0.04963582 1 0.42868015 0.16469479 0.14511056 0.04010930 0.04491119 2 0.22929077 0.13409653 0.17061542 0.04656723 0.05436277 1 0.17702596 0.80423870 0.40221725 0.20662155 0.17467222 2 0.17248048 0.94633808 0.53995824 0.10679417 0.25546532 1 0.11279440 0.05673763 0.28019044 0.05605214 0.06283717 1 0.08014091 0.14765992 0.22981620 0.05066733 0.06786375 1 0.07471009 0.01551241 0.27857597 0.03102463 0.05996604 1 0.07070577 0.48740892 0.13447293 0.07082176 0.05427148 1 0.07066092 0.16892226 0.24697814 0.06078815 0.06345301 1 0.06741490 0.43621650 0.13614047 0.06082630 0.05699046 1 0.06659829 0.60119896 0.09654242 0.07462234 0.05297256 1 0.06021575 0.39707820 0.13621342 0.06138844 0.05487165 1 0.05667908 0.19403212 0.26053021 0.07327147 0.06758037 1 0.05524049 0.00778497 0.26930008 0.01556974 0.06862454
717,MVI_40864_img00445_jpg.rf.9623bf936c450256e02eb30abf62ff24,2 0.93906307 0.78654723 0.49199343 0.20069437 0.23367310 2 0.93309128 0.81582708 0.41094050 0.21256657 0.19338579 1 0.91305977 0.55020123 0.43301114 0.16254749 0.14413321 1 0.90291768 0.51838493 0.34144626 0.12433052 0.11786489 2 0.90206099 0.39408236 0.36633196 0.11705465 0.14145861 2 0.89146596 0.17407943 0.49955320 0.11780045 0.17290592 3 0.89028370 0.43647116 0.13162124 0.18949206 0.12593410 1 0.88119453 0.27112701 0.34375281 0.10428724 0.09913731 3 0.88116914 0.11212511 0.34201601 0.20347443 0.20178046 1 0.87831122 0.72023406 0.18472567 0.11165628 0.07931552 1 0.87628543 0.58706207 0.17303298 0.09324360 0.07212353 1 0.87440157 0.86644115 0.20153582 0.12365398 0.08878460 3 0.86472362 0.15074629 0.28303492 0.18571103 0.16843953 1 0.84757739 0.23856065 0.15000367 0.05155053 0.04800439 1 0.83920801 0.31240301 0.15385375 0.06164923 0.05381489 1 0.79838854 0.68086739 0.15033488 0.10234795 0.06932924 0 0.79608804 0.13183436 0.16778693 0.05963442 0.08770828 1 0.79025757 0.95792975 0.17256131 0.08414030 0.07241507 1 0.76194525 0.55906992 0.13757212 0.08600273 0.06346567 1 0.71470153 0.97662449 0.20701027 0.04588203 0.09389038 1 0.71214068 0.29084032 0.13266778 0.05790224 0.04630191 1 0.70179451 0.23698931 0.26443219 0.06750593 0.07393770 1 0.65977448 0.21000109 0.12995391 0.04196930 0.04186025 1 0.64038354 0.82468317 0.16479268 0.11857495 0.07310500 3 0.63176149 0.95795235 0.71957273 0.08409510 0.56085434 1 0.58327705 0.16774720 0.14476831 0.03897102 0.04341774 1 0.39656988 0.34270873 0.13192251 0.04530010 0.04765196 1 0.36710009 0.76034403 0.12093828 0.09733353 0.07202591 1 0.14352059 0.06402975 0.28151708 0.05574977 0.06356697 1 0.12429328 0.17080302 0.12210128 0.03657422 0.04071159 2 0.12081756 0.13941672 0.16847138 0.04786534 0.06145411 1 0.09090645 0.18130467 0.25017595 0.06999717 0.06471071 1 0.08647655 0.31390424 0.12630720 0.06406851 0.05244226 1 0.07145466 0.20293360 0.26196194 0.07939080 0.06821914 1 0.06704778 0.48164310 0.13369446 0.07098866 0.05363083 1 0.06053080 0.43611150 0.13568411 0.05984678 0.05646687 1 0.05712112 0.17320607 0.26714189 0.06771331 0.07213674 1 0.05070647 0.07887620 0.29181757 0.07106086 0.06920443 1 0.05000234 0.39647317 0.13565722 0.06085167 0.05381556
718,MVI_40864_img00537_jpg.rf.8844523ea9f95c79fb369e891e386595,2 0.93103772 0.39450715 0.36449184 0.11838202 0.14461870 0 0.92537063 0.34719491 0.18201234 0.11691122 0.13204627 1 0.92048639 0.15984471 0.48907309 0.12498527 0.14183903 3 0.91524845 0.15078352 0.28125435 0.18328747 0.16852683 2 0.90412450 0.83886652 0.40737419 0.22170925 0.19020195 3 0.90027273 0.43889781 0.13066454 0.18788774 0.13026245 1 0.89213502 0.60892982 0.36243587 0.14090023 0.13023891 1 0.88596827 0.27084613 0.34175344 0.10509548 0.10085964 1 0.88519567 0.54901018 0.43033810 0.16048260 0.14895544 1 0.87702709 0.42876083 0.30324755 0.12262304 0.11160688 1 0.87674642 0.72001381 0.18370876 0.11010399 0.07843142 1 0.86748129 0.86557617 0.19923927 0.12370071 0.08991725 1 0.86630923 0.58810825 0.17136896 0.09484921 0.07311773 1 0.84967101 0.03179724 0.38621645 0.06334234 0.09859724 1 0.84081006 0.24171057 0.14973580 0.05105305 0.04771054 3 0.83248365 0.80538468 0.68567637 0.38923044 0.62864706 1 0.81899220 0.02042972 0.27217298 0.04056318 0.06238356 1 0.80269289 0.97695122 0.20363631 0.04605026 0.10059152 1 0.78375632 0.70413704 0.14931403 0.09509325 0.06814916 1 0.78203434 0.56197968 0.13668206 0.08380890 0.06340027 1 0.75850070 0.96305651 0.17185965 0.07388678 0.07388864 1 0.75081497 0.06537174 0.28241191 0.05681427 0.06750345 1 0.74104261 0.19246893 0.14633603 0.04459653 0.04488468 1 0.71464163 0.83749332 0.16285154 0.11588078 0.07632959 1 0.68624026 0.30653610 0.12869847 0.05207958 0.04854989 1 0.66836196 0.18410794 0.20124474 0.05059879 0.05306883 1 0.60744095 0.23066292 0.12871134 0.04210339 0.03919902 3 0.53446466 0.84440229 0.05253600 0.31088033 0.10426033 1 0.39130744 0.31033487 0.15532334 0.05786963 0.05163164 1 0.31918520 0.71565518 0.10644571 0.07492933 0.05791118 1 0.18606293 0.33250494 0.15509230 0.05775814 0.05666292 2 0.16193879 0.75315270 0.48918887 0.20234308 0.22519338 1 0.15757620 0.17613509 0.23964314 0.05928812 0.05905004 1 0.14480619 0.09950765 0.19089860 0.03681520 0.04171517 1 0.11452612 0.20412672 0.23597932 0.06256566 0.06119347 1 0.10111545 0.35055122 0.15040495 0.05606546 0.05897927 1 0.09849055 0.18925600 0.22222133 0.05799408 0.06600779 1 0.07772382 0.01211594 0.20254934 0.02408665 0.04853282 2 0.07622267 0.83492937 0.51122422 0.24887753 0.24097681 1 0.07278267 0.16085498 0.23764219 0.05351176 0.05865965 1 0.07108007 0.10710613 0.22779341 0.04304340 0.05137796 2 0.06967753 0.93281565 0.54939809 0.13410473 0.21646128 1 0.06528752 0.48971801 0.13393710 0.07143402 0.05525696 1 0.05815000 0.47057581 0.13141222 0.06718941 0.05377598 1 0.05435969 0.14730322 0.23537221 0.04992414 0.05631733 1 0.05240664 0.19296775 0.25044775 0.06994529 0.06709976 1 0.05168276 0.44500484 0.13236787 0.06283970 0.05563397 1 0.05055007 0.09257168 0.23569245 0.04921384 0.05086660
719,MVI_40864_img00597_jpg.rf.74a225cdc41cccdbd63a26464eeff7b8,2 0.94068855 0.78448315 0.48996363 0.19791870 0.23275719 1 0.92425829 0.22557862 0.53634210 0.14155717 0.15798235 2 0.92248559 0.39363179 0.36458445 0.11808271 0.14413710 1 0.92180449 0.71624889 0.84390619 0.31923466 0.31187596 2 0.92034453 0.83915536 0.41363978 0.21571240 0.19891043 1 0.91299528 0.54851832 0.43001461 0.16091537 0.14695082 3 0.90761638 0.15091902 0.28277401 0.18658559 0.16623012 3 0.90156537 0.43653849 0.13125069 0.19106123 0.12567024 1 0.89997089 0.26975126 0.34283648 0.10409880 0.09968195 0 0.89683616 0.75760641 0.22607116 0.20036411 0.20085603 1 0.89506733 0.60887899 0.36513491 0.13949318 0.13304806 1 0.88222301 0.45477757 0.30901814 0.12672043 0.11128006 1 0.87657595 0.31092353 0.15437670 0.06161785 0.05156679 1 0.86633980 0.38151526 0.24929054 0.09548998 0.08068743 1 0.85662216 0.58745403 0.17132673 0.09369946 0.07407146 1 0.84721357 0.16821287 0.19268723 0.05347929 0.04972305 1 0.84587878 0.24300447 0.14894253 0.05066061 0.04862735 1 0.82206637 0.58640594 0.13664105 0.08586617 0.06257262 1 0.81923079 0.19325325 0.14616699 0.04284005 0.04493847 1 0.81228125 0.02611324 0.27491403 0.05124465 0.06614447 1 0.80586380 0.86583042 0.19858630 0.12302666 0.09447231 1 0.80366015 0.97465949 0.59970789 0.05068082 0.18707695 1 0.78698504 0.06275913 0.28302577 0.05890052 0.06659713 1 0.78507119 0.25464725 0.24054303 0.07167554 0.06959114 1 0.77742022 0.31417480 0.12927723 0.05802774 0.04633036 1 0.75892049 0.01544930 0.37464604 0.03089840 0.08940725 1 0.75469595 0.97662611 0.20259256 0.04662094 0.10609552 1 0.71518052 0.96628146 0.17271894 0.06743688 0.07442353 1 0.58412921 0.23459542 0.12940066 0.04527802 0.03949533 1 0.54794437 0.19836633 0.12317219 0.04066391 0.03984694 1 0.41916168 0.05838423 0.20955317 0.03655779 0.05169392 1 0.36893275 0.85001185 0.16664507 0.11374507 0.07515779 1 0.29473686 0.94081306 0.12830505 0.11613770 0.07231922 1 0.23744535 0.09960728 0.17680991 0.03397651 0.04788780 1 0.22683547 0.01023705 0.20406694 0.02047390 0.04737029 1 0.20332222 0.21693654 0.13059051 0.03127279 0.03585858 1 0.16153409 0.20805161 0.12680647 0.03766198 0.04216461 1 0.15561067 0.17465338 0.24092183 0.05997679 0.05791330 1 0.14587501 0.09015538 0.23487325 0.05419853 0.05215254 1 0.11840580 0.49138041 0.13330988 0.06827888 0.05260191 1 0.08110585 0.71336789 0.17195892 0.08672543 0.08545856 1 0.07882719 0.19700634 0.24051900 0.06645060 0.06057358 1 0.07363279 0.32998943 0.13122672 0.05358610 0.04628742 1 0.07341279 0.10337710 0.23764153 0.05148244 0.05113535 1 0.06877647 0.43625035 0.13307810 0.05868721 0.05402901 1 0.06515824 0.50732841 0.12823566 0.06066475 0.05696034 1 0.06404719 0.00919584 0.25204272 0.01839148 0.05929260 1 0.06394842 0.47016449 0.13106887 0.06422138 0.05152984 1 0.06213115 0.16057577 0.23594527 0.05460458 0.05928373 1 0.06190722 0.73592491 0.18478611 0.09244938 0.08729835 1 0.06131826 0.74903431 0.10030797 0.09225807 0.06452725 1 0.05970000 0.80512562 0.23764379 0.10514107 0.09755368 1 0.05902377 0.79436169 0.18372450 0.10764523 0.09214020 1 0.05256286 0.11937673 0.23434947 0.04982748 0.05351100 1 0.05250977 0.77050414 0.17530227 0.09302702 0.08531041 1 0.05170051 0.71783390 0.20377889 0.08466644 0.07798651
720,MVI_40864_img00638_jpg.rf.4c3bfb9a1d34975f4327b84a51057f2b,2 0.95030022 0.78345337 0.49040813 0.20021534 0.23471546 1 0.93289316 0.55984297 0.75815544 0.26561337 0.27884178 2 0.92419201 0.83620005 0.41404071 0.21849976 0.20029392 1 0.91975379 0.54599695 0.43100501 0.15941257 0.14809377 3 0.90687859 0.43522162 0.12999372 0.19213400 0.12716666 3 0.90269524 0.14798380 0.28029392 0.18260753 0.16963000 1 0.90188742 0.60742888 0.36514194 0.13989220 0.13327241 1 0.89726770 0.09330504 0.44466419 0.09224188 0.11729927 2 0.89488691 0.39168489 0.36495738 0.11757426 0.14244986 1 0.89391476 0.26882420 0.34185977 0.10490093 0.10015526 1 0.87766308 0.71946259 0.18383875 0.11013680 0.08035536 1 0.87661844 0.72957187 0.31472263 0.16328497 0.11013174 1 0.87601650 0.86269398 0.20130301 0.12335167 0.09090323 1 0.87415999 0.45459943 0.31165087 0.12379770 0.11367822 1 0.87242192 0.28648984 0.20500082 0.06710830 0.06642247 1 0.86656594 0.30942101 0.15360742 0.06224251 0.05149240 1 0.86467361 0.46079922 0.26560917 0.10758438 0.08253622 1 0.84747827 0.24167247 0.14796560 0.05097327 0.04933472 1 0.84118313 0.58668318 0.17093987 0.09298916 0.07442422 1 0.83262926 0.02408343 0.27109466 0.04816666 0.06345377 1 0.81826913 0.97414784 0.60133142 0.05170412 0.18876190 1 0.81462151 0.70724554 0.15004176 0.09793358 0.06763089 1 0.81056315 0.59418998 0.13783789 0.08963499 0.06254940 1 0.80925745 0.19115604 0.14601129 0.04332330 0.04409425 1 0.78216887 0.85867701 0.16788853 0.11977615 0.07553451 1 0.77466196 0.01322590 0.33166437 0.02622938 0.08692198 1 0.76122332 0.06181052 0.28039720 0.05617534 0.06455331 1 0.73251802 0.97323141 0.20481241 0.05346127 0.09822102 1 0.72893339 0.13883026 0.18485135 0.04090261 0.04387081 1 0.71058750 0.31328206 0.12925127 0.05930023 0.04802661 1 0.54070055 0.20094380 0.12334949 0.04171910 0.04149818 1 0.52309752 0.24304032 0.12823362 0.04932203 0.04299469 1 0.47729626 0.97198357 0.18081636 0.05603265 0.07634945 1 0.42382127 0.08822245 0.19927573 0.04266719 0.04568930 1 0.25041616 0.91418715 0.09669979 0.10820751 0.08107722 1 0.17607535 0.19792624 0.13381808 0.04482212 0.04612741 1 0.17248824 0.08213334 0.20884857 0.04904914 0.05167714 1 0.16022401 0.16814101 0.23933253 0.06288280 0.06322250 1 0.14118500 0.00967316 0.24739890 0.01923090 0.05394535 1 0.13943574 0.49133205 0.13173485 0.07349377 0.05441101 1 0.13703215 0.18844700 0.24298477 0.07217216 0.06619062 1 0.09963918 0.56972661 0.11125096 0.07435217 0.05558157 1 0.09658523 0.50921578 0.12292352 0.05536537 0.05743740 1 0.09548121 0.51795311 0.98224845 0.21019802 0.03550291 1 0.08859953 0.46976852 0.13033811 0.06602364 0.05235913 1 0.08799177 0.08177131 0.22956786 0.04713609 0.05341721 1 0.07139359 0.43404493 0.13274630 0.06129532 0.05538776 1 0.06704170 0.00907959 0.20614305 0.01815898 0.05234669 1 0.06695103 0.14905183 0.21291432 0.04813209 0.05308819 1 0.06445026 0.14946136 0.23516927 0.05130935 0.06065989 1 0.06290509 0.39753280 0.13329631 0.06132164 0.05324447 1 0.06208724 0.07050557 0.24535666 0.04488623 0.05389891 1 0.06057792 0.20428485 0.23569119 0.05936328 0.06241550 1 0.05929903 0.09607663 0.23697095 0.04997802 0.05236444
721,MVI_40864_img00747_jpg.rf.d9d1b1c95020688c553f05675aa2da88,2 0.95376819 0.78409076 0.49343443 0.19907656 0.23293629 2 0.93717390 0.83744600 0.41522822 0.21755528 0.20153646 1 0.92900062 0.35218036 0.60551023 0.17972646 0.19489222 1 0.92630911 0.21259708 0.41192918 0.11017990 0.11995382 2 0.91909868 0.39225886 0.36558707 0.11889396 0.14381824 1 0.91909212 0.54794044 0.43181974 0.16238136 0.14630659 3 0.91642892 0.15039897 0.28211027 0.18319817 0.17123526 3 0.90295011 0.43697289 0.13258387 0.19288485 0.12479484 1 0.88522118 0.60698605 0.36712565 0.14023609 0.13368320 1 0.88260305 0.72094336 0.18562996 0.10977898 0.07999778 1 0.88079494 0.26976509 0.34272227 0.10559192 0.10358477 1 0.88024271 0.56587539 0.24287403 0.10220280 0.08857388 1 0.87743413 0.31138983 0.15439599 0.06216135 0.05243740 1 0.87347734 0.86408195 0.20332930 0.12495766 0.09112759 1 0.87172109 0.58761129 0.17262998 0.09196806 0.07368894 1 0.86466289 0.45445089 0.31230936 0.12271433 0.11401024 1 0.85097820 0.30157740 0.28069921 0.09429398 0.08978348 1 0.84527850 0.49170589 0.27401912 0.10453625 0.09010301 1 0.83578783 0.24198413 0.15037994 0.05106010 0.04601235 1 0.83265609 0.19282993 0.14680226 0.04359624 0.04334638 1 0.81818515 0.97438998 0.60397243 0.05121984 0.18617764 1 0.80856514 0.59608812 0.13920069 0.08945179 0.06457057 1 0.79757363 0.02640540 0.27203779 0.05133373 0.06606793 1 0.78502929 0.97530155 0.20803351 0.04927101 0.10021672 1 0.78423661 0.06338019 0.28227458 0.06052175 0.06750326 1 0.78051758 0.70919628 0.15202366 0.09783306 0.06884837 1 0.73199034 0.31370039 0.13064383 0.06001530 0.04747648 1 0.72016305 0.21515605 0.12470767 0.04373727 0.04031515 1 0.71278661 0.25819216 0.12960776 0.04985628 0.04557953 1 0.66701955 0.86226692 0.17047992 0.12318287 0.07705460 1 0.61167967 0.01301222 0.24726968 0.02602424 0.05609980 1 0.54323030 0.08808351 0.20174921 0.04496454 0.04988112 1 0.46786219 0.97672863 0.18173364 0.04629498 0.08302224 1 0.43851537 0.15805088 0.13914067 0.03539326 0.04175603 1 0.18955538 0.16489434 0.23753824 0.06161556 0.06287117 1 0.14895125 0.18977445 0.24273458 0.07299645 0.06402373 1 0.14511152 0.09101273 0.23226447 0.05561612 0.05337782 1 0.13207594 0.49184055 0.13267461 0.07495365 0.05500219 1 0.07523759 0.39691064 0.13554161 0.05886226 0.05192301 1 0.07048355 0.20750129 0.13444190 0.04986615 0.05060883 1 0.06939597 0.43593197 0.13428771 0.05942612 0.05464201 1 0.06863101 0.46957216 0.13070369 0.06424513 0.05215712 1 0.05827098 0.07495502 0.24473994 0.04496951 0.05278368 1 0.05624437 0.13745867 0.23511930 0.05583606 0.05867319 1 0.05004949 0.11878583 0.23379166 0.05322328 0.05532975
722,MVI_40864_img00772_jpg.rf.b28685cfedc2d830afb0da9526d151c8,2 0.95181197 0.78336697 0.49161701 0.19935455 0.23501444 1 0.94585538 0.58705950 0.74609785 0.25971899 0.26599197 1 0.92160386 0.54613519 0.43163958 0.16031466 0.14818659 2 0.91834563 0.39108300 0.36404972 0.11918478 0.14090261 3 0.91382200 0.14881755 0.28062215 0.18476398 0.16941590 1 0.90492171 0.34742293 0.47307792 0.14099998 0.14577799 2 0.90086579 0.83583813 0.41725255 0.22008877 0.19926145 3 0.89951462 0.43593545 0.13238672 0.19149160 0.12480071 1 0.89795101 0.26941104 0.34127920 0.10670929 0.10177341 1 0.89194459 0.60688181 0.36651871 0.13942833 0.13242164 1 0.87732536 0.71907215 0.18486447 0.10893059 0.08171334 1 0.87102497 0.45453176 0.31055064 0.12434988 0.11435871 1 0.86700314 0.31009047 0.15415651 0.06169391 0.05305393 1 0.86037868 0.31404233 0.28232336 0.09911232 0.09040527 1 0.85520887 0.58612809 0.17179310 0.09337521 0.07533994 1 0.84767246 0.86454649 0.20195942 0.12362537 0.08806467 1 0.83800352 0.81897058 0.28311472 0.14647484 0.11474485 1 0.83727592 0.24114623 0.14962560 0.05136108 0.04747202 1 0.82735652 0.19220195 0.14669328 0.04185119 0.04363899 1 0.81433702 0.97421326 0.60101557 0.05157328 0.18832569 1 0.80565679 0.76087980 0.33095000 0.16198235 0.11632848 1 0.80462205 0.02513497 0.27040136 0.05026973 0.06504326 1 0.80183750 0.70812840 0.15079343 0.09747086 0.06943088 1 0.79946262 0.59446449 0.13799353 0.08826962 0.06383338 1 0.78463358 0.06320578 0.28177142 0.05946014 0.06746526 1 0.77720475 0.97497311 0.20672697 0.04991436 0.10071231 1 0.73294777 0.25974107 0.12962420 0.04393463 0.04606185 1 0.71721119 0.87316780 0.16909553 0.11230431 0.07592599 1 0.69109398 0.31928997 0.13079264 0.05851431 0.04798045 1 0.67544395 0.21607518 0.12198417 0.04262953 0.04384537 1 0.62892842 0.01208995 0.24742708 0.02417970 0.05912032 1 0.31273639 0.15982933 0.14047480 0.03291774 0.04188390 1 0.25447524 0.08687545 0.23016403 0.04964738 0.05426211 1 0.19881049 0.09484063 0.21219900 0.04260457 0.04809670 1 0.15412724 0.50182028 0.12880173 0.06519852 0.05849079 1 0.15008666 0.19860573 0.24406073 0.06821613 0.06670427 1 0.14424324 0.17741461 0.24145379 0.06474996 0.06121216 1 0.11798650 0.16142218 0.23831792 0.05898437 0.06087799 1 0.09982037 0.48290100 0.13224282 0.06975203 0.05279613 1 0.09218124 0.21065822 0.13118290 0.04691944 0.04924819 1 0.08722066 0.10221795 0.23275709 0.05166080 0.05215893 1 0.08143073 0.43582911 0.13381089 0.05950413 0.05491886 1 0.08109342 0.07374213 0.24339795 0.04440858 0.05303373 1 0.06439258 0.39620047 0.13472854 0.06031971 0.05192997 1 0.05939462 0.45476265 0.13242340 0.06591358 0.05319533 1 0.05450754 0.13754368 0.23372188 0.05671992 0.05871449
723,MVI_40864_img01438_jpg.rf.0d6b67df506644b5ad9a9b78231e6c8e,1 0.94142467 0.83081644 0.68885632 0.27589154 0.26089935 1 0.92812794 0.54004955 0.43483924 0.16787395 0.15205176 3 0.92024505 0.86361971 0.50454307 0.27122860 0.41672363 1 0.90553790 0.17025552 0.30434306 0.08595700 0.09680724 1 0.90356958 0.44628133 0.30492992 0.13065493 0.11583767 1 0.90211970 0.29575510 0.35750237 0.11850967 0.10804424 1 0.89768577 0.60247984 0.35582130 0.14043636 0.13316369 1 0.87826616 0.50288115 0.22044353 0.10652390 0.08864690 1 0.87802935 0.73108158 0.30770552 0.16233234 0.12513041 1 0.86080092 0.48331022 0.15533596 0.07888451 0.06576033 1 0.85863185 0.36259532 0.23847229 0.08398924 0.07953105 1 0.85681921 0.34794717 0.14809513 0.06877551 0.05745447 1 0.85558432 0.22071669 0.14304004 0.05328722 0.05274096 1 0.84891284 0.05259573 0.30987761 0.08431218 0.07645373 1 0.84485298 0.32592514 0.27783391 0.10032983 0.09146810 1 0.83336574 0.94148001 0.29567504 0.11703978 0.12657604 1 0.83261222 0.24010210 0.26611822 0.08045950 0.07213006 1 0.82617366 0.17031689 0.24767036 0.06570024 0.06944880 1 0.81918854 0.69085522 0.17080741 0.11167717 0.08371549 1 0.81500715 0.11743374 0.23857923 0.05935497 0.06032734 1 0.80538666 0.37877932 0.12161905 0.06443262 0.05820305 1 0.79367453 0.07570755 0.22237463 0.04637901 0.06167278 1 0.78123039 0.04323277 0.27736721 0.07387400 0.07359023 1 0.76332593 0.16635845 0.13913555 0.04250059 0.04400887 1 0.73368597 0.49554644 0.12212385 0.07379932 0.06066172 3 0.65058368 0.97512369 0.18335987 0.04950485 0.25180352 1 0.60709757 0.03438027 0.21594491 0.03752625 0.05495005 1 0.53216833 0.85012090 0.15598245 0.11054997 0.08670921 1 0.44295081 0.95052605 0.39943337 0.09762669 0.17060738 2 0.42422003 0.20179586 0.11759659 0.04984809 0.04843214 1 0.38287014 0.00741375 0.30561025 0.01461686 0.06192727 1 0.30923453 0.91679745 0.35302162 0.16362686 0.14288006 1 0.23967446 0.20059969 0.11633222 0.04876213 0.04633732 1 0.11454410 0.00619842 0.19018559 0.01239664 0.05789933 1 0.07939032 0.03328142 0.16696522 0.03490113 0.04396489 1 0.07440211 0.79433985 0.37340958 0.16069889 0.14353976 1 0.05890003 0.88351917 0.38800094 0.15472717 0.13712630 1 0.05360727 0.02173177 0.30315602 0.04035498 0.07126184
724,MVI_40864_img01496_jpg.rf.2902184069bd91a0d494bb5a5de99113,1 0.95152950 0.83557227 0.68352766 0.27099261 0.26275234 1 0.92679983 0.26437759 0.33179626 0.10680084 0.11690598 1 0.92464310 0.46954350 0.41078362 0.16191330 0.14110088 2 0.90964538 0.82415466 0.38994524 0.22027206 0.20086236 1 0.90634912 0.59715209 0.34877436 0.14439001 0.13644547 1 0.90467727 0.83266220 0.52740817 0.23470592 0.20181570 1 0.89442909 0.44289651 0.29812107 0.12537718 0.11251822 1 0.87221879 0.50397205 0.25918293 0.11151752 0.09969344 1 0.87214655 0.08795130 0.30175133 0.09469460 0.07945576 1 0.87005025 0.72354650 0.29791803 0.14889336 0.12372036 1 0.86617404 0.67614546 0.23592920 0.13388424 0.10799747 1 0.86564267 0.91318560 0.34802282 0.17350140 0.14350457 1 0.85931677 0.32149572 0.27267256 0.09894953 0.09234953 1 0.85645801 0.45321722 0.14718815 0.08146439 0.06322656 1 0.85539263 0.20281825 0.13808649 0.04828968 0.04640434 1 0.85412437 0.94027781 0.28612256 0.11944418 0.12886047 1 0.85258824 0.28233180 0.13936702 0.06040144 0.05619237 1 0.84482807 0.66222029 0.16169252 0.10243759 0.08314786 1 0.83136189 0.23520272 0.26183200 0.07618737 0.07406101 1 0.81486261 0.16611991 0.24410689 0.06395988 0.06866226 1 0.81257826 0.05577480 0.27487044 0.07716326 0.07315845 1 0.81170237 0.48957138 0.11987491 0.08093605 0.07015514 1 0.80102646 0.11066451 0.23556004 0.06041974 0.06085501 2 0.79139978 0.24201760 0.11440170 0.05498390 0.05615735 1 0.77859312 0.67871380 0.12242813 0.09388361 0.07689405 1 0.77354151 0.11165979 0.17720556 0.04225838 0.05504313 1 0.72891039 0.06855260 0.21881323 0.04912468 0.06213760 1 0.71627307 0.97222452 0.18229721 0.05538731 0.09863048 1 0.37939042 0.00736006 0.29437423 0.01471992 0.08131456 1 0.23569877 0.02890671 0.21241278 0.03535080 0.05576736 1 0.23252879 0.12256017 0.11402512 0.03668389 0.04226923 1 0.14666672 0.15474048 0.22171543 0.05418665 0.05352807 2 0.11110249 0.00768822 0.28415835 0.01537624 0.09168358 1 0.07880893 0.12798865 0.14974413 0.03662429 0.03969197
725,MVI_40871_img00079_jpg.rf.d32621221cfb9325cc0d7a434994b1b0,2 0.95044279 0.80191488 0.76267948 0.27188091 0.32790985 1 0.91782111 0.77188768 0.34788408 0.12072029 0.11608276 2 0.91223109 0.79061241 0.57812858 0.17040920 0.20362587 1 0.91185975 0.56874437 0.59750280 0.15684414 0.17406902 1 0.91151530 0.55998602 0.38366146 0.11007214 0.10409775 1 0.90796328 0.91981935 0.56722503 0.16036110 0.19456692 1 0.90633988 0.72280951 0.46595874 0.14704638 0.11932125 1 0.88881242 0.48055954 0.46856089 0.14647522 0.11833038 3 0.88279980 0.38043518 0.32387714 0.19181051 0.21180792 1 0.88228363 0.56465721 0.77303886 0.19303627 0.27921638 1 0.88070858 0.29472775 0.38472233 0.06880560 0.09109793 1 0.87823820 0.21390128 0.39636769 0.06737785 0.09493456 1 0.86936790 0.95456009 0.75428276 0.09079895 0.20097580 1 0.86878818 0.59447165 0.29590378 0.08508072 0.07889390 1 0.86471784 0.43748789 0.23151541 0.05879784 0.05908852 1 0.85984832 0.96053786 0.42584925 0.07892408 0.14429932 1 0.80825126 0.47642794 0.28289862 0.06004887 0.07233381 1 0.79273516 0.20341523 0.31639104 0.04753795 0.06623707 1 0.73184818 0.23958879 0.27867632 0.04361496 0.06972504 2 0.55617267 0.34730380 0.20289268 0.04748797 0.05028982 1 0.53903347 0.27027259 0.24473090 0.03998232 0.04623938 1 0.15927818 0.34702935 0.20293236 0.04875073 0.04805183 1 0.05363918 0.21314674 0.25519378 0.03273591 0.04889860 1 0.05358419 0.44572535 0.32363834 0.06997128 0.09005146
726,MVI_40871_img00107_jpg.rf.d42f97b5dbf2d570d496ac00cecb5ac0,2 0.93905896 0.80009146 0.75854292 0.27674847 0.33081779 1 0.92315155 0.56750007 0.59500237 0.15855112 0.17557278 2 0.91124916 0.80819807 0.58784680 0.17220821 0.20852804 1 0.90938085 0.91896500 0.56575785 0.16206980 0.19590893 1 0.90805042 0.80692902 0.35993299 0.12956257 0.12268982 3 0.89910716 0.37881715 0.32288249 0.18194547 0.20951819 1 0.89426106 0.57227793 0.38599911 0.11366558 0.10499792 1 0.89328444 0.27344384 0.47030334 0.09087076 0.12366657 1 0.88947862 0.72323160 0.46733828 0.14897385 0.12538376 1 0.88856649 0.31680474 0.40038785 0.07843142 0.09668887 1 0.88666010 0.54180489 0.48390493 0.15654907 0.12620468 1 0.86873376 0.46366262 0.24062414 0.06270409 0.06916065 1 0.86572242 0.23490047 0.33455319 0.05576487 0.07255020 1 0.85128999 0.95263138 0.75002623 0.09375019 0.19566803 1 0.84791243 0.73775525 0.88154094 0.25693808 0.23691792 1 0.84765941 0.59782591 0.32746525 0.08163080 0.08779373 1 0.83878201 0.63448310 0.30597372 0.08469086 0.07810717 1 0.77193135 0.23880546 0.28191333 0.04452128 0.07159376 1 0.75019121 0.46600780 0.32726836 0.07455826 0.10084610 1 0.73943532 0.97546749 0.42859769 0.04886112 0.14005432 2 0.72349340 0.36603441 0.20525531 0.05141850 0.05187761 1 0.52082241 0.22498193 0.25742290 0.03873978 0.05218620 1 0.48066485 0.28067222 0.24902892 0.03762021 0.05242558 1 0.17063975 0.23089380 0.26776397 0.04875450 0.06539540 1 0.12355489 0.24698834 0.22844210 0.03795013 0.04944620
727,MVI_40871_img00432_jpg.rf.d26fdca74382519ff265b20ea1eec0d2,2 0.96159077 0.81206217 0.74119506 0.27104378 0.32983999 1 0.92253339 0.57825708 0.57897773 0.15546570 0.17129822 2 0.92039561 0.81731281 0.56692715 0.17439442 0.20818176 3 0.91716015 0.38788905 0.30547316 0.18321218 0.20813251 1 0.89870387 0.42162228 0.46086454 0.11154394 0.12799006 1 0.89771748 0.75990953 0.45573101 0.15424175 0.12398739 1 0.89502513 0.61585340 0.38322644 0.12112360 0.10636072 1 0.89408743 0.87271137 0.36987936 0.13738823 0.11311507 1 0.89313489 0.94307084 0.55645108 0.11385812 0.18506746 1 0.89073604 0.29966645 0.47560301 0.09475718 0.12632170 1 0.88641727 0.67218380 0.28997362 0.10184917 0.09930420 1 0.88323283 0.63469448 0.49994946 0.16303225 0.14278526 1 0.87882024 0.28596447 0.33878016 0.06913800 0.09787397 1 0.85478354 0.44139891 0.21810579 0.06129799 0.05618262 2 0.85307455 0.53664308 0.24333353 0.08202391 0.08224821 1 0.84920520 0.95722075 0.72978745 0.08513813 0.19707718 1 0.84467041 0.34668562 0.39631538 0.07933211 0.09751558 1 0.84244645 0.50373611 0.32759635 0.07743587 0.10225806 1 0.83848649 0.23601973 0.30600047 0.04875927 0.06816082 1 0.74578500 0.28925586 0.28284025 0.04612322 0.06266851 1 0.68218040 0.24780300 0.25901775 0.04376621 0.05591812 1 0.55868584 0.48178701 0.27990880 0.05811310 0.06808910 1 0.45585424 0.38328648 0.19864708 0.04764385 0.04659097
728,MVI_40871_img00443_jpg.rf.65290872bab21cff9bcd51986e4acf7c,2 0.96032357 0.81207247 0.73866143 0.27032356 0.32675924 1 0.92316335 0.57769194 0.57645264 0.15644379 0.17319031 2 0.92302084 0.81749268 0.56407146 0.17508183 0.20591402 1 0.92074209 0.34218175 0.52484426 0.11207490 0.14607620 3 0.91886437 0.38721843 0.30478458 0.18258915 0.20771284 1 0.89892751 0.88081827 0.36956646 0.13555794 0.11477695 1 0.89693797 0.61624269 0.38169014 0.12085094 0.10465455 1 0.89139479 0.42201610 0.45923110 0.11189775 0.12761056 1 0.89128160 0.94291444 0.55378675 0.11417093 0.18518295 1 0.88993222 0.67986617 0.29104850 0.10227547 0.10119653 1 0.88919014 0.76036425 0.45420661 0.15374031 0.12523489 1 0.88640076 0.63378806 0.49762969 0.16594000 0.14412813 1 0.87950611 0.34793868 0.39478316 0.07777014 0.09823999 1 0.87503892 0.95728188 0.72739010 0.08513107 0.19949780 1 0.86971110 0.28592706 0.33784304 0.06991606 0.09854708 1 0.85627329 0.44400578 0.21609619 0.05924263 0.05520701 1 0.84041500 0.50094690 0.32314830 0.08517876 0.10942526 1 0.83995920 0.23709650 0.30621948 0.04661102 0.06834717 2 0.82572132 0.54191084 0.24309378 0.08327312 0.08254137 1 0.65756595 0.24838691 0.25772166 0.04486370 0.05580063 1 0.60354990 0.29059696 0.28063397 0.04611273 0.06340742 1 0.44291958 0.38569698 0.19849379 0.04807863 0.04946609 1 0.14814536 0.48146000 0.27857051 0.05508118 0.06845198
729,MVI_40871_img00485_jpg.rf.e3c78c503aec252d42dd8dce539a34bc,2 0.95994103 0.81128349 0.73544192 0.27308083 0.32709551 1 0.93879455 0.57685518 0.57348299 0.15640488 0.17206640 3 0.93353373 0.38760114 0.29964468 0.18249388 0.20662313 1 0.92989510 0.63459969 0.84526610 0.24719086 0.30946760 2 0.91627705 0.81670210 0.56114368 0.17338748 0.20393085 1 0.90671813 0.42149410 0.45610576 0.11381369 0.12869177 1 0.90467346 0.63286042 0.49330826 0.16475105 0.14485655 1 0.90122598 0.75868821 0.45106664 0.15362215 0.12481337 1 0.89776486 0.90421085 0.37328532 0.14173317 0.11702590 1 0.88881797 0.70428634 0.29511094 0.10713406 0.10639410 1 0.88605940 0.94278397 0.54875565 0.11443186 0.18216028 1 0.88464320 0.61561270 0.37781000 0.12213135 0.10362692 2 0.88240379 0.56573696 0.24747424 0.08892994 0.08642550 1 0.88113898 0.28482649 0.33315434 0.06973014 0.09931555 1 0.87836069 0.34689951 0.39062960 0.08080950 0.09755054 1 0.87726480 0.45655460 0.21522906 0.06115723 0.05671420 1 0.87473154 0.50239115 0.31939869 0.08118496 0.10465832 1 0.85091728 0.95687542 0.72037191 0.08540268 0.18869972 1 0.81632477 0.23733048 0.30382452 0.04819889 0.06717548 1 0.73143023 0.28783998 0.27637420 0.04591122 0.06277523 1 0.72983789 0.24644604 0.25438733 0.04289198 0.05545511 1 0.61857343 0.39770055 0.19968613 0.05270672 0.05491836 1 0.06092112 0.27387505 0.21839573 0.04051819 0.05468445 2 0.05138977 0.18806620 0.25220160 0.04294968 0.07546406
730,MVI_40871_img00690_jpg.rf.b39f666bfe30d7bc9c1a8c74359788e1,2 0.96637595 0.81473825 0.71254311 0.27006421 0.32555065 2 0.93069011 0.82184162 0.54161935 0.17495041 0.20929451 1 0.93041462 0.58173647 0.55467796 0.15601101 0.17140846 1 0.92023778 0.90936356 0.35489132 0.14290104 0.11758971 3 0.91869593 0.38842406 0.28201352 0.18542757 0.20605372 1 0.90492845 0.61853833 0.35882154 0.12274437 0.10612068 1 0.89475763 0.76356297 0.43049709 0.15492401 0.12543237 1 0.89406848 0.42485474 0.43830504 0.11185210 0.12727690 1 0.89055455 0.50719557 0.30321679 0.08038311 0.10257359 1 0.88911104 0.63840251 0.47519398 0.16414156 0.14161797 1 0.88626957 0.94475074 0.52986145 0.11049833 0.18327179 1 0.88598228 0.95851402 0.69883490 0.08260002 0.18964863 1 0.87997353 0.72320967 0.28029270 0.11066093 0.10839520 1 0.87191057 0.35005836 0.37425430 0.07709627 0.09699349 1 0.85454202 0.21535416 0.36012487 0.06631793 0.09121742 2 0.84790885 0.61275487 0.24178167 0.09616251 0.09188622 1 0.84702247 0.28819735 0.31656938 0.07120132 0.09825821 1 0.84601301 0.51205845 0.21417064 0.07264786 0.06811782 1 0.84272242 0.44537034 0.19494584 0.05649548 0.05568624 1 0.81297153 0.24070578 0.28677411 0.04594641 0.06795712 1 0.79902488 0.50230923 0.24889588 0.06996212 0.07795887 1 0.76827073 0.29214854 0.25880086 0.04659348 0.05814004 1 0.73343766 0.25059032 0.23661349 0.04101181 0.05442867 1 0.55228108 0.39346399 0.16837568 0.04895306 0.05034044 2 0.19992326 0.21368918 0.25132084 0.04818692 0.08377957 1 0.06227819 0.40866699 0.16869265 0.04217501 0.04951706
731,MVI_40871_img00882_jpg.rf.5d781f2d6e7efcf1374ef4e2914c7918,2 0.96981478 0.82143221 0.70087471 0.26983814 0.32604980 1 0.92994428 0.58608799 0.54041171 0.15637941 0.17332439 1 0.92817849 0.64320202 0.46192436 0.16332169 0.14481468 1 0.92349660 0.43120890 0.42694198 0.11262341 0.12676256 2 0.92298406 0.82727728 0.52625875 0.17474899 0.20936584 3 0.92260027 0.39378562 0.27079585 0.18463736 0.20679803 1 0.91801679 0.76848974 0.41724197 0.15135937 0.12604406 1 0.90887755 0.77776108 0.28187408 0.11945705 0.11577940 1 0.89192659 0.62327080 0.34326930 0.12111149 0.10410523 1 0.88692403 0.35549445 0.36065867 0.07824163 0.10043302 1 0.88392115 0.51189394 0.29003060 0.08311005 0.10180211 1 0.87124860 0.94781556 0.51339598 0.10436868 0.17837830 2 0.87121439 0.62120171 0.22806225 0.09766731 0.09126948 1 0.86704469 0.29389994 0.30550988 0.06789694 0.09760594 1 0.84385026 0.51758738 0.20154498 0.07101212 0.06831555 1 0.83318770 0.96144519 0.68639603 0.07710943 0.18213730 1 0.82107919 0.24571576 0.27463698 0.04488068 0.06773615 1 0.81452751 0.51052780 0.23857098 0.06937761 0.07544775 1 0.78709865 0.45142617 0.18032804 0.05676012 0.05607357 1 0.77682739 0.29754410 0.24505854 0.04481344 0.05839729 1 0.76687473 0.25396113 0.22570233 0.04119525 0.05392866 2 0.22225951 0.21780648 0.24389651 0.04733419 0.07512608 1 0.13808918 0.21792174 0.24298890 0.04767493 0.07632442 1 0.12403852 0.39823453 0.15474832 0.05235877 0.04861805 1 0.08865846 0.28095839 0.18954725 0.04009938 0.05545902 1 0.07051492 0.42961950 0.19664935 0.04903202 0.05813682
732,MVI_40871_img00998_jpg.rf.a6fc95bbaca1dbabd10830c352d1e1ed,2 0.97427779 0.82381725 0.69632535 0.27339230 0.32780943 1 0.93095601 0.58904724 0.53518772 0.15663509 0.17165642 1 0.92783511 0.90632534 0.31858957 0.14849682 0.13636494 3 0.92693514 0.39526377 0.26380033 0.18466434 0.20263176 1 0.91210264 0.64444213 0.45418187 0.16371822 0.14351385 2 0.91156739 0.83017759 0.52159014 0.17854519 0.20600834 1 0.90345812 0.43349657 0.42108213 0.11210642 0.12587335 2 0.89547515 0.70237980 0.24496575 0.11501198 0.10274571 1 0.89219165 0.62655821 0.33905473 0.12164230 0.10533590 1 0.89200497 0.80182791 0.42355787 0.16178150 0.12911470 1 0.88916469 0.51388316 0.28508472 0.08216219 0.10119362 1 0.88257587 0.35757079 0.35625215 0.07857456 0.09797478 1 0.87183189 0.52026129 0.19587219 0.07265720 0.06884079 1 0.86929250 0.95032487 0.50541306 0.09935006 0.18007460 1 0.86137682 0.29542212 0.29909458 0.06781988 0.09738016 1 0.83461106 0.96369662 0.67851181 0.07260656 0.17826176 1 0.79732913 0.24831076 0.26905072 0.04565678 0.06786366 1 0.79367715 0.45465980 0.17292321 0.05137234 0.05367517 1 0.78993309 0.51147470 0.23273218 0.07129555 0.07521548 1 0.77472538 0.25755455 0.21942375 0.04235907 0.05481372 1 0.69795883 0.29978580 0.24002311 0.04719677 0.06143303 1 0.31542844 0.21960876 0.23835487 0.04397283 0.07163992 1 0.30345950 0.40091414 0.14824030 0.05023308 0.04537730 2 0.11979444 0.21849617 0.23720965 0.04332277 0.07398829 1 0.05668034 0.28370078 0.18379045 0.03958611 0.05261450
733,MVI_40871_img01065_jpg.rf.b89bac8f628753934c14afd912939303,2 0.97704154 0.82458131 0.69414501 0.27307591 0.32879505 1 0.93506080 0.58911228 0.53296328 0.15537529 0.17204094 3 0.92008024 0.39578481 0.26122458 0.18393478 0.20092158 1 0.91279578 0.91226616 0.31872849 0.14680862 0.13739138 1 0.90898627 0.64440145 0.45327072 0.16329679 0.14391565 1 0.90631372 0.43318814 0.41870356 0.11204512 0.12713995 2 0.90159214 0.73721914 0.25401425 0.12026854 0.10971360 2 0.90131772 0.82934840 0.51972089 0.17412143 0.20605211 1 0.89988267 0.62664108 0.33763170 0.12204762 0.10574021 1 0.89542288 0.80354385 0.42242236 0.16146832 0.12949772 1 0.88413692 0.35790496 0.35345182 0.07852306 0.09765224 1 0.88144481 0.51459141 0.28352482 0.08203220 0.09900899 1 0.88080353 0.52072167 0.19320794 0.07298307 0.07017772 1 0.86991704 0.95048518 0.50282421 0.09902944 0.17903690 1 0.83963513 0.96315675 0.67566528 0.07368631 0.17886543 1 0.83647150 0.29587717 0.29730446 0.06908283 0.09522243 1 0.81893969 0.24949989 0.26801805 0.04549952 0.06916199 1 0.81603247 0.51336803 0.23006448 0.06956625 0.07622529 1 0.79771924 0.25815544 0.21773374 0.04209690 0.05480599 1 0.77073973 0.45432491 0.17239132 0.05202122 0.05563703 1 0.73243731 0.29931157 0.23760648 0.04651866 0.06084833 1 0.55175251 0.40176511 0.14525721 0.05120497 0.04747925 2 0.42636168 0.21964839 0.23565769 0.04637399 0.07625685 1 0.14713512 0.21987174 0.23107763 0.04461808 0.07793931 1 0.08451795 0.28298838 0.18169876 0.04270139 0.05358102
734,MVI_40871_img01080_jpg.rf.a377fb524c1a1cfe1a68bff5ec4d61a7,2 0.97761428 0.82526286 0.69328771 0.27369266 0.32873812 1 0.94045937 0.58980799 0.53253326 0.15561352 0.17244129 3 0.92212856 0.39609036 0.26115794 0.18368864 0.20288343 1 0.90914476 0.43417721 0.41839261 0.11141882 0.12699575 1 0.90866745 0.91235085 0.31806912 0.14750957 0.13664904 1 0.90297794 0.64513149 0.45280318 0.16360302 0.14398842 2 0.90257621 0.83076763 0.51925569 0.17688560 0.20617437 2 0.90109921 0.73902936 0.25394703 0.12032061 0.11025027 1 0.90007460 0.62720709 0.33733137 0.12202511 0.10633869 1 0.89640385 0.80432644 0.42239152 0.16193638 0.13002832 1 0.88148731 0.51470766 0.28147817 0.08272228 0.10211248 1 0.87818956 0.35846066 0.35219274 0.07787757 0.09747820 1 0.87447995 0.52107735 0.19282410 0.07305508 0.07015896 1 0.87318665 0.95071063 0.50301566 0.09857854 0.17993956 1 0.83925837 0.51285448 0.23101511 0.06883564 0.07616310 1 0.83547753 0.29640486 0.29675834 0.06949987 0.09551620 1 0.83328247 0.96448531 0.67529268 0.07102918 0.17726383 1 0.82842094 0.24925728 0.26632099 0.04610281 0.06929202 1 0.78814352 0.25873737 0.21779041 0.04195738 0.05582143 1 0.76500773 0.45396385 0.17125241 0.05229149 0.05535486 1 0.73338902 0.30024810 0.23866160 0.04691296 0.06317377 1 0.61685175 0.40227128 0.14546146 0.04970586 0.04697356 2 0.29594752 0.22048778 0.23554111 0.04623863 0.07566609 1 0.19775693 0.22087259 0.23209190 0.04422755 0.07654306 1 0.07191499 0.28380289 0.18039154 0.04075594 0.05347764 1 0.06681181 0.44373674 0.18267636 0.06192474 0.05823927
735,MVI_40871_img01311_jpg.rf.505d63edf1aa5c5005cb58caefcc6e25,2 0.97420859 0.82640657 0.68534918 0.27453136 0.32529430 1 0.93473041 0.59136353 0.52292619 0.15617371 0.17130013 3 0.92528909 0.39822009 0.25418896 0.18241010 0.20827934 1 0.91250587 0.43532877 0.40773145 0.11190014 0.12718656 1 0.91194278 0.64586382 0.44229382 0.16226311 0.14396746 2 0.90823853 0.79556646 0.26091371 0.13399639 0.12191343 2 0.90478212 0.83138964 0.51080122 0.17704310 0.20212345 1 0.90357715 0.80600188 0.41303844 0.16367106 0.13393784 1 0.89576852 0.95163631 0.49307857 0.09620438 0.17399645 1 0.89280790 0.62842360 0.32687168 0.12343159 0.10659533 1 0.88182980 0.35961652 0.34396405 0.07807875 0.09536352 1 0.87866211 0.56019201 0.19387875 0.08072262 0.07303176 1 0.85590756 0.51902514 0.27090435 0.07979774 0.10061951 1 0.84936190 0.96505065 0.66390648 0.06989851 0.17335129 1 0.84140563 0.29777462 0.28737993 0.06779342 0.09569569 1 0.83461940 0.51590791 0.22202339 0.06622257 0.07896767 1 0.81302291 0.25974426 0.20643769 0.04228258 0.05276107 1 0.80621350 0.25070515 0.25682120 0.04487619 0.06800690 1 0.80350453 0.45770679 0.16202126 0.05456514 0.05605979 1 0.79132122 0.97437911 0.34410667 0.05124158 0.15178127 1 0.66616178 0.30200515 0.22775300 0.04524918 0.05981784 1 0.10352745 0.40249346 0.13605211 0.05037577 0.04711399 1 0.08781210 0.22141621 0.22416241 0.04351797 0.07613096 2 0.05506438 0.22070982 0.22606859 0.04312773 0.07459464
736,MVI_40871_img01543_jpg.rf.9ac8abd361100ed1795edc888003db92,2 0.97583812 0.82611971 0.66745572 0.27360973 0.33185396 1 0.93861037 0.59137392 0.50659742 0.15666332 0.17113018 3 0.91989321 0.39713740 0.23586469 0.18121634 0.20182734 2 0.91685587 0.91866283 0.28935816 0.16085052 0.14115710 1 0.91017562 0.43470144 0.39318857 0.11200352 0.12535172 1 0.90251130 0.64621844 0.42735066 0.16404161 0.14434872 1 0.90046698 0.62925262 0.31167383 0.12352371 0.10845480 1 0.89841849 0.80637932 0.39641221 0.16179905 0.13040662 2 0.89605087 0.83256540 0.49527627 0.17511463 0.20563867 1 0.88225526 0.35933485 0.32826562 0.07942924 0.09648552 1 0.87953842 0.95209975 0.47683873 0.09580030 0.17970324 1 0.87915844 0.51620579 0.25638533 0.08318691 0.10268588 1 0.87624317 0.60697594 0.19489155 0.08463573 0.07668304 1 0.86826837 0.72334728 0.22957759 0.11276703 0.09273995 1 0.83886385 0.96488032 0.64881945 0.07023916 0.17568636 1 0.83394969 0.29806409 0.27181895 0.06916590 0.09620852 1 0.82886887 0.51568766 0.20596895 0.06709843 0.07559071 1 0.80456144 0.25052867 0.24295855 0.04542742 0.06863441 1 0.77252197 0.44432755 0.13462054 0.06133947 0.05983844 1 0.74555981 0.30027747 0.21071882 0.04576445 0.05731679 1 0.70716715 0.25949359 0.19167430 0.04052258 0.05541801 1 0.09826460 0.22130767 0.20937483 0.04427584 0.07540259
737,MVI_40871_img01609_jpg.rf.f43c7154da2b9fa45a3de007f1f85de8,2 0.97731954 0.82672427 0.66464291 0.27398982 0.32971725 1 0.94186622 0.59224033 0.50623140 0.15669899 0.17178173 3 0.92764360 0.39776943 0.23591437 0.18203263 0.20102893 1 0.91439676 0.43525519 0.39241922 0.11220121 0.12544026 2 0.91065663 0.92535954 0.29025292 0.14923325 0.14416280 2 0.90663779 0.83294382 0.49278526 0.17484760 0.20704851 1 0.90510207 0.95261850 0.47473078 0.09464512 0.17537050 1 0.90305012 0.80688727 0.39533105 0.16184306 0.13044319 1 0.90139818 0.62955155 0.31018667 0.12371387 0.10766792 1 0.89565003 0.64743423 0.42639284 0.16427174 0.14425135 1 0.88645017 0.51815753 0.25515885 0.08230333 0.10288572 1 0.87917089 0.35967460 0.32748518 0.07843943 0.10008984 1 0.87309885 0.72459059 0.22836685 0.11400318 0.09273454 1 0.86669588 0.60891695 0.19368734 0.08555927 0.07720947 1 0.82968992 0.96534633 0.64720659 0.06930714 0.17524338 1 0.82944274 0.29808826 0.27145727 0.06859245 0.09712806 1 0.82040387 0.51596785 0.20517554 0.06652050 0.07503883 1 0.80321479 0.25061142 0.24294550 0.04489036 0.06825886 1 0.80145985 0.48410449 0.14347787 0.06548052 0.06059885 1 0.70575333 0.30132546 0.21071863 0.04641972 0.05720029 1 0.67285651 0.25975456 0.19159495 0.04038591 0.05459497 1 0.16750686 0.41326094 0.13285412 0.04831686 0.04964087 1 0.08603095 0.22195761 0.21001645 0.04448457 0.07478551
738,MVI_40891_img00034_jpg.rf.85fe8b83d5f6d07a7a077efa16fddf4e,1 0.93650657 0.44813190 0.69999356 0.21166430 0.17374973 1 0.92865539 0.76365900 0.69105611 0.23470688 0.19398880 1 0.92439967 0.71862755 0.50969272 0.09137554 0.17893915 1 0.92226714 0.15802081 0.66033826 0.20802321 0.14876804 0 0.90065199 0.66868048 0.25253529 0.07416897 0.10960552 1 0.87779099 0.04662306 0.80556638 0.09291985 0.18247533 3 0.87641400 0.74235182 0.90101228 0.49611492 0.19797524 1 0.86070037 0.71656055 0.39280431 0.07199631 0.11949649 1 0.84997308 0.64779172 0.17141440 0.06519022 0.05138533 1 0.84187758 0.52982936 0.15916324 0.05857849 0.04318867 1 0.83445007 0.26363454 0.21853201 0.07146206 0.04761028 1 0.83227110 0.76847134 0.27812161 0.05726643 0.08350830 1 0.82429779 0.03074776 0.34340630 0.06149532 0.07157717 1 0.82397115 0.80045471 0.22872427 0.05110264 0.07257395 1 0.82168680 0.43699970 0.17727922 0.07363987 0.05259531 1 0.81923193 0.74844341 0.32236056 0.05642366 0.10358152 1 0.81333905 0.35158620 0.20142898 0.07048988 0.04694816 1 0.80548668 0.96920109 0.67000618 0.06154289 0.16425619 1 0.80479950 0.09834348 0.25471439 0.08383429 0.05006971 1 0.80324239 0.29563775 0.19479439 0.06467724 0.04701238 1 0.79976249 0.21051106 0.22143174 0.06444974 0.04481515 1 0.79114330 0.81762667 0.19001555 0.05233593 0.06505213 2 0.79038090 0.49158278 0.14458375 0.05976448 0.05581632 2 0.75520563 0.39809132 0.16413167 0.06805954 0.05143919 1 0.64050013 0.95220427 0.87413168 0.09559126 0.14833908 1 0.64026523 0.56435328 0.85150814 0.20390396 0.19855080 2 0.55744070 0.86652975 0.91938953 0.26269493 0.16030388 1 0.33225009 0.82434483 0.17054346 0.04688721 0.05292368 1 0.25195512 0.57086444 0.80781651 0.19123583 0.11058941 1 0.23834550 0.39637849 0.16157610 0.06648192 0.04767683 2 0.15385738 0.63653235 0.95210261 0.27152052 0.09579458 1 0.15157808 0.66889343 0.13596342 0.05761642 0.04278507 1 0.08993965 0.81073341 0.20419855 0.05334988 0.08572340 1 0.07448500 0.88678493 0.16181730 0.03974838 0.05193260 1 0.06128670 0.53900890 0.12278625 0.05339584 0.03680489
739,MVI_40891_img00102_jpg.rf.d828f0c507846f7acafd6825e7541310,1 0.95367539 0.25583033 0.82569790 0.24201423 0.22282333 1 0.94402140 0.61712713 0.76659470 0.23762398 0.21571960 1 0.93613535 0.76416664 0.68853054 0.23459702 0.19584084 1 0.91756034 0.27619045 0.67296028 0.21315222 0.16222668 1 0.91082233 0.71851206 0.50739284 0.09121141 0.17915411 0 0.88922453 0.66874123 0.25185757 0.07501984 0.11145973 1 0.88204092 0.31819792 0.24612019 0.07587080 0.06281228 1 0.86058754 0.71559176 0.39375238 0.07203770 0.11987963 1 0.85717207 0.94425058 0.92540903 0.11149864 0.14907074 1 0.84120357 0.96911502 0.66653395 0.06176977 0.15738716 1 0.83425963 0.79918756 0.22666843 0.05230694 0.07280107 1 0.83303338 0.52976437 0.15779121 0.05971184 0.04253359 2 0.82089889 0.39561915 0.15973299 0.06562557 0.04730334 1 0.81385583 0.76712284 0.27770448 0.05707722 0.08519788 1 0.81230491 0.35096416 0.19691534 0.07097321 0.04664931 1 0.81038702 0.43624867 0.17514298 0.07450697 0.05411286 1 0.80934113 0.26070864 0.21670399 0.07117219 0.04807720 1 0.80862510 0.74848423 0.32044048 0.05730782 0.10145130 2 0.79856133 0.49056621 0.14325819 0.05850286 0.05612741 1 0.79556924 0.20934184 0.22059014 0.06248913 0.04410973 1 0.79214323 0.70360513 0.16309608 0.07299519 0.05341225 1 0.78810853 0.29503989 0.19309847 0.06407938 0.04834890 1 0.77876949 0.81701641 0.18847556 0.05159664 0.06159859 1 0.69159871 0.09912267 0.25366945 0.08206663 0.05028229 1 0.35088858 0.82527828 0.17013909 0.04477596 0.05717614 1 0.13325943 0.77146759 0.12802129 0.06251087 0.04073172 1 0.12552229 0.89890575 0.16339071 0.06582508 0.04873052 1 0.11580389 0.23151307 0.21913486 0.09862304 0.04761710 0 0.08988256 0.96526174 0.47064924 0.06947632 0.40311661
740,MVI_40891_img00295_jpg.rf.54b9f6e316c9951a5f458c56feba89de,1 0.92935526 0.47414641 0.72355213 0.22775984 0.18616123 1 0.92670453 0.71690831 0.51166101 0.09247408 0.17768717 1 0.91557640 0.89482040 0.87874527 0.20765724 0.23960533 1 0.91445178 0.76155500 0.68564911 0.23173828 0.17949781 1 0.90989304 0.13056617 0.69904404 0.21080103 0.17583237 0 0.89655817 0.66649981 0.25583665 0.07334404 0.10645032 1 0.88116544 0.29370046 0.26203122 0.08432064 0.06619530 1 0.87230599 0.79531298 0.23536675 0.04970207 0.06764178 1 0.85384029 0.70354404 0.16591299 0.07067089 0.04955711 1 0.84735006 0.71182857 0.40001000 0.07041569 0.11893694 2 0.84538752 0.48666611 0.14733045 0.06200523 0.05525947 1 0.84181541 0.26001844 0.22086263 0.06672325 0.04660692 1 0.82260019 0.43315648 0.17954316 0.07371371 0.05159974 2 0.81959993 0.39103646 0.16556873 0.06151495 0.04885559 1 0.81392050 0.52664700 0.16215144 0.05714493 0.04295688 1 0.81194484 0.29406643 0.19735469 0.06704473 0.04641201 1 0.80837852 0.20823727 0.22389245 0.06300592 0.04461961 1 0.80798882 0.34925032 0.20336189 0.06846857 0.04702798 1 0.80505902 0.96756639 0.67219663 0.06453075 0.15748634 1 0.80067384 0.74806137 0.32084804 0.06279516 0.11115484 1 0.79373342 0.81197507 0.19558368 0.05760884 0.06234837 1 0.78706455 0.76615715 0.28024306 0.05686398 0.08361359 1 0.77304357 0.09711134 0.25552480 0.08419008 0.05229712 1 0.69587636 0.02667007 0.90307159 0.05314159 0.18036346 1 0.68028873 0.82152939 0.17225282 0.04496059 0.05021801 1 0.63495135 0.50263519 0.96740131 0.34070454 0.06486568 1 0.31148505 0.89272642 0.16623650 0.05709362 0.04997716 0 0.19890833 0.96316914 0.48107138 0.07366152 0.27142925 1 0.18530248 0.96748304 0.46395392 0.06503372 0.22945642 1 0.11773089 0.75201278 0.13154458 0.05568705 0.04017410
741,MVI_40891_img00615_jpg.rf.9a4926d7fc8d0099c6aa71e1d3d7b040,1 0.94901735 0.37155814 0.77527137 0.23602438 0.17729502 1 0.91431880 0.81367121 0.60566268 0.16991673 0.20423546 0 0.90022355 0.66718097 0.25622869 0.07463074 0.10617476 1 0.88729709 0.71863155 0.44640775 0.05920830 0.14922638 1 0.88021380 0.78228989 0.25163164 0.05435524 0.07521410 1 0.88008219 0.90898590 0.83929710 0.17756310 0.19045353 1 0.87423116 0.73370066 0.33547363 0.06497269 0.09559793 3 0.85990977 0.16884201 0.26202686 0.23972082 0.16895638 1 0.85778815 0.47254658 0.17124606 0.06963387 0.05171788 1 0.85473400 0.49553556 0.20133729 0.07303238 0.05134249 2 0.84995115 0.57350311 0.12553174 0.05791483 0.05255821 2 0.83732480 0.40186378 0.17037590 0.06967351 0.05377226 1 0.83445519 0.34988499 0.20511847 0.07367153 0.04858979 1 0.80908525 0.80525818 0.19982430 0.06123829 0.06395290 1 0.79577971 0.04009731 0.93222017 0.08019441 0.13534412 1 0.79105997 0.59560633 0.14478009 0.05295830 0.03990130 1 0.63316268 0.28776684 0.20123582 0.07775688 0.05162468 1 0.56661975 0.82046671 0.17306885 0.04945183 0.04619117 1 0.47914165 0.81630554 0.15295365 0.06136532 0.04565363 1 0.24343522 0.89778767 0.16585308 0.06547604 0.05185490 1 0.20084937 0.80181065 0.15941308 0.04274120 0.04380035 1 0.16800061 0.27227347 0.21460490 0.07586765 0.05468332 2 0.13695277 0.16324744 0.18443835 0.05063334 0.04271302 1 0.11692520 0.16186198 0.18582320 0.04915760 0.04311228 1 0.05666392 0.25377049 0.22238104 0.06774759 0.05465879 0 0.05261111 0.97205830 0.33521335 0.05486832 0.26769757
742,MVI_40891_img00803_jpg.rf.e684e8c88369032cdb1078cfc318f12d,1 0.95084441 0.72810764 0.78677435 0.24353790 0.20330868 1 0.94134897 0.38744481 0.74800563 0.19349790 0.17787848 1 0.92299259 0.87048247 0.62442522 0.15815349 0.21768398 1 0.91476786 0.71362000 0.53038926 0.08069115 0.15773106 1 0.90395594 0.70196853 0.40043193 0.07004919 0.11666677 0 0.89117706 0.66567364 0.25761065 0.07402420 0.10456858 1 0.87685728 0.76942492 0.24493067 0.04607544 0.07493277 1 0.87441212 0.19913628 0.29037514 0.09215569 0.07086811 1 0.87259251 0.73384185 0.30163243 0.06060171 0.09219580 1 0.85132390 0.82380769 0.19138515 0.05267110 0.06038399 1 0.84610778 0.50820198 0.20216835 0.07623882 0.05981750 1 0.84365642 0.15284986 0.24318295 0.07014916 0.04846201 1 0.84084350 0.74924212 0.16214836 0.06424828 0.04988909 1 0.81864536 0.03021611 0.37000031 0.06043201 0.07982216 1 0.79194117 0.59683514 0.14082801 0.04975567 0.03716469 1 0.78819942 0.42175446 0.16950873 0.05469151 0.04316149 1 0.77395087 0.46751051 0.17269864 0.06821604 0.04651761 1 0.74313360 0.53547254 0.14070886 0.05289202 0.04184041 1 0.73527443 0.02545535 0.79957094 0.05088522 0.14177551 1 0.69890171 0.01858499 0.28437741 0.03624729 0.05493374 1 0.68320620 0.92644801 0.94957104 0.14710378 0.10043831 1 0.53659111 0.89207458 0.14752421 0.06032314 0.05349355 1 0.13001578 0.66556559 0.12265600 0.04118404 0.03900263 1 0.11555001 0.96087899 0.50811372 0.07824182 0.18083754
743,MVI_40891_img01070_jpg.rf.d62ec0f6de0fb5355d832f6644091916,1 0.94210857 0.44944839 0.83392754 0.26464024 0.20577183 1 0.91395527 0.87066917 0.62782598 0.15840034 0.21828794 1 0.90600216 0.71644983 0.54274931 0.08262310 0.16044788 1 0.90459323 0.13725421 0.75756721 0.21902328 0.16515141 0 0.89437443 0.66522932 0.25807192 0.07314701 0.10843835 1 0.87962693 0.69712071 0.42138175 0.06991568 0.11980479 1 0.86819863 0.71920710 0.32734718 0.06578255 0.10094719 1 0.86399949 0.31507101 0.27605524 0.08530617 0.06820431 1 0.84458584 0.75629187 0.27529395 0.04995670 0.08284106 1 0.84196615 0.86732187 0.17365665 0.06851254 0.05493383 1 0.84025580 0.79361844 0.23496889 0.04629641 0.07183763 1 0.83511245 0.59473472 0.19064929 0.07211285 0.05295491 1 0.81915313 0.83942461 0.91078568 0.21882820 0.17527504 1 0.80208725 0.77816048 0.15804012 0.06941223 0.04801893 1 0.78902251 0.82020311 0.19805949 0.04400749 0.05945635 3 0.78598905 0.37007165 0.14936335 0.16057777 0.13039055 1 0.78331119 0.03009478 0.27290044 0.06018936 0.05735483 1 0.05659252 0.89510310 0.90213280 0.20865588 0.19029560
744,MVI_40891_img01110_jpg.rf.3f812c8ce90627d922e3488dbfb45d0b,1 0.93552727 0.61283293 0.87317476 0.27918587 0.23514194 1 0.91609734 0.86963072 0.62776957 0.15844784 0.21801586 1 0.91370612 0.27188945 0.75009551 0.21467791 0.16524992 1 0.91156000 0.71494188 0.54286909 0.08305473 0.16057415 0 0.89630383 0.66413007 0.25848889 0.07453833 0.10680790 1 0.88314188 0.69675722 0.42224389 0.07137737 0.12193449 1 0.85547638 0.41045293 0.24175777 0.08167269 0.06058111 1 0.85537398 0.75541267 0.27581258 0.05080891 0.08149214 1 0.85039097 0.71671972 0.32886765 0.06475391 0.10266814 1 0.84627646 0.03698484 0.37761106 0.07234027 0.07964344 1 0.84543252 0.86103315 0.17629224 0.06262436 0.05559533 1 0.83857250 0.79214087 0.23517883 0.04544868 0.07192640 1 0.83286101 0.65831685 0.17421792 0.07063589 0.05170183 1 0.83211815 0.81758630 0.19945109 0.04131360 0.05973573 1 0.78779441 0.22455070 0.22477288 0.07577353 0.05608768 1 0.71357173 0.96573238 0.94347977 0.06824856 0.11304026 3 0.55993873 0.50707645 0.11099182 0.12284126 0.10603993 1 0.52896136 0.00864593 0.28922086 0.01717994 0.04206700 1 0.20522247 0.97906418 0.40847311 0.04172287 0.09977560 0 0.19137424 0.97073631 0.32317410 0.05831490 0.23829269 3 0.09724405 0.97021093 0.32137423 0.05711708 0.23807983
745,MVI_40891_img01300_jpg.rf.53f87611720129109741707315c78d27,1 0.91128963 0.72460079 0.55410380 0.11014175 0.17805290 0 0.89587086 0.66506481 0.25717549 0.07396793 0.10727634 1 0.89375365 0.92317314 0.69875450 0.15207520 0.19188271 1 0.88542730 0.69006720 0.40112695 0.06835957 0.12811720 1 0.87029237 0.77907553 0.25620518 0.05311489 0.07444448 1 0.86251289 0.22882912 0.22893882 0.07280326 0.05048590 3 0.86034024 0.09897037 0.84216289 0.19775183 0.31567402 1 0.85912377 0.72844830 0.31689169 0.05953255 0.09549236 1 0.84280866 0.81117563 0.20659463 0.04440403 0.06214781 1 0.84047866 0.85413055 0.17499502 0.06050529 0.05510674 1 0.81013471 0.02283900 0.27726185 0.04567780 0.05159421 2 0.38743636 0.09847179 0.84358587 0.19694338 0.30979137 0 0.05097278 0.96141262 0.48610563 0.07709255 0.23790455
746,MVI_40892_img00159_jpg.rf.a15712463b2e3b9962baacb0de9b311b,1 0.93212473 0.84479907 0.64480743 0.19168086 0.19893961 3 0.92211586 0.54459066 0.20842321 0.12693739 0.15739608 0 0.90325260 0.66323671 0.25712795 0.07493801 0.10768838 1 0.89458638 0.70118599 0.46453751 0.07044353 0.14565470 1 0.89256513 0.20643589 0.34047685 0.10678263 0.09013720 1 0.87413859 0.76408606 0.28806958 0.05815945 0.08586521 1 0.86709970 0.80652723 0.21330564 0.04918022 0.07345171 1 0.85464662 0.38281531 0.26956158 0.07747536 0.07003717 1 0.83878171 0.39386661 0.22259640 0.06586661 0.05078679 1 0.81212324 0.29681787 0.18566378 0.04979911 0.04787819 1 0.80696315 0.47515464 0.13918600 0.03316479 0.04109669 3 0.76474923 0.27505009 0.15005217 0.14375658 0.11132498 1 0.75767827 0.36528649 0.14261941 0.03885183 0.03795745 1 0.75060833 0.41605357 0.13247876 0.03624423 0.03704495 1 0.24451713 0.96141567 0.48609300 0.07710209 0.24866304 1 0.21466491 0.42949162 0.11125956 0.02588978 0.03033779 1 0.15467840 0.50178394 0.10718116 0.03156433 0.02997676 1 0.08660916 0.59077320 0.10360536 0.03750267 0.02958990 1 0.06709636 0.54114790 0.17408757 0.04250736 0.04961748 1 0.05953722 0.53261070 0.17954164 0.03931665 0.04873466 1 0.05807638 0.55436363 0.16899550 0.04561939 0.04959683
747,MVI_40892_img00204_jpg.rf.52b55290463d10dc6a51199e7ec4a034,0 0.91622388 0.66228838 0.25419927 0.07594557 0.10826883 1 0.90341145 0.73240538 0.53722978 0.10714674 0.18269215 3 0.90267146 0.15700918 0.63920536 0.31082785 0.51727638 1 0.90059745 0.72969255 0.34908409 0.06957588 0.10371695 3 0.88412666 0.63291974 0.13781321 0.09348040 0.10929307 1 0.88406956 0.78688335 0.24419169 0.05238380 0.08202977 1 0.88340110 0.90456404 0.68618464 0.19087171 0.21398888 1 0.86754900 0.15768163 0.36545930 0.10884051 0.07829952 1 0.86579984 0.52715383 0.17065992 0.05273800 0.04805427 1 0.85446793 0.10522282 0.27863469 0.07414579 0.06325541 1 0.85171652 0.27196641 0.18351271 0.04972734 0.04613018 1 0.84898150 0.31664696 0.17793171 0.04719939 0.04509668 1 0.83477044 0.35627122 0.14115018 0.04041424 0.03738759 3 0.83246034 0.13815295 0.20954616 0.20027716 0.15198188 1 0.81050968 0.15041613 0.42966615 0.10523644 0.09024732 1 0.72614068 0.46877642 0.14244413 0.03421125 0.04054599 1 0.64791787 0.41039901 0.21779799 0.07109232 0.06343412 2 0.53244460 0.41028508 0.21748493 0.06986735 0.06350408 1 0.53177410 0.46484647 0.12143087 0.03440800 0.03496811 1 0.39709777 0.42560358 0.11645818 0.03128681 0.03131495 1 0.30847883 0.50853262 0.15849209 0.03799076 0.03914204 1 0.25528762 0.39887662 0.11485952 0.02949810 0.03031394 1 0.18001199 0.35446792 0.11219176 0.03730516 0.03288054 1 0.14127800 0.51236701 0.10048960 0.02835407 0.03203685 1 0.10981406 0.48245201 0.10122417 0.02905121 0.02928836 1 0.07969972 0.50216475 0.15069714 0.04480076 0.04019694 1 0.07594467 0.21636293 0.16147681 0.04250178 0.03815951 1 0.07563705 0.56013179 0.09875730 0.02055130 0.02791436 1 0.05251918 0.20044789 0.17319219 0.04627185 0.03946104
748,MVI_40892_img00356_jpg.rf.6a2bc8f29bd7b3d275b77ac05069d4bc,0 0.94412816 0.66394968 0.25931492 0.07405014 0.10779295 1 0.92096484 0.74938283 0.56203403 0.12269526 0.19142189 3 0.90137464 0.63193941 0.13676957 0.10591021 0.12461369 1 0.89603215 0.91939259 0.70391231 0.16053314 0.20490046 1 0.88633120 0.69672251 0.42843257 0.07479343 0.12394998 1 0.88309354 0.74788933 0.32582736 0.06346703 0.10609560 1 0.87216830 0.44867468 0.19982686 0.05564842 0.04857316 1 0.86880970 0.09565474 0.28857582 0.08530055 0.07058449 3 0.85938716 0.17431886 0.57512703 0.34863752 0.57622051 1 0.85391933 0.52974072 0.18320533 0.05455132 0.05423963 1 0.84060204 0.34403491 0.15517225 0.04733086 0.03904691 1 0.83687943 0.14342911 0.23167462 0.06391563 0.05393596 1 0.83591443 0.42889500 0.15285077 0.03418350 0.03996243 1 0.80158204 0.47078505 0.14656760 0.03232327 0.03929505 1 0.75607026 0.01709153 0.29013700 0.03418285 0.05433307 1 0.72657514 0.49772820 0.12471278 0.03029785 0.03745146 1 0.63488734 0.18694061 0.35741959 0.09081819 0.08000374 1 0.58428276 0.45315466 0.13333424 0.03121719 0.03605597 1 0.49944499 0.53333459 0.11211604 0.02708788 0.03320055 1 0.40345654 0.42123022 0.12283323 0.03189354 0.03287616 1 0.37641862 0.58988523 0.11418184 0.03152905 0.03126090 1 0.37517780 0.47122068 0.11937876 0.02807350 0.03235707 1 0.35913429 0.00866522 0.31648107 0.01733024 0.07082090 1 0.27269030 0.48249202 0.12016729 0.02522240 0.03628950 1 0.22994275 0.00686048 0.42294331 0.01372076 0.10487309 1 0.13207801 0.59352298 0.13952587 0.03262386 0.04307737 2 0.11487842 0.00728359 0.42160401 0.01456698 0.12177877 1 0.09287964 0.59878216 0.11577399 0.03488674 0.03529005 1 0.09039550 0.59370756 0.12808660 0.03188734 0.03232214 1 0.05714036 0.48449965 0.13422968 0.04651451 0.03939457
749,MVI_40892_img00478_jpg.rf.520f9473b20c65324be51cd7621c6b77,1 0.91499978 0.80070429 0.62363300 0.16885815 0.20634613 1 0.89764202 0.07487147 0.47743874 0.14328560 0.12678871 1 0.89427280 0.68921280 0.45463786 0.07784367 0.13162699 1 0.88399398 0.73970304 0.34364781 0.06520987 0.11020250 1 0.88291323 0.30022287 0.29864843 0.08037434 0.06859035 0 0.87598479 0.66199999 0.26032040 0.07484379 0.10851855 2 0.86535645 0.49746170 0.25101547 0.06738453 0.08585215 1 0.86063832 0.08761040 0.73335929 0.17522060 0.24953985 1 0.84936833 0.24505992 0.20025364 0.05712843 0.04819144 1 0.84599936 0.42198768 0.25360894 0.06720400 0.06017895 1 0.84131229 0.42777095 0.15610979 0.03330336 0.04030466 1 0.83809209 0.05995392 0.27510567 0.07437475 0.05478964 3 0.83136803 0.63430634 0.12997252 0.08471622 0.13037457 1 0.81382602 0.54534578 0.17368206 0.04806137 0.04938877 1 0.80582726 0.43781824 0.21251301 0.05841370 0.04736615 1 0.79988861 0.47153196 0.15021112 0.03604736 0.03875756 1 0.79163283 0.55077448 0.14706159 0.04337940 0.03945057 1 0.75911540 0.27888374 0.16810348 0.04418869 0.03927507 2 0.66265345 0.34858327 0.15866792 0.04659529 0.04689350 1 0.64741147 0.48816319 0.13184900 0.03255062 0.03744373 1 0.53703028 0.45115833 0.13969032 0.02940521 0.03508201 1 0.53363168 0.39821427 0.12351496 0.03515944 0.03462992 1 0.50260329 0.34934072 0.15817347 0.04604826 0.04470448 1 0.48842564 0.51204348 0.12317986 0.03055134 0.03690059 1 0.36301354 0.45988407 0.11480231 0.03010321 0.03186035 1 0.31771758 0.49717026 0.11453817 0.02687702 0.03037034 1 0.28771141 0.46253414 0.14516150 0.03376713 0.03927202 1 0.21269767 0.00493074 0.38337379 0.00986129 0.09094200 2 0.16403523 0.45597200 0.12072107 0.02799950 0.03712206 1 0.11544138 0.57343693 0.10400648 0.02965727 0.02965009 1 0.11036006 0.33933997 0.12913013 0.03806992 0.03409410 1 0.10295725 0.46637287 0.10164177 0.02877665 0.02863300 1 0.10214883 0.44065938 0.13415895 0.03276253 0.03567524 1 0.07693946 0.49975691 0.12751288 0.03131809 0.03843350 1 0.06152460 0.47665663 0.11556342 0.02762222 0.02872577 1 0.05641051 0.43975115 0.14701157 0.03805933 0.04129887 1 0.05116518 0.00684400 0.41055554 0.01368779 0.12879241
750,MVI_40892_img00618_jpg.rf.884dd7c21535379f6577c17d79603a83,0 0.92755067 0.66430049 0.27198257 0.07289972 0.10517988 1 0.91105598 0.77182312 0.61840630 0.14975815 0.19216347 1 0.89873719 0.14991952 0.45244284 0.11424830 0.09722157 1 0.89027226 0.70955267 0.44799603 0.07036686 0.14865515 1 0.87990505 0.36396852 0.29838901 0.08126640 0.07075529 1 0.87435937 0.39026644 0.24375105 0.06513762 0.05481606 1 0.87158686 0.48453465 0.29206009 0.06848774 0.06863852 1 0.85240352 0.15211227 0.24509068 0.07026486 0.05670142 1 0.82405961 0.62376390 0.18206877 0.04913416 0.05443566 2 0.79863054 0.41365052 0.14612001 0.03430860 0.04394755 1 0.78911215 0.47198462 0.15700668 0.03390560 0.03832221 1 0.78503799 0.43114533 0.16484470 0.03424025 0.03998690 1 0.77771193 0.52952290 0.19405665 0.05297947 0.05361094 1 0.77623802 0.03179167 0.48855658 0.06358314 0.09590292 2 0.76074529 0.30370996 0.16989144 0.04411626 0.04895518 2 0.73021436 0.03702738 0.31488409 0.07270976 0.07383461 1 0.71992445 0.26994162 0.17350373 0.03505793 0.03866835 2 0.71369809 0.35050762 0.13891790 0.03328137 0.04285812 1 0.67080462 0.57755394 0.14775077 0.03440647 0.03748744 1 0.53113246 0.03695489 0.31570535 0.07362280 0.07267742 1 0.45820829 0.49208641 0.13945717 0.02696724 0.03604238 1 0.45459348 0.60175486 0.14769456 0.03995867 0.03866482 1 0.43911257 0.45143061 0.14692945 0.03117065 0.03845596 1 0.41212368 0.58912277 0.14915890 0.04519920 0.03821366 1 0.40212348 0.61459885 0.13144267 0.03441563 0.03736367 1 0.38356462 0.51149001 0.16829252 0.04752150 0.04439416 1 0.33902279 0.45868435 0.15112674 0.02972412 0.03712659 1 0.28248402 0.41381769 0.14639462 0.03515110 0.04358394 1 0.25097904 0.45288544 0.13272723 0.02776642 0.03439934 1 0.24594992 0.47644777 0.13097394 0.02710094 0.03283710 1 0.23296387 0.51968107 0.17840393 0.05632753 0.04374013 1 0.22984773 0.00613917 0.37879682 0.01227814 0.10939178 1 0.19691147 0.50608320 0.15821841 0.03531818 0.03940697 2 0.18213384 0.69737883 0.10975426 0.02839470 0.04181941 1 0.16977045 0.51349611 0.13174150 0.03031797 0.03456032 1 0.14156842 0.35039144 0.13726205 0.03312511 0.04705589 1 0.10967504 0.50640421 0.13587313 0.03351097 0.03706703 1 0.09381591 0.50249796 0.14394042 0.03310375 0.03607922 1 0.09071814 0.61111641 0.15385692 0.03826771 0.04152651
751,MVI_40892_img00649_jpg.rf.b4420daac2877492c8bfcda030f7753b,0 0.94151765 0.66409988 0.27284715 0.07409172 0.10698295 1 0.91986060 0.81024361 0.66158319 0.17170830 0.20020666 1 0.89094150 0.31457055 0.34038639 0.08530226 0.07458792 1 0.88983059 0.06138908 0.52766171 0.12255991 0.14574099 1 0.88768524 0.71025124 0.46975147 0.06764317 0.15546720 2 0.88653475 0.20214368 0.21114147 0.06863164 0.05827045 1 0.88292724 0.23467374 0.33870053 0.08301438 0.06985602 1 0.88060665 0.46296763 0.23779736 0.06254206 0.06075072 1 0.86582428 0.55343609 0.23082070 0.05450783 0.05746927 2 0.82787180 0.30021501 0.16075041 0.03828907 0.04897208 1 0.81762201 0.47283921 0.15833451 0.03439207 0.03977668 2 0.80990022 0.40234319 0.15561708 0.03481424 0.04933007 1 0.79556721 0.66770468 0.14831226 0.04143820 0.04643230 1 0.78926766 0.46159487 0.20498803 0.05431004 0.04390292 1 0.78628391 0.53669882 0.16047757 0.03800011 0.04275942 1 0.77934921 0.02124681 0.31242590 0.04217231 0.06116762 1 0.74811083 0.43011041 0.16529889 0.03389406 0.04243784 1 0.62218070 0.45137024 0.14832124 0.03037014 0.03586404 1 0.45833898 0.49320211 0.14270227 0.03118973 0.03585320 1 0.39978725 0.59785051 0.14026960 0.03702202 0.03837385 1 0.37802196 0.58566284 0.16561539 0.04275570 0.04557929 1 0.36898407 0.00631810 0.40015984 0.01263600 0.10589314 2 0.33422500 0.63989916 0.12393458 0.03437023 0.04069219 1 0.32141298 0.47592773 0.13527317 0.03213367 0.03850036 2 0.30693975 0.42968569 0.16462868 0.03199720 0.04225323 1 0.26833174 0.51249990 0.13439757 0.02891798 0.03547189 1 0.26322314 0.46112242 0.15101326 0.03293362 0.03941865 1 0.20094943 0.48662419 0.14915605 0.03563833 0.03732123 1 0.17264082 0.40333157 0.15671430 0.03629179 0.04690642 1 0.14676009 0.41046185 0.14710176 0.03126249 0.04040897 1 0.08586152 0.43255258 0.15418826 0.03203325 0.04007485
752,MVI_40892_img00683_jpg.rf.d56823a3825e03b45d7af0c36ed00681,0 0.93261534 0.66417990 0.27131901 0.07362490 0.10747633 1 0.90004110 0.72052183 0.50133128 0.07704906 0.16809511 1 0.89134669 0.27902479 0.36280499 0.11383481 0.09575148 1 0.88675815 0.90980043 0.75535445 0.18039894 0.23347559 2 0.88136774 0.18336571 0.58167315 0.12852643 0.16465015 2 0.87797868 0.06228313 0.27264214 0.07095456 0.06969604 1 0.87687397 0.42930837 0.26118004 0.06414480 0.05994735 1 0.86308002 0.05703824 0.45950642 0.11407628 0.10905552 1 0.86113298 0.54040947 0.18719463 0.05063858 0.05018687 1 0.85715568 0.37958653 0.24969878 0.06636682 0.05611548 2 0.85314387 0.22414260 0.19024084 0.04470215 0.05463767 1 0.84074980 0.61127343 0.17849522 0.04358845 0.04672775 1 0.81452751 0.34179223 0.17141175 0.04676056 0.04277697 1 0.79809779 0.50922656 0.17731980 0.04215727 0.04241948 2 0.73875856 0.39950387 0.15760893 0.03680568 0.04762113 1 0.72748584 0.47217474 0.15525825 0.03376293 0.03883097 1 0.66876537 0.43072906 0.16222742 0.03429461 0.04113789 1 0.45073357 0.45090246 0.14823015 0.03125229 0.03960013 2 0.44616121 0.43081717 0.16189704 0.03364134 0.04313669 1 0.43301597 0.49142780 0.13873894 0.03131752 0.04022908 1 0.32366687 0.00609159 0.39092431 0.01207103 0.09690924 1 0.31382728 0.47710905 0.13241543 0.03293667 0.03699193 1 0.29029712 0.43441906 0.13115225 0.04043064 0.03920038 1 0.27448419 0.44135132 0.13949349 0.04415836 0.03895311 1 0.17830077 0.46441345 0.15004185 0.03601036 0.04075847 1 0.11668152 0.70511742 0.11905236 0.03310051 0.03804398 1 0.10826751 0.40002918 0.15758582 0.03429728 0.04485729 1 0.09425260 0.62270904 0.12740285 0.03714170 0.03401437 1 0.06416345 0.40582277 0.13383613 0.03745878 0.03619599 1 0.05987571 0.56120872 0.13639877 0.03597565 0.05117207 1 0.05917398 0.45808258 0.12515180 0.03012133 0.03742621 1 0.05855082 0.51581054 0.12883756 0.02872143 0.03133440
753,MVI_40892_img01144_jpg.rf.c7ab4475a4720a9eb84939cd2bc81296,0 0.94002444 0.66926522 0.27363548 0.07374725 0.10749550 3 0.91059351 0.56663575 0.24020145 0.17370567 0.20445967 3 0.89851373 0.44529754 0.19231383 0.12221410 0.11903923 3 0.88813263 0.12295903 0.23138471 0.20786726 0.14953485 1 0.88260090 0.21543536 0.36225827 0.09704242 0.07448316 1 0.77497596 0.48484216 0.22828660 0.05224409 0.05392399 1 0.72425759 0.64839487 0.13543470 0.03795395 0.03642640 1 0.71685469 0.53208323 0.18709741 0.04176035 0.04221134 2 0.70844293 0.40357366 0.15976815 0.04083557 0.04301028 2 0.56716698 0.37530348 0.17996535 0.03271613 0.04879408 1 0.51669616 0.40521507 0.14089925 0.03940372 0.03547873 1 0.50742978 0.61387525 0.13542376 0.03015356 0.03409133 1 0.49916407 0.58058829 0.13593969 0.03188438 0.03887701 2 0.35947371 0.40405025 0.14503744 0.04058142 0.03780828 1 0.27309477 0.69901237 0.10999447 0.02879238 0.03308923 1 0.21875533 0.61518435 0.15307879 0.03540316 0.03784580 1 0.19476484 0.44185505 0.15260503 0.03349800 0.03690147 1 0.18922777 0.00908668 0.40427599 0.01809694 0.09806328 1 0.16297038 0.51914406 0.13603987 0.02615347 0.03311055 1 0.13318449 0.60704265 0.16837558 0.04468575 0.04724975 2 0.13293456 0.00970114 0.41493244 0.01940208 0.11452532 1 0.12918699 0.62294207 0.16906836 0.04534435 0.04877481 1 0.12474865 0.47342606 0.13554771 0.03191528 0.03504004 0 0.12066909 0.00998720 0.42055234 0.01997420 0.12606261 1 0.11073885 0.59385271 0.17077243 0.04506111 0.04756169 1 0.10422909 0.47219057 0.16009551 0.03972206 0.03822145 1 0.10131151 0.45321894 0.15923834 0.03993883 0.03961282 1 0.09368242 0.20707531 0.17659783 0.03942165 0.04526620 1 0.09248131 0.43250451 0.16745126 0.04267349 0.04436359 1 0.09134787 0.50138025 0.12301434 0.02855301 0.02819409 1 0.08709941 0.39899864 0.14868901 0.03968658 0.04130368 1 0.08522413 0.59291773 0.18481460 0.05095415 0.05083504 1 0.08316993 0.44513731 0.16936998 0.03873940 0.04251137 1 0.08293465 0.40338200 0.15684562 0.04682600 0.06459470 1 0.08106960 0.44979858 0.14976803 0.03202934 0.03809035 2 0.07898191 0.39225149 0.16480876 0.04644251 0.04519126 1 0.07742994 0.47659755 0.12545044 0.02824183 0.02524617 1 0.07601986 0.60653629 0.18291616 0.04828167 0.04958572 1 0.06570452 0.46096888 0.14374949 0.03251438 0.03656871 1 0.06509300 0.62689142 0.15705428 0.04240017 0.04060464 1 0.06409915 0.55438824 0.18599719 0.03903389 0.04547451 1 0.05974201 0.48423758 0.16281697 0.03982372 0.03720872 1 0.05355063 0.52773390 0.23106084 0.05412607 0.05823860 1 0.05326735 0.42737246 0.13447380 0.03189983 0.03502216 1 0.05305566 0.53895826 0.19903922 0.05210857 0.04720416 1 0.05227509 0.01189113 0.23787284 0.02377561 0.03718629 1 0.05202341 0.50384521 0.14196432 0.02685413 0.03169355 1 0.05189718 0.38903127 0.18418012 0.03875313 0.04624152 1 0.05158956 0.49323730 0.14976676 0.03051300 0.03564692
754,MVI_40892_img01195_jpg.rf.c66c0a39a3b1f4ec6ab70a5b3b34b7b4,3 0.90113682 0.68264227 0.14665233 0.10068035 0.11750343 0 0.85913438 0.66815195 0.27511344 0.07365608 0.10419788 1 0.84988689 0.43493371 0.22547913 0.06186037 0.05291604 1 0.84350538 0.58405027 0.16613357 0.04251442 0.04352927 1 0.84276164 0.29279642 0.18582641 0.04954815 0.04194415 3 0.83284092 0.56454425 0.12640902 0.08227339 0.08538892 1 0.82538629 0.43481712 0.16860459 0.03506699 0.04108596 2 0.80029672 0.40522227 0.16083801 0.03647928 0.04943686 1 0.78507674 0.47359858 0.16345516 0.03209782 0.03842103 1 0.77793020 0.25752950 0.18741864 0.04563961 0.04208953 2 0.77583289 0.37532516 0.18111451 0.03336859 0.05164824 1 0.73852217 0.61519346 0.13639362 0.02749290 0.03716054 1 0.73048651 0.45669408 0.14909930 0.03148899 0.03805745 1 0.69666433 0.49693727 0.14341793 0.03563366 0.04114223 1 0.43798146 0.50522494 0.13701967 0.03564472 0.03950756 1 0.37333649 0.37140326 0.15497392 0.03277740 0.03920934 1 0.25562185 0.63363171 0.11220808 0.02517109 0.03063803 1 0.24684760 0.46850309 0.13969998 0.03427315 0.03594880 1 0.18361127 0.50357676 0.12154503 0.03376217 0.03260107 1 0.17279194 0.44776945 0.14606285 0.03384733 0.03629916 1 0.15601610 0.37545767 0.17961235 0.03350387 0.05097852 1 0.12995537 0.47730536 0.12954587 0.03026295 0.03344316 3 0.12633307 0.01042783 0.28794200 0.02085546 0.11979790 2 0.12039860 0.47975326 0.11370969 0.02900448 0.03718981 2 0.09630609 0.39412622 0.16911423 0.03351774 0.04942639 1 0.07668083 0.47956009 0.15655162 0.03365898 0.04031272 1 0.06649154 0.64505692 0.13472441 0.02722692 0.03404872 1 0.05852561 0.65639639 0.12302257 0.02833786 0.03436134 1 0.05258968 0.01367532 0.40230389 0.02735044 0.09286594 0 0.05171859 0.01543976 0.39969354 0.03087932 0.11485853
755,MVI_40892_img01370_jpg.rf.d31dc3a3413002414a07624bbeb90ff2,0 0.89938825 0.66911459 0.27904758 0.07505302 0.10391874 1 0.89607406 0.51415596 0.48549547 0.10508289 0.13370152 1 0.87596756 0.18863958 0.25895481 0.06107633 0.05409269 1 0.87556756 0.40884280 0.30606656 0.04427814 0.07610598 1 0.87441230 0.07690650 0.32840121 0.07844720 0.06437993 1 0.86314613 0.27489834 0.22599933 0.04790010 0.05101242 1 0.85145551 0.43898740 0.23024879 0.03600521 0.05935879 2 0.82345796 0.34019728 0.26248055 0.03474302 0.07841759 2 0.80244368 0.34951177 0.18719347 0.03628111 0.05278454 1 0.79928643 0.42602639 0.18764710 0.03423738 0.04441938 1 0.79304880 0.47690663 0.17964180 0.02687492 0.03955235 2 0.75077307 0.38128901 0.18620138 0.03658028 0.05125694 1 0.74898070 0.41613359 0.16181054 0.03482552 0.03938465 1 0.71742600 0.45902481 0.15002811 0.02820892 0.03808250 1 0.70880222 0.02699103 0.40890069 0.05365965 0.10130672 1 0.65350580 0.44203377 0.14440979 0.02829132 0.03256516 1 0.61318272 0.51657276 0.14005846 0.03540192 0.03951869 1 0.54937881 0.38356953 0.15619048 0.03040934 0.04018075 1 0.23721853 0.43498545 0.14946702 0.03223000 0.03658037 1 0.21917057 0.38126290 0.18576725 0.03673253 0.05320654 1 0.20334880 0.40316906 0.13446949 0.02627230 0.03426633 2 0.19507214 0.49524198 0.13024879 0.02712221 0.03484340 2 0.14567159 0.62835779 0.13444872 0.04594707 0.04919691 1 0.12281428 0.49494123 0.13162417 0.02425566 0.03484578 1 0.07304513 0.19846163 0.17860155 0.02433677 0.03040173
756,MVI_40901_img00200_jpg.rf.e4c721474caf438658ee16856c650cff,0 0.91129857 0.59676013 0.58854847 0.29205799 0.25807953 1 0.89854348 0.46082773 0.09291379 0.06865158 0.05801868 1 0.88585293 0.43909664 0.23268804 0.11390696 0.08470708 1 0.88413960 0.55984001 0.11536312 0.08150826 0.06683233 1 0.88409930 0.75084639 0.18748125 0.10558472 0.08416731 1 0.88334304 0.89864683 0.19123762 0.11342487 0.08527160 1 0.88297307 0.67225337 0.13230469 0.08909016 0.08374336 1 0.87869430 0.39110332 0.07359573 0.05540867 0.05680802 1 0.85325176 0.96139126 0.51186519 0.07712116 0.13686028 1 0.85311222 0.96954851 0.24912269 0.06090278 0.09202905 1 0.80985326 0.21117349 0.85975695 0.23324008 0.21013107 1 0.76056099 0.69000435 0.90005374 0.29751129 0.19989233 1 0.75759792 0.35243149 0.05594168 0.03950214 0.05032614 2 0.06943543 0.11145418 0.13581846 0.07698235 0.06619501 1 0.06758668 0.30826092 0.07378268 0.03492718 0.04286324 1 0.06646861 0.99260635 0.91100554 0.01421337 0.17798872
757,MVI_40901_img00221_jpg.rf.b608d52542683d6a446e3e4514153a31,1 0.91022569 0.84834547 0.48767357 0.19028358 0.15404358 1 0.90747046 0.79582834 0.20086000 0.11165810 0.08791814 1 0.90645456 0.69016161 0.13855423 0.09118214 0.08580215 0 0.90110141 0.59499187 0.59121866 0.28921928 0.25739517 1 0.89697337 0.56249552 0.11647241 0.08211517 0.06707615 1 0.88698667 0.46034517 0.09449704 0.06823463 0.05818766 1 0.88454062 0.13822385 0.85402155 0.23533266 0.20369663 1 0.87675738 0.39078121 0.07517292 0.05559368 0.05657846 1 0.87071270 0.32909780 0.20624483 0.10166264 0.07287593 1 0.86058062 0.96901736 0.20370598 0.06196508 0.07948140 1 0.81525445 0.63219204 0.90025420 0.30041122 0.19949140 1 0.72121257 0.33985996 0.07092762 0.03978839 0.04387686 1 0.71884096 0.97793064 0.89644728 0.04401970 0.20279198
758,MVI_40901_img00482_jpg.rf.49442e40e92fa47029f679b1781ca69d,2 0.97150731 0.66086044 0.83550596 0.40945911 0.32619667 1 0.93558043 0.16680896 0.88761930 0.27614951 0.22248249 0 0.92835230 0.59704585 0.60429640 0.29245310 0.26369667 2 0.91053176 0.29977288 0.20779767 0.10594778 0.09207664 1 0.88266629 0.39507065 0.08551814 0.05727329 0.05534924 1 0.87052310 0.95761380 0.21777539 0.08477220 0.07403512 1 0.86350542 0.47711644 0.11232245 0.07348576 0.06092520 1 0.84586501 0.66295366 0.14438562 0.10050640 0.07748108 2 0.81818718 0.16840479 0.17132126 0.09566731 0.08818414
759,MVI_40901_img00631_jpg.rf.ea5e57680230623641f3f9536c7d8959,2 0.97175908 0.29176983 0.83412704 0.37958947 0.32590675 1 0.91706228 0.79760189 0.90286064 0.28897476 0.19102669 1 0.88452017 0.47179861 0.13279583 0.06118279 0.05912194 1 0.86293459 0.57005119 0.13968309 0.07994518 0.06407092 1 0.84143263 0.97205796 0.22257633 0.05588388 0.07910442 0 0.83976614 0.59517841 0.61030211 0.29214249 0.26269464 1 0.57402730 0.34148288 0.07372777 0.03433952 0.04460033 1 0.21211949 0.93525600 0.40332624 0.08984528 0.07525747 1 0.13809872 0.00713394 0.94113750 0.01419258 0.11672478
760,MVI_40901_img00660_jpg.rf.c0c10f5e901cd58f03b0f07d05672bb8,2 0.97743428 0.22132280 0.83325233 0.38452420 0.33025875 1 0.92873698 0.72802987 0.90277634 0.28352213 0.19358234 1 0.88665223 0.69108648 0.16668509 0.09332752 0.07373183 0 0.86276174 0.59570889 0.60679607 0.29289293 0.26569214 1 0.85429186 0.59769630 0.16509269 0.07539177 0.06669867 1 0.81741345 0.36506314 0.08975539 0.04910793 0.05459557 3 0.71777308 0.97685432 0.40601577 0.04606438 0.24091380 1 0.23061013 0.98365002 0.32103791 0.03268414 0.09628277 1 0.14339340 0.98167567 0.35693996 0.03664846 0.16755490 1 0.10985555 0.98621407 0.30231519 0.02708588 0.06105475
761,MVI_40901_img00896_jpg.rf.a024db24d38ad8d73fb5d04e041488e5,1 0.94020629 0.82332933 0.88890765 0.32457433 0.22077746 1 0.90222913 0.79614420 0.17630607 0.10052090 0.08601029 1 0.89529949 0.52791004 0.25024993 0.11730194 0.09183679 1 0.88416207 0.72735472 0.50059376 0.18547668 0.13936615 0 0.83441949 0.59312582 0.61126213 0.28867035 0.25441113 1 0.81373066 0.04167476 0.88334227 0.08316573 0.21461105 3 0.75231653 0.04289182 0.41729919 0.08578344 0.31443498 1 0.68826735 0.34112062 0.90048995 0.28074284 0.19901990
762,MVI_40901_img00953_jpg.rf.2de6282a306a6bd628dbcea102ff3e3e,0 0.92183924 0.59500237 0.60866570 0.29125881 0.25835247 1 0.91223228 0.63601646 0.88627965 0.31671181 0.22640920 1 0.90261096 0.30601687 0.46239905 0.16869812 0.13052206 1 0.90189523 0.13987197 0.89823630 0.27425802 0.20097270 1 0.80297083 0.19767840 0.18482673 0.09076204 0.07249708 1 0.76033556 0.96955328 0.90740681 0.06078663 0.18382015 3 0.56474197 0.01263415 0.41192330 0.02513313 0.23324492
763,MVI_40901_img01037_jpg.rf.ffb346d8b024e7cd3e56e703dce274c0,0 0.91014618 0.59510841 0.60809917 0.29177647 0.26092377 1 0.90806967 0.33201048 0.87691212 0.30165782 0.22810459 1 0.89162457 0.80471392 0.89675455 0.30107327 0.20641270 1 0.63408220 0.01825967 0.91100964 0.03651914 0.17798052 3 0.05313301 0.97985172 0.33970299 0.03997536 0.16410084
764,MVI_40901_img01049_jpg.rf.45ab4c1bbca229f8d18fdc884fe6a48b,1 0.90970421 0.76736202 0.89629969 0.29744797 0.20740042 0 0.90301293 0.59445400 0.60747247 0.29140882 0.25911360 1 0.88197553 0.29903898 0.87786036 0.30209686 0.22397747 1 0.11700243 0.01202172 0.95829926 0.02364661 0.08254242
765,MVI_40901_img01113_jpg.rf.6b0812d92b718563a349ca33dc6f28d2,1 0.91134667 0.13199534 0.87993002 0.26270304 0.22600918 1 0.89545548 0.53370051 0.89741997 0.28505793 0.20515986 0 0.75245005 0.59392681 0.61322885 0.28939095 0.25325279 1 0.48868385 0.95516839 0.88121462 0.08966302 0.23597031
766,MVI_40901_img01114_jpg.rf.01238cd753d60a9cb1b17f233052598a,1 0.91024476 0.52939682 0.89708202 0.28608465 0.20583577 1 0.90827757 0.13074467 0.88002131 0.25996995 0.22670245 0 0.66199070 0.59370518 0.61332588 0.28781652 0.25224628 1 0.53654176 0.95290437 0.88262103 0.09419107 0.23339953 2 0.36768037 0.95317059 0.88262556 0.09353027 0.23083882
767,MVI_40901_img01165_jpg.rf.0c84955a933e2db32b660ad2ff90fba5,2 0.92314863 0.85143321 0.88712864 0.29398189 0.22289333 1 0.88753057 0.34343500 0.89728727 0.27949934 0.20401134 1 0.84394652 0.05116538 0.88554087 0.10211331 0.21997280 0 0.79940069 0.59637146 0.61556449 0.29420605 0.26234045 1 0.09680539 0.02080923 0.48121796 0.04161825 0.11775246
768,MVI_40901_img01220_jpg.rf.0c323d4e533cb765307bb141dda158d2,2 0.93254781 0.65762663 0.88616712 0.27328968 0.21839452 1 0.92245954 0.16250982 0.89664927 0.27519369 0.20596046 0 0.88143677 0.59552355 0.62087908 0.28782291 0.25812645 1 0.87840760 0.18373007 0.31913052 0.12241623 0.08668118 1 0.71425235 0.06140234 0.27402420 0.11527385 0.07497759 1 0.65097791 0.96151237 0.93201885 0.07691460 0.13446369
769,MVI_40901_img01250_jpg.rf.1dc4f688523d3988c79598d7294a7aaf,2 0.93384433 0.55237403 0.88968773 0.27053041 0.22062435 1 0.91074610 0.09665239 0.89462054 0.19243498 0.21036029 0 0.89202183 0.59466820 0.62387218 0.29199810 0.25591049 1 0.88520956 0.47488413 0.31706262 0.12806702 0.09187145 1 0.86650866 0.25030525 0.27256162 0.11129546 0.07401795 1 0.85784024 0.90958786 0.92043900 0.17991257 0.15912180 1 0.83333564 0.89373493 0.12800432 0.07879829 0.06182413 1 0.14013916 0.62871418 0.08083807 0.02956963 0.04350572 1 0.09185920 0.03575734 0.22027080 0.07151448 0.06858974
770,MVI_40902_img00260_jpg.rf.1c1e73eaf2b793784199c9782c1ce2e8,3 0.93760675 0.53405877 0.32111740 0.44014108 0.28148785 2 0.91797179 0.86962776 0.28661599 0.11242065 0.10375404 1 0.89562899 0.19732654 0.28409839 0.12362499 0.08779020 3 0.88283640 0.69902868 0.07688127 0.19779224 0.09796137 1 0.83691686 0.49444532 0.12075559 0.07967777 0.05485487 1 0.80565912 0.93275013 0.15476800 0.08672409 0.06527259 1 0.73412883 0.92479897 0.12482969 0.08066826 0.05619323 1 0.58774674 0.98523846 0.25627923 0.02948723 0.07837143 1 0.53774458 0.17368724 0.17480133 0.09728565 0.06358199 2 0.47394946 0.97679615 0.16772246 0.04611626 0.07320952 3 0.29844123 0.16751261 0.09191457 0.17978110 0.09081964 1 0.12824371 0.97701278 0.17011039 0.04597425 0.07070484 1 0.11818454 0.00895414 0.32826018 0.01790808 0.07498426 1 0.10092997 0.13860668 0.20340483 0.09196012 0.06097302 3 0.09676979 0.97018389 0.07971987 0.05963202 0.09946482 3 0.07632639 0.97555737 0.12236342 0.04888506 0.15421293 2 0.05472630 0.98509927 0.25703011 0.02980127 0.08831716
771,MVI_40902_img00365_jpg.rf.fbe3680c7013c1340dff86ff160c0a34,3 0.91560209 0.42484809 0.33821237 0.44789712 0.28069654 1 0.90598083 0.72296362 0.31140261 0.12796783 0.09152918 1 0.85532933 0.92903500 0.15266609 0.08357201 0.06553535 3 0.83790970 0.56730390 0.07510399 0.19715767 0.09329216 1 0.83470786 0.32292702 0.13447362 0.08027825 0.05111310 1 0.83432192 0.55524845 0.13390543 0.08459854 0.05633934 1 0.83036846 0.78804369 0.13508220 0.08930511 0.05536766 3 0.77269465 0.92599282 0.08068725 0.14801416 0.09962741 1 0.76980031 0.75452561 0.11453092 0.07730618 0.05435056 3 0.58573604 0.20522282 0.09444028 0.19379368 0.10301540 2 0.49192950 0.97609639 0.16693032 0.04780702 0.06990595 1 0.13038357 0.17675904 0.17678223 0.08958280 0.06985769 1 0.11098167 0.97608490 0.17118652 0.04783000 0.06618834 1 0.07723872 0.99491062 0.35816693 0.00987720 0.07646961 1 0.07015925 0.61119394 0.26161053 0.08360691 0.07268195 1 0.06963288 0.33505957 0.92400303 0.22411408 0.15199375 1 0.06390490 0.24825454 0.32408819 0.09811287 0.11036396 0 0.05761642 0.33215828 0.92377009 0.23451595 0.15245962 1 0.05376254 0.59160385 0.28891654 0.10266094 0.09503651 1 0.05357938 0.65011482 0.06959623 0.05873127 0.05688814
772,MVI_40902_img00418_jpg.rf.adcf14d6940a444d0e22fc04e38edb26,1 0.90765822 0.67096205 0.30787487 0.12743969 0.09529171 1 0.90451980 0.15230578 0.45637798 0.16746719 0.11229706 1 0.85253948 0.80522194 0.26206985 0.12143173 0.07973518 0 0.84470338 0.30647378 0.28451879 0.18383932 0.17369771 1 0.82590914 0.47870216 0.13689991 0.08629503 0.05409083 3 0.82588929 0.74886074 0.07572313 0.31619682 0.10049814 3 0.78623968 0.29556117 0.08487043 0.18670483 0.09153186 1 0.67329597 0.92940807 0.15543640 0.08506889 0.06271768 3 0.65132529 0.91329880 0.31965823 0.16957207 0.26668224 1 0.62947571 0.47142344 0.11505232 0.07379990 0.04650283 2 0.62301230 0.83465140 0.12833960 0.07539134 0.06253353 0 0.60473019 0.91334476 0.31978745 0.17046432 0.27090282 1 0.59047437 0.22803555 0.14782984 0.07088441 0.04991546 1 0.48240700 0.83457797 0.12818072 0.07582583 0.06226440 1 0.42121974 0.36637163 0.25180242 0.10370750 0.08550725 1 0.33836645 0.92929707 0.12474092 0.08230095 0.05537753 1 0.10413545 0.86954689 0.23169098 0.07798729 0.07940758 0 0.08920765 0.59377327 0.61600399 0.29229040 0.25515203 1 0.08644269 0.00514277 0.32844815 0.01023238 0.07768145 1 0.05834351 0.47865257 0.10433775 0.06819019 0.03591452
773,MVI_40902_img00672_jpg.rf.a2351978fd5f3116e316d001e0d4fb38,1 0.91631770 0.65367136 0.38153677 0.13750744 0.10083284 3 0.91116691 0.14977694 0.37089505 0.29934483 0.28875179 1 0.90259165 0.91986389 0.37593236 0.14923668 0.10310154 1 0.88178986 0.82772388 0.26132820 0.11129837 0.07662063 1 0.87105471 0.42321903 0.14534667 0.08276727 0.05724306 1 0.87072641 0.34353900 0.30216093 0.12858372 0.09466858 1 0.84579498 0.59978495 0.30900517 0.12961388 0.10068521 1 0.84379685 0.90219488 0.16075577 0.08741264 0.06320975 1 0.84080541 0.77582483 0.12511604 0.07752228 0.05543635 2 0.81712091 0.96976509 0.31598973 0.05944805 0.12398853 3 0.81237209 0.38477898 0.07136872 0.17923260 0.13353802 1 0.79774988 0.28700500 0.13380628 0.07403574 0.05443721 3 0.79037505 0.79809055 0.07858914 0.26685715 0.09776704 1 0.78812844 0.50758781 0.12416446 0.08021965 0.05424075 2 0.59502316 0.97430706 0.17196231 0.05100517 0.07297468 1 0.29861501 0.95811434 0.13423389 0.08377113 0.06387224 1 0.09618198 0.99188943 0.55731010 0.01622095 0.11150856 0 0.07743767 0.59286847 0.62159953 0.29331989 0.24944086 2 0.05214778 0.36635060 0.91970415 0.29640303 0.15752048
774,MVI_40902_img00776_jpg.rf.f46b0b92636ff2ac677e850a100432d1,3 0.93486965 0.40551654 0.22299488 0.22596776 0.16390114 1 0.90156949 0.71685352 0.31694922 0.13028984 0.09224339 3 0.88003916 0.11485590 0.39242749 0.22884920 0.22049961 1 0.87338191 0.63106761 0.12217131 0.07796774 0.05839314 1 0.85596275 0.78076191 0.14152242 0.08473492 0.05697913 1 0.84508687 0.90313683 0.16340327 0.09182396 0.06424398 1 0.81505096 0.22336126 0.31347382 0.12126368 0.09025869 3 0.80345339 0.95842504 0.34811795 0.08314972 0.28064122 1 0.72957361 0.84234791 0.12130720 0.07058640 0.04828849 3 0.65827340 0.22488284 0.09584872 0.25207778 0.09943018 1 0.59291041 0.33517470 0.14905496 0.08161635 0.05685368 1 0.36236215 0.17095807 0.17975483 0.09990249 0.06717815 0 0.33391863 0.59214401 0.62320566 0.29238453 0.24998150 2 0.29221979 0.97522449 0.17312702 0.04910507 0.07236273 1 0.26010013 0.97547207 0.17301502 0.04897652 0.07324491 1 0.17485008 0.41725926 0.15855269 0.08368931 0.05620770 1 0.09673541 0.04063098 0.30313225 0.07874771 0.09311628 1 0.09135863 0.14142573 0.15150654 0.09013448 0.05509481 1 0.07236089 0.48475628 0.17443268 0.07800541 0.06317191 1 0.05230904 0.46743612 0.19413395 0.09055519 0.07606692
775,MVI_40902_img00854_jpg.rf.04fb0321d62fab9fe06156723f2e3d6f,3 0.90587050 0.75701623 0.34327283 0.48596735 0.21355047 1 0.87267220 0.10537151 0.32342567 0.12037416 0.08529320 1 0.85233599 0.18047259 0.26498003 0.11257148 0.07962980 1 0.82904297 0.27957854 0.15262656 0.07860966 0.05382285 1 0.81066293 0.49419432 0.29125104 0.11167545 0.08035655 3 0.79795331 0.90233030 0.22423303 0.19325924 0.15065842 1 0.79314411 0.33756304 0.12514582 0.06599798 0.04760807 1 0.66443086 0.86550808 0.12315390 0.09406605 0.06215462 1 0.27727723 0.91118546 0.15926445 0.07824936 0.05222116 1 0.16811162 0.13587166 0.21077099 0.09040596 0.06146945 1 0.14031203 0.97951012 0.17256212 0.04085655 0.06207647 1 0.11058591 0.17379397 0.18271029 0.09525101 0.06570001 0 0.05218697 0.59311194 0.62534342 0.29373245 0.24874687
776,MVI_40902_img00992_jpg.rf.25606a0b96acac574fd676e38e5b5f89,1 0.89025909 0.85753298 0.27225406 0.11547394 0.07928686 1 0.88883597 0.16936843 0.32045298 0.12132373 0.08543320 3 0.87445074 0.42625581 0.10516884 0.21131856 0.10222468 1 0.86356568 0.33416862 0.27739229 0.12308140 0.09247646 0 0.83400166 0.54725933 0.27119095 0.18087120 0.17898922 1 0.79584414 0.90163288 0.17300053 0.08834648 0.06548700 1 0.48141167 0.96896300 0.15151966 0.06207380 0.05547576 2 0.39650965 0.26076558 0.11108199 0.05901465 0.05762670 0 0.28702199 0.59394751 0.62876558 0.29103241 0.25267925 1 0.19233431 0.99413986 0.37271938 0.01154556 0.09002218 2 0.08994519 0.97462563 0.18590596 0.05074853 0.07104039 1 0.08748391 0.18847619 0.18134804 0.09649827 0.06715555 1 0.08395310 0.59327316 0.27070146 0.09798679 0.08604412
777,MVI_40903_img00016_jpg.rf.c027fb3c694cfdffd74d364f9bbe9b16,0 0.91583139 0.75056925 0.28230278 0.17564354 0.16883116 1 0.90924430 0.39404905 0.33438392 0.12746091 0.09266129 1 0.87570852 0.87834949 0.17766492 0.09402008 0.06404543 1 0.86971480 0.51639538 0.27959704 0.12695580 0.09852653 1 0.83492231 0.24844129 0.17931573 0.08663177 0.06044126 1 0.81900120 0.97584033 0.27994034 0.04831914 0.07753773 1 0.79270422 0.14117436 0.21171989 0.09598751 0.06699029 2 0.76266408 0.97603431 0.18694839 0.04793119 0.07613778 3 0.75386733 0.27733142 0.11244233 0.20006518 0.09578836 1 0.62771815 0.86288261 0.15696912 0.07539673 0.04999547 0 0.47005036 0.59399643 0.63126221 0.29169006 0.25244446 1 0.14723328 0.05935485 0.19542463 0.09013803 0.06098285 1 0.13664730 0.97939138 0.16813068 0.04087048 0.06098900 1 0.10836703 0.73281479 0.08983599 0.03382330 0.02997191 1 0.05987213 0.78971920 0.25971899 0.08830738 0.08370647
778,MVI_40903_img00040_jpg.rf.5d513cc4c2978d04fefa2feb775239e2,1 0.89946079 0.66078172 0.28271594 0.12869387 0.09793434 1 0.88691896 0.61426158 0.34845343 0.13739491 0.09986515 1 0.84440517 0.31949887 0.17314441 0.08451710 0.06388493 0 0.83360797 0.90521183 0.28397169 0.18755341 0.17838088 1 0.82638901 0.82038076 0.18056660 0.09682775 0.06505508 1 0.81316179 0.78065500 0.15955276 0.08145046 0.05866413 2 0.77316767 0.97332740 0.18396393 0.05334501 0.07578843 1 0.76464468 0.15276101 0.21239776 0.09635835 0.06866580 0 0.45321220 0.59368286 0.63047562 0.29195442 0.25091667 1 0.37189475 0.06081710 0.19759650 0.09093289 0.06321173 1 0.12175579 0.97189798 0.16289859 0.05588474 0.05176029 3 0.08203418 0.15169487 0.11783595 0.19815899 0.09302698
779,MVI_40903_img00194_jpg.rf.57fe9ffac5646d32844365684666f9bd,1 0.91944075 0.41854224 0.35428317 0.14288740 0.10895562 1 0.90386224 0.63154984 0.31143360 0.13239822 0.09100780 0 0.90044588 0.59260807 0.62895679 0.29144573 0.25163202 2 0.89906055 0.57346659 0.23667398 0.10001831 0.09289998 1 0.89534634 0.22963963 0.30294852 0.12052188 0.09088306 3 0.88149834 0.50948974 0.16279929 0.24442136 0.14305081 1 0.88004386 0.66518974 0.19880472 0.09123611 0.06671283 1 0.87850159 0.78607445 0.22309775 0.10144558 0.07460046 1 0.87486452 0.22682858 0.20655031 0.08744277 0.06050668 1 0.86272693 0.05027676 0.42868614 0.10055332 0.13230820 2 0.82748806 0.97124672 0.18484651 0.05642281 0.07686174 1 0.81433564 0.65581832 0.13475199 0.07032042 0.05371208 1 0.81107956 0.98100128 0.22973418 0.03794155 0.06096802 3 0.71660787 0.03900660 0.19689409 0.07801300 0.13218853 1 0.71292681 0.22722722 0.18240111 0.09222430 0.05234799 1 0.32186419 0.41636162 0.12537215 0.05943165 0.04576092 1 0.27799189 0.24319508 0.18020856 0.06556549 0.04160018 1 0.25644037 0.85138988 0.10396519 0.06090088 0.04593368 1 0.10155172 0.44495745 0.15858414 0.06354618 0.05777030 1 0.10034587 0.42863550 0.15177104 0.05999880 0.05608683 1 0.08200257 0.48325148 0.15482873 0.06796989 0.05736363 1 0.07818528 0.41714050 0.13955863 0.06116388 0.04858823 1 0.06866933 0.59029274 0.13542850 0.06614742 0.05523257 1 0.06497454 0.50656543 0.15201707 0.06836700 0.05966983 1 0.06044845 0.56632538 0.14169142 0.06622372 0.05820999 1 0.05628432 0.60069046 0.12033058 0.05856867 0.05445279 1 0.05378105 0.57933574 0.12554828 0.06166840 0.05534260 1 0.05212957 0.45362368 0.14698007 0.06138153 0.05571332
780,MVI_40903_img00220_jpg.rf.a95a156e4bd9de40da124810ea4e7bf9,1 0.92242807 0.24836886 0.41888045 0.15560884 0.12505763 1 0.91216362 0.46834607 0.36330843 0.14590569 0.10710850 0 0.90569198 0.59260721 0.63266916 0.29057045 0.25341282 2 0.90513819 0.43913798 0.27548566 0.10616198 0.10624266 3 0.90073586 0.37379541 0.19916997 0.26363125 0.16609011 1 0.89494181 0.66826582 0.25474911 0.10956535 0.08278852 1 0.89328557 0.08581464 0.36796832 0.14020692 0.10939236 1 0.89103359 0.90373611 0.24495721 0.10083389 0.07663279 3 0.88582623 0.07649591 0.19379851 0.15157561 0.13551424 1 0.87272280 0.58330688 0.21938295 0.09874840 0.07367697 1 0.85598052 0.72489862 0.12880027 0.06680984 0.05280170 2 0.84922695 0.89533033 0.19401908 0.08345318 0.07802439 1 0.78636754 0.96101189 0.14576055 0.06905708 0.05634477 1 0.71533120 0.51392474 0.14915884 0.07255564 0.05268378 1 0.10453350 0.29707847 0.19484589 0.06926174 0.06719317 1 0.08935907 0.42885656 0.16691384 0.06784191 0.05980620 1 0.08190273 0.31776714 0.19604294 0.06706572 0.06193962 1 0.06523971 0.38073983 0.17401632 0.07422094 0.06326859 1 0.06221297 0.27776575 0.18750651 0.07093019 0.06417694 1 0.05743408 0.45486355 0.16673505 0.06854277 0.05850270 1 0.05718984 0.40524545 0.16949216 0.06987028 0.06293156
781,MVI_40903_img00244_jpg.rf.afa09a7700b2d6c94d244d1656f0071c,0 0.92056996 0.59204087 0.64101267 0.29061174 0.25631027 1 0.91873085 0.32603579 0.41851646 0.15945511 0.12128732 1 0.91401225 0.55753374 0.29280667 0.12010355 0.09091883 3 0.90278238 0.24494393 0.24682071 0.28236895 0.19518394 1 0.89878070 0.49605570 0.24917192 0.10296764 0.07905502 1 0.89782387 0.09469219 0.49647970 0.17383355 0.14893818 2 0.89350480 0.79903498 0.21575632 0.08525734 0.08081737 2 0.88432658 0.30434895 0.32197714 0.11547499 0.11489830 1 0.87017232 0.79995241 0.27093267 0.10557671 0.08067636 1 0.86690861 0.91466694 0.16411691 0.07191296 0.05679426 1 0.84244829 0.96853690 0.23522944 0.06292600 0.07700949 1 0.83874893 0.59133835 0.14540503 0.07259321 0.05466409 1 0.83705074 0.78502026 0.12828789 0.06620464 0.05276842 3 0.78333855 0.10972259 0.19792835 0.21799493 0.14433815 1 0.70826614 0.39073186 0.19462267 0.07380295 0.05333292 1 0.52361065 0.39457645 0.17358202 0.07139101 0.05272000 1 0.35533598 0.00852321 0.42918153 0.01702254 0.10144882
782,MVI_40903_img00272_jpg.rf.12a388c451fb92f244caa0e83f4fd7a4,0 0.91557533 0.59226913 0.64132338 0.29196424 0.25697594 1 0.91093683 0.17092100 0.48343592 0.17633188 0.13993750 1 0.91056824 0.42542478 0.34050140 0.13273809 0.10490294 1 0.89041448 0.37540963 0.28579285 0.11430278 0.08818383 1 0.88986897 0.67329874 0.29709890 0.11526070 0.09020576 1 0.88679922 0.85656977 0.25256202 0.08217831 0.08405380 1 0.87914878 0.85162735 0.17580316 0.07737160 0.05919785 2 0.87658417 0.15097042 0.38369374 0.12689059 0.13383665 3 0.85658079 0.12688904 0.30548515 0.25377788 0.22411919 1 0.85371017 0.85088711 0.11993644 0.06534519 0.04805327 1 0.84098697 0.47836423 0.17843102 0.08018484 0.05874174 2 0.83896381 0.94834080 0.20132809 0.08780212 0.08280019 2 0.83736402 0.68252306 0.23353062 0.08963890 0.08039241 1 0.83430547 0.67730484 0.13644071 0.07172222 0.05167341 1 0.78566658 0.96186924 0.15510957 0.07021866 0.05446272 3 0.76059145 0.16156244 0.18113298 0.31757669 0.13174582 1 0.63143456 0.47737284 0.15808139 0.08626652 0.05057216 1 0.54230869 0.01568777 0.56886916 0.03137533 0.15337029 1 0.14399073 0.30174727 0.17218821 0.06602268 0.05635281 1 0.09594046 0.49397163 0.15824881 0.05751324 0.04240963
783,MVI_40903_img00386_jpg.rf.25d5cc5d04d3992e2ea955d0e4a48fcd,1 0.91696185 0.22618883 0.43972198 0.15620198 0.13362653 2 0.90812939 0.20648727 0.36387935 0.11489927 0.12874641 1 0.90708828 0.59469295 0.29164968 0.11852350 0.10353546 1 0.90295136 0.41590223 0.34593892 0.10934353 0.11558228 2 0.89910668 0.41533700 0.29240069 0.11725843 0.11370773 0 0.88970345 0.59157834 0.62204561 0.29301043 0.25302277 1 0.88900429 0.83076441 0.24905663 0.10140910 0.08082333 1 0.87342012 0.65759368 0.19784355 0.08637867 0.06815629 3 0.86511958 0.13367634 0.17256727 0.26735248 0.13839560 2 0.85416025 0.82569675 0.19283261 0.09915600 0.08321247 1 0.85006112 0.97092137 0.14316560 0.05815706 0.05699065 3 0.84950167 0.54962349 0.12512517 0.28967590 0.12610269 1 0.84230620 0.49709415 0.24059303 0.08753567 0.07332530 1 0.82357550 0.32104769 0.21669292 0.11027250 0.07056085 1 0.82023853 0.79202585 0.12378578 0.07007160 0.05331740 1 0.79687011 0.98065209 0.18792338 0.03869562 0.05990515 1 0.75163317 0.81843824 0.10544321 0.06651993 0.04347187 1 0.74623567 0.05299630 0.28217461 0.10599240 0.07616887 1 0.74243474 0.79842386 0.17544047 0.07549782 0.05803754 1 0.12857984 0.63188429 0.10534642 0.06873608 0.05764202 1 0.09961767 0.46868753 0.12267666 0.06437416 0.05290493 1 0.09928904 0.55660195 0.10385167 0.06387739 0.05612355 1 0.09480133 0.90731220 0.07767882 0.03777275 0.04340348 1 0.09140063 0.65555544 0.10859235 0.07111473 0.05564455 1 0.08047736 0.58154440 0.10203710 0.06447582 0.05829017 1 0.07376558 0.49279385 0.11987991 0.06512413 0.05448115 1 0.07156531 0.44777641 0.12020960 0.05806007 0.05516328 1 0.06971104 0.66763773 0.08890187 0.06603813 0.04848042 1 0.06934247 0.60471144 0.10633850 0.06508732 0.05857940 1 0.06925581 0.50591326 0.10143754 0.06402817 0.05177169 1 0.06518371 0.80331001 0.11503806 0.08322239 0.04851480 1 0.06272927 0.64183626 0.09484684 0.06717720 0.05481312 1 0.05904906 0.57011852 0.11500807 0.05716839 0.05417305 1 0.05420183 0.48307285 0.10881221 0.06277704 0.05393085 1 0.05187984 0.58882928 0.11355096 0.06041632 0.05807955 1 0.05097057 0.51737876 0.11609494 0.06935101 0.05722948
784,MVI_40903_img00575_jpg.rf.81ab9a06998f0770e6b254d1384437e8,1 0.91741842 0.17602233 0.48594017 0.15928023 0.14497499 1 0.91533732 0.72712488 0.31116471 0.11289387 0.08459740 1 0.91336459 0.50808773 0.37207875 0.13299618 0.10377264 0 0.90389532 0.59349556 0.63823714 0.29159603 0.25791731 2 0.90142173 0.92027493 0.16346381 0.08608971 0.07735062 1 0.89719605 0.06093637 0.43344388 0.12187254 0.13006363 1 0.88979656 0.42137318 0.32383802 0.11063557 0.08945327 1 0.88730425 0.62641754 0.28481011 0.11231403 0.08050776 2 0.88612229 0.24922895 0.35898347 0.13686963 0.13074770 1 0.88449931 0.89577465 0.28594360 0.10829735 0.07869816 1 0.87618142 0.79098854 0.24805233 0.09675159 0.06801925 1 0.87290645 0.25531628 0.25282435 0.10235701 0.06554790 1 0.87246674 0.10266560 0.22527890 0.09822814 0.06397991 3 0.86723185 0.55967531 0.13816307 0.29403267 0.12325119 1 0.85687411 0.28988442 0.19375906 0.08845072 0.05401120 1 0.84814346 0.45671940 0.27049494 0.10227222 0.06864853 1 0.82725328 0.20747847 0.18154886 0.07968274 0.05843835 1 0.80889058 0.60259666 0.22625473 0.10165596 0.08368239 1 0.79247510 0.62913523 0.18361363 0.08270836 0.05831308 1 0.78164166 0.80723715 0.15064493 0.07754154 0.05052257 1 0.76908469 0.78637590 0.20906492 0.09255028 0.05853719 1 0.68003052 0.22731235 0.33756227 0.11057954 0.08927536 1 0.67629868 0.71086855 0.13108332 0.06387272 0.04740143 3 0.67305923 0.93940496 0.09228207 0.11768093 0.11073867 1 0.61090714 0.42008122 0.15550798 0.06050837 0.04845638 1 0.58866584 0.04062730 0.20369689 0.08125439 0.06419706 1 0.55508715 0.86278095 0.11563114 0.03810234 0.04640930 1 0.27533412 0.63699021 0.85195208 0.09314461 0.10475864 1 0.18833308 0.90215797 0.13214109 0.05943680 0.05163856 1 0.11180037 0.43964787 0.14088762 0.06334057 0.05197587 1 0.09266216 0.45338564 0.13433628 0.05694370 0.05096622 1 0.08957477 0.47995300 0.13774060 0.05920830 0.05161991 1 0.08118300 0.68992548 0.12715780 0.07104874 0.05085251 2 0.08110876 0.60447063 0.22186508 0.10517387 0.08290874 1 0.07220683 0.88536758 0.12097402 0.05091400 0.04783494 0 0.05371065 0.52711134 0.93789158 0.22382488 0.12351532
785,MVI_40903_img00595_jpg.rf.5acef43485faf98e29dbef26982ab12a,1 0.92616850 0.67387128 0.31787248 0.11893797 0.09062886 2 0.92561537 0.87647171 0.16811926 0.08976078 0.07781224 0 0.92321748 0.59233088 0.63658018 0.29142437 0.25248508 1 0.91029048 0.07301610 0.54331503 0.14589394 0.16888981 1 0.91000980 0.84807146 0.29000282 0.11017842 0.08201513 1 0.90446860 0.40358334 0.40019379 0.14278584 0.11113653 2 0.90201658 0.19984994 0.38303957 0.13881574 0.14664602 1 0.89378124 0.57710238 0.29460261 0.11638403 0.08203259 1 0.87099791 0.96305833 0.22254350 0.07388315 0.06544666 1 0.86523283 0.73988204 0.25065632 0.10128565 0.07120209 1 0.86507332 0.37171028 0.33716791 0.11917472 0.09106326 3 0.86034811 0.60630841 0.13065746 0.28432188 0.12174206 1 0.85898292 0.15325572 0.21538923 0.09517088 0.06238742 1 0.82145083 0.31239505 0.23578341 0.09907084 0.06373110 1 0.81881362 0.39964156 0.28146939 0.10308075 0.06837549 1 0.81631196 0.74471760 0.21193216 0.09990692 0.05838180 1 0.81599647 0.27031813 0.16973538 0.07901764 0.05753274 1 0.80580860 0.34233997 0.18107388 0.08594437 0.05274892 1 0.78936183 0.84966574 0.13940736 0.07008400 0.04952295 1 0.77828568 0.02649251 0.46653547 0.05271274 0.14696560 1 0.72584206 0.66565886 0.17563682 0.08249626 0.05703869 1 0.70815146 0.09572231 0.19314113 0.08991312 0.06451902 1 0.67884344 0.74323406 0.12150165 0.06181145 0.05280232 1 0.65213233 0.88606319 0.10450387 0.04863052 0.04580243 1 0.51802522 0.15295587 0.36274195 0.10673175 0.09625645 1 0.49474663 0.47499990 0.14390111 0.06387558 0.05262771 2 0.47705382 0.55511332 0.22728772 0.10473995 0.09216939 1 0.41432303 0.55442867 0.22760854 0.10420856 0.09171638 0 0.31677243 0.51603937 0.86357155 0.09399166 0.12500687 3 0.23604099 0.95302601 0.08635354 0.08928204 0.10423708 1 0.10376579 0.53109617 0.12573013 0.05796137 0.04892168 1 0.09558062 0.73782949 0.10713384 0.06466084 0.04716402 0 0.08520836 0.34982681 0.93803082 0.14372816 0.12317505 1 0.08338393 0.51941004 0.12002683 0.05693321 0.05098976 1 0.08216346 0.69410157 0.11145364 0.05843878 0.04702280 1 0.07691840 0.50076504 0.13141332 0.05967140 0.05301094 3 0.07475147 0.98858313 0.12743294 0.02283354 0.14470372 1 0.07436934 0.55719566 0.11849149 0.05843029 0.04949532 1 0.06424101 0.57823410 0.11665734 0.06122475 0.04978912 1 0.06195381 0.72413406 0.11294914 0.06472397 0.04579725
786,MVI_40903_img00678_jpg.rf.5c53ff27e5c860e6211c2965b5da0313,0 0.92504942 0.59103293 0.64395289 0.29014635 0.25614538 1 0.91847175 0.57147899 0.36869316 0.13373232 0.10290909 1 0.91636574 0.11660041 0.44367982 0.14735639 0.12371194 1 0.91563606 0.30944829 0.45206237 0.15039797 0.12760448 1 0.89557523 0.84046526 0.30119262 0.10646324 0.08610048 3 0.88959682 0.92107143 0.16761434 0.15485630 0.14362226 1 0.88575685 0.71768532 0.26867695 0.10802670 0.07344966 1 0.87068176 0.51623774 0.31847343 0.12030678 0.09156847 1 0.86981410 0.35435002 0.36338968 0.13183494 0.09374714 1 0.86411572 0.94575672 0.23790860 0.09274673 0.07188520 1 0.86097854 0.37796252 0.19321877 0.09051013 0.05682113 1 0.85202795 0.52739658 0.19642787 0.08724728 0.05877872 2 0.84103227 0.72896676 0.20054865 0.09781523 0.08267517 1 0.83362812 0.17928016 0.19240103 0.09029741 0.05807395 1 0.82691097 0.52584610 0.26248999 0.11792336 0.07400250 1 0.81125760 0.34296656 0.16926241 0.07292838 0.05932581 1 0.80730909 0.08051152 0.29739714 0.12837839 0.09492731 1 0.80657512 0.10403771 0.22860770 0.09696513 0.06260600 3 0.80137473 0.78035431 0.12072942 0.25283203 0.10833044 1 0.80014384 0.56211672 0.16390350 0.08467216 0.05423875 1 0.79101765 0.49502902 0.15285789 0.07162924 0.05570529 1 0.78032261 0.12754323 0.38116703 0.12845402 0.09579210 1 0.77050918 0.62536125 0.14162285 0.06233892 0.04900289 1 0.75907183 0.31347957 0.29275203 0.11563234 0.11158705 1 0.69908690 0.98554368 0.26755476 0.02891244 0.06888056 1 0.41654468 0.72286768 0.17291656 0.08192806 0.04966192 1 0.40309030 0.68380699 0.18233078 0.06929703 0.04956346 1 0.12636340 0.85978193 0.15321236 0.08132210 0.07421045 0 0.08255581 0.10729076 0.85511179 0.09131005 0.12939014 1 0.08255132 0.89184723 0.14349633 0.06096573 0.05784392 1 0.07139213 0.48771200 0.14180810 0.06069431 0.04345577 1 0.06184975 0.86852627 0.13914330 0.07574520 0.05777607 1 0.05826617 0.96285000 0.21181028 0.07245407 0.05087290 1 0.05783655 0.90539722 0.13823274 0.05905457 0.05238230 1 0.05060177 0.98594765 0.21505878 0.02810450 0.05385270
787,MVI_40903_img00737_jpg.rf.4a26ec482f2e5c32b3e1a4d8d623884e,1 0.92588586 0.24428473 0.49724550 0.16552382 0.14386177 0 0.91957432 0.58967414 0.64952850 0.28967552 0.25557270 1 0.91311079 0.58102303 0.37451305 0.12699852 0.10815573 1 0.90126967 0.37089748 0.36812787 0.13213158 0.10311489 1 0.89947933 0.84158316 0.30473680 0.11926746 0.09177952 3 0.89924586 0.84649019 0.17983123 0.22297268 0.15285852 1 0.88485271 0.16384631 0.45229955 0.15163128 0.12669096 1 0.87797862 0.76650662 0.27692697 0.10113688 0.08234134 1 0.86824411 0.55357018 0.31193476 0.11739082 0.08842440 1 0.86534309 0.34272728 0.32395542 0.12946367 0.09389176 1 0.84933275 0.47626138 0.18680391 0.08970985 0.05920897 1 0.84282249 0.28760498 0.24332085 0.10637088 0.07188616 2 0.84176034 0.57805958 0.23542807 0.10789375 0.08372068 1 0.81696510 0.03303514 0.31379151 0.06607008 0.09494123 1 0.79248840 0.32199070 0.18137143 0.08709826 0.05279160 1 0.79072136 0.98299308 0.23752441 0.03401365 0.06345901 1 0.79037106 0.11830412 0.23180189 0.09626577 0.05757356 1 0.77373993 0.59078875 0.14924722 0.07298145 0.05443482 1 0.74353576 0.27984047 0.21488748 0.09773617 0.05765342 1 0.74202758 0.64259996 0.16160432 0.06528625 0.04851201 1 0.73537022 0.46483679 0.16187775 0.07568188 0.05396538 1 0.73324817 0.59535437 0.19264507 0.08728085 0.06666665 1 0.67238039 0.70284848 0.14721999 0.07522726 0.05402169 1 0.67111933 0.09270921 0.21170010 0.08098850 0.05336066 1 0.61355269 0.11433676 0.37510948 0.13244455 0.13933916 3 0.49485570 0.95200396 0.13947339 0.09564133 0.10942498 2 0.38088655 0.11489282 0.37570791 0.13300848 0.14187946 1 0.35871452 0.00880480 0.61761570 0.01747251 0.13306904 3 0.35557732 0.85278997 0.13557885 0.22554684 0.11793951 3 0.19964577 0.80583534 0.12024505 0.13161678 0.08275174 1 0.19527327 0.74716711 0.17289479 0.08000221 0.06492600 1 0.17109351 0.72519531 0.18208880 0.08339262 0.06140718 1 0.10667369 0.69429455 0.13657357 0.06247654 0.04225132 3 0.09859124 0.88169537 0.10848192 0.17786789 0.08388829 1 0.08440541 0.75828848 0.15952730 0.06976395 0.05936913 1 0.07190058 0.77668366 0.16948661 0.07011442 0.06211698 1 0.06092969 0.01106592 0.65303621 0.02213164 0.20808735 1 0.05297481 0.76940465 0.18302908 0.07876825 0.06395612
788,MVI_40903_img00740_jpg.rf.08024c702aad14d4f3de78293b6b1a87,1 0.92803842 0.83058901 0.30780377 0.11861496 0.08922858 1 0.92147410 0.56481733 0.37939510 0.12844696 0.10952034 1 0.91930467 0.22493875 0.50555353 0.16766300 0.14503727 0 0.91284555 0.58917632 0.65038223 0.28863735 0.25215836 1 0.89205378 0.36109955 0.37203369 0.13354278 0.10359011 3 0.88123554 0.84076424 0.18205721 0.21701927 0.15519495 1 0.86993498 0.75655880 0.27845747 0.10248184 0.08327360 1 0.86837548 0.47879868 0.18715667 0.08829269 0.05825527 1 0.86580980 0.33203189 0.32784381 0.12732415 0.09406490 1 0.86411643 0.15110474 0.45886703 0.15178003 0.12678213 2 0.86206383 0.57274475 0.23923481 0.10928841 0.08651381 1 0.85429490 0.54670067 0.31509457 0.11856937 0.09035912 1 0.81552464 0.97756190 0.24134085 0.04487600 0.06521187 1 0.80512810 0.59273882 0.14995084 0.07075291 0.05481422 1 0.79168266 0.32585702 0.18131045 0.09233494 0.05329659 1 0.78495818 0.12744572 0.23170810 0.09264205 0.05604897 1 0.78128648 0.28605337 0.21263592 0.09324923 0.05648432 1 0.78048772 0.29239988 0.24289634 0.10925159 0.07523561 1 0.76046097 0.03725016 0.31069827 0.07394487 0.09328461 1 0.74206120 0.46729746 0.16219244 0.07485380 0.05322390 1 0.73904854 0.60146761 0.19028625 0.08841228 0.06213264 1 0.73701084 0.65068955 0.16231446 0.07043591 0.04935260 1 0.69945109 0.70169854 0.14658332 0.06983728 0.05590491 1 0.66938835 0.10443734 0.38260820 0.13534367 0.14158778 1 0.66834038 0.10388247 0.21053107 0.07773905 0.05184679 3 0.54698324 0.94088683 0.14119128 0.11822614 0.11177886 3 0.30565301 0.81118488 0.11418387 0.13293591 0.07153089 3 0.23380961 0.85663128 0.12482769 0.22335854 0.09626785 1 0.12604205 0.69319553 0.13387718 0.05599842 0.04007034 1 0.09829145 0.76716332 0.16924193 0.06930265 0.06182690 1 0.08934587 0.96521931 0.17860633 0.04616852 0.04093883 1 0.08331741 0.71712112 0.18242027 0.08193913 0.05917366 1 0.05547602 0.77579260 0.15621068 0.06545067 0.05860667 1 0.05209659 0.74381938 0.17078985 0.07977638 0.06179945
789,MVI_40903_img00835_jpg.rf.ea85afd530c525a29f33e2a8205c399a,0 0.93452692 0.59003496 0.64617577 0.29082546 0.25670071 1 0.91859484 0.36441817 0.44037399 0.16235456 0.12767458 3 0.91677576 0.59381094 0.21618273 0.26753368 0.17037220 1 0.91199493 0.70663633 0.32038641 0.11785336 0.09483547 1 0.91112715 0.51614976 0.33587761 0.11791735 0.09843721 1 0.89611864 0.87670555 0.27883794 0.10158691 0.07802076 1 0.89487451 0.07126030 0.58801918 0.14252040 0.17673960 1 0.89014941 0.28088341 0.39552722 0.13567762 0.10924120 2 0.87983507 0.26858158 0.32290702 0.13036399 0.12067213 3 0.87853545 0.84627647 0.15750372 0.24056339 0.13286591 1 0.86937237 0.13692839 0.22068694 0.09516337 0.07061138 1 0.84813488 0.41287088 0.19546492 0.07810841 0.05709391 1 0.83489388 0.04739489 0.51470928 0.09466776 0.12982635 1 0.83358866 0.28497086 0.23382974 0.10384302 0.07193804 1 0.80369884 0.34183931 0.17750179 0.08204651 0.05206854 1 0.78425986 0.19043148 0.19476805 0.08456101 0.05230117 1 0.77300262 0.29445770 0.15738680 0.06561990 0.04996867 1 0.77018416 0.96318607 0.21150942 0.07327652 0.06750569 1 0.76259989 0.04341186 0.44743031 0.08682352 0.10654585 1 0.76159632 0.57790608 0.14273758 0.06956310 0.05027795 1 0.71791005 0.02076335 0.31472116 0.04152649 0.07565928 1 0.70617479 0.27958155 0.21144085 0.09186640 0.05739484 1 0.64515632 0.44863553 0.16243837 0.07152176 0.04793253 1 0.30444804 0.48421831 0.20145292 0.07317963 0.05982471 1 0.29060009 0.69396400 0.13215342 0.05881195 0.04769211 3 0.24807875 0.98532853 0.13080231 0.02934274 0.09639478 1 0.16182156 0.00709480 0.24108286 0.01418940 0.05251727 1 0.15688963 0.69776182 0.14503684 0.06409111 0.05219049 1 0.14116991 0.46238317 0.17423023 0.08463192 0.05569127 1 0.12894820 0.68679070 0.15787542 0.06051826 0.05115914 1 0.11814025 0.50194511 0.19545218 0.07635746 0.06090791 1 0.11314651 0.66582327 0.16335565 0.05692825 0.05048974 1 0.11265656 0.54264464 0.18221480 0.06752892 0.05776942 1 0.10516587 0.78324451 0.13516698 0.05413189 0.04918704 1 0.09930474 0.56495476 0.17569771 0.07057858 0.05493188 1 0.08844909 0.59059725 0.17209738 0.06357841 0.05315490 1 0.08200610 0.63297358 0.16739397 0.05627384 0.05189929 1 0.08079877 0.51781378 0.18930023 0.06978388 0.05922699 1 0.07983709 0.47616405 0.18373482 0.06956635 0.05574222 1 0.07742506 0.70904827 0.13754287 0.06652107 0.04747000 1 0.07241189 0.79627647 0.13955662 0.05450478 0.05297987 1 0.07006611 0.54210124 0.16893780 0.05997953 0.04822779 1 0.06364948 0.67693405 0.14971912 0.05573292 0.04471335 1 0.05541888 0.81819115 0.14245117 0.05505314 0.05456800 1 0.05039809 0.76214333 0.13727095 0.05458603 0.04754086
790,MVI_40903_img00998_jpg.rf.e235b7357bab7aaccda674290827b7f1,3 0.93171591 0.14219255 0.36093273 0.28316364 0.26945724 1 0.92100811 0.59357548 0.38501592 0.14579058 0.11006956 3 0.91720760 0.41079835 0.23591630 0.35971987 0.19067435 1 0.91188759 0.28995805 0.46083318 0.15274668 0.12542226 0 0.90739018 0.59033680 0.65037460 0.29043121 0.25322876 1 0.88722831 0.07166566 0.60267153 0.14210794 0.17405319 3 0.88468856 0.80271623 0.17191455 0.26948285 0.14575424 1 0.85927588 0.33063211 0.37469711 0.10658417 0.10252199 1 0.80753344 0.17992661 0.20800814 0.09275541 0.05849954 1 0.69576472 0.16192989 0.18619168 0.08104420 0.05195112 1 0.49773261 0.64383383 0.16263554 0.07425880 0.05701575 1 0.49298644 0.01038621 0.54831858 0.02073933 0.11612301 1 0.40149999 0.31359029 0.18916609 0.07842436 0.05600019 1 0.15086029 0.67666378 0.17127135 0.07542992 0.06135936 1 0.14366725 0.55989876 0.19197125 0.07037144 0.06140413 1 0.11571834 0.30495460 0.20437884 0.08405023 0.06398563 1 0.11217399 0.54154339 0.19766557 0.06935215 0.06049614 1 0.10044324 0.30626717 0.22318287 0.08355923 0.07021637 1 0.09243585 0.10147848 0.28921230 0.07590747 0.06899552 1 0.09089163 0.35411179 0.21951690 0.08322692 0.07049632 1 0.08904603 0.49402161 0.18931456 0.07092247 0.06572433 1 0.08883889 0.52062445 0.18983274 0.06742926 0.06368442 1 0.08597425 0.54494867 0.17509255 0.07029819 0.05802383 1 0.08475718 0.38097391 0.21675377 0.07914696 0.06893253 1 0.08247375 0.49163322 0.17120593 0.06884842 0.05741138 1 0.08054182 0.73272023 0.14798558 0.05949221 0.05627766 1 0.07713760 0.43025178 0.18448091 0.07718661 0.06011834 1 0.07660916 0.39179144 0.19619615 0.07388887 0.06228681 1 0.07538526 0.32707047 0.21341834 0.08640451 0.07196145 1 0.07259965 0.79119358 0.13766642 0.06486759 0.05379298 1 0.07183222 0.51654806 0.17297592 0.06513262 0.05866747 1 0.07098975 0.41639289 0.19440501 0.08040812 0.06399217 1 0.06887519 0.75593824 0.14713752 0.06373215 0.05918903 1 0.06673043 0.81348810 0.14294169 0.06387920 0.05551949 1 0.06596638 0.67906113 0.15409305 0.07025347 0.05171475 1 0.06275568 0.40356770 0.21377206 0.07703018 0.06635814 1 0.06206350 0.36791213 0.20237226 0.08124776 0.06684756 1 0.06029459 0.76992397 0.13997316 0.06467361 0.05137839 1 0.05757361 0.29796178 0.23833649 0.07466526 0.06318560 1 0.05080282 0.90850143 0.13348212 0.06071472 0.05449133 1 0.05071781 0.72110815 0.15514154 0.06311722 0.05899892 1 0.05019906 0.50424767 0.16121738 0.06858387 0.05077291
791,MVI_40904_img00129_jpg.rf.4b12a5a8949692d10c6dd1cd833372a7,3 0.89549828 0.38891368 0.25099881 0.37673178 0.18926501 1 0.89056021 0.07355232 0.58762636 0.14710444 0.17040253 3 0.83398134 0.07314818 0.34535069 0.14583836 0.23432312 1 0.82870692 0.69220829 0.15962710 0.07411175 0.05292521 1 0.82335949 0.90253868 0.14737227 0.07269440 0.05408182 1 0.78665566 0.62992592 0.18464417 0.06982765 0.05360689 1 0.77239370 0.61923356 0.15183583 0.07389307 0.05247395 0 0.74390960 0.59149427 0.65262809 0.29386635 0.25256910 1 0.73443919 0.79860010 0.15138330 0.06481113 0.04962873 1 0.69841802 0.48746519 0.15454711 0.07307873 0.05475385 1 0.65686697 0.77506180 0.16670859 0.07929688 0.06181207 2 0.45810685 0.77265787 0.16578281 0.07748718 0.06372786 1 0.43533483 0.40515275 0.17238213 0.07081575 0.04931161 1 0.42670989 0.88658199 0.12664440 0.05812340 0.04675298 1 0.37996763 0.56065702 0.17512680 0.07893696 0.05711372 1 0.28966105 0.80631294 0.13822373 0.06024170 0.04565549 1 0.20174073 0.76198254 0.15468804 0.06352119 0.04426420 1 0.14149241 0.41325274 0.18924592 0.07929859 0.06138453 1 0.08318204 0.78869896 0.14139085 0.05858459 0.04523408 1 0.07574002 0.53317928 0.18613210 0.07844906 0.06776333 1 0.07282998 0.81853399 0.13376447 0.04583454 0.04050550 1 0.07261708 0.43796358 0.19856814 0.08255787 0.06574042 1 0.07074679 0.62438254 0.16667113 0.07365589 0.07078276 1 0.06376810 0.48271070 0.18922117 0.07515812 0.06659498 1 0.06315735 0.39342370 0.20306280 0.08655386 0.06675930 1 0.06254894 0.50028229 0.17810178 0.07281132 0.06304917 1 0.05351181 0.50576010 0.19404905 0.07416973 0.06921477
792,MVI_40904_img00467_jpg.rf.2c27387ce1df4b2c3016d4cc7948f921,1 0.88647121 0.38406928 0.14408959 0.05627313 0.05233815 0 0.88373220 0.59002090 0.65658417 0.29124660 0.25249329 1 0.88288283 0.65807829 0.27676735 0.10487938 0.07974720 1 0.84403700 0.83926535 0.15648320 0.07710934 0.05296288 1 0.38464731 0.33594444 0.12421019 0.02980638 0.04300156 1 0.16378613 0.47476710 0.91586208 0.29130061 0.16664124
793,MVI_40904_img00513_jpg.rf.8b84ca184aa5beeff976bbc5455d4ab7,1 0.88501412 0.52635651 0.24288805 0.09457760 0.07226863 0 0.88096237 0.59078331 0.65636034 0.29153614 0.25295105 1 0.85042852 0.45024776 0.16105490 0.06878414 0.05700967 1 0.84973788 0.84686289 0.15537498 0.07533073 0.05225480 1 0.83365560 0.35683615 0.14311690 0.04536185 0.05413771 1 0.66998219 0.85459826 0.32446620 0.13660502 0.11453834 2 0.40924811 0.85498800 0.32423584 0.13705597 0.11335702 1 0.16560958 0.45454437 0.91675396 0.29268568 0.16468410
794,MVI_40904_img00873_jpg.rf.0c728abf37c58f880779db09c6b5cb06,0 0.92658013 0.59162331 0.65528884 0.29222488 0.25324450 1 0.90139985 0.82227497 0.24608021 0.11250000 0.08525963 1 0.90121925 0.68062878 0.20972133 0.10257587 0.08776650 1 0.89720398 0.57317996 0.28760958 0.11074419 0.09284754 1 0.89664704 0.54383440 0.17876735 0.07789917 0.06714687 1 0.88664907 0.42684134 0.25097380 0.09596884 0.07137547 2 0.87824583 0.32419076 0.22175062 0.09233494 0.07981758 1 0.84298223 0.96999230 0.27769368 0.06001520 0.07034860 1 0.82278037 0.97212314 0.32088985 0.05575352 0.08331490 1 0.81984109 0.58761015 0.24628410 0.09544430 0.07645187 1 0.80804324 0.37113910 0.20594993 0.06639538 0.06036528 1 0.80577117 0.46759133 0.22676963 0.09727554 0.06929685 1 0.36496893 0.26577497 0.91263566 0.29223785 0.17472848 1 0.16074194 0.70112505 0.90795941 0.30187073 0.18408098
795,MVI_40904_img01095_jpg.rf.aa1425fb9194b33adda8f1f84f52d64b,0 0.93772477 0.59243469 0.65441132 0.29248753 0.25382204 2 0.92302287 0.58651361 0.18027551 0.10360165 0.11204920 0 0.91565806 0.73368149 0.26964502 0.15354576 0.12000017 1 0.90419775 0.57400303 0.28676553 0.11023369 0.09181871 2 0.89001334 0.32514405 0.22227535 0.09249420 0.08024397 1 0.88900238 0.42752773 0.25145035 0.09638612 0.07099113 1 0.88057613 0.82342854 0.24482543 0.11289654 0.08583198 1 0.84537518 0.47077713 0.22730298 0.09656277 0.07509685 1 0.83749223 0.97034182 0.27846198 0.05931615 0.07184439 1 0.82976776 0.68891020 0.21181581 0.10872822 0.08891101 1 0.82410163 0.37109995 0.20585694 0.06752043 0.06197395 1 0.81585997 0.97243047 0.32163830 0.05513887 0.08317819 1 0.78551531 0.58631511 0.24746797 0.09681005 0.07723732 1 0.61417156 0.95447330 0.92558470 0.09047890 0.14821148 1 0.49022931 0.26717010 0.91262221 0.29138364 0.17475538 1 0.39212757 0.68393755 0.90918302 0.30258961 0.18163376 2 0.11083337 0.59403825 0.24815469 0.09136000 0.08347130 1 0.06325255 0.57403126 0.15343453 0.07562733 0.06121275
796,MVI_40904_img01230_jpg.rf.5f38ff573d77cbe03e55e7ac18b26441,0 0.93006408 0.59329906 0.65639095 0.29195375 0.25521526 2 0.90327001 0.83920209 0.24261677 0.13271184 0.14975519 2 0.90300465 0.32531056 0.22340327 0.09343071 0.08175553 1 0.90234840 0.57381277 0.28777406 0.10983028 0.09125648 0 0.90113056 0.73659129 0.27111297 0.15164881 0.12304573 1 0.87008965 0.42859092 0.25288100 0.09614840 0.07081461 1 0.85602629 0.47080274 0.22847574 0.09629469 0.07481294 1 0.84318841 0.58447104 0.18729837 0.08103237 0.06222310 1 0.84205824 0.97026744 0.27809272 0.05946493 0.06856389 1 0.81530201 0.58672619 0.24642119 0.10137043 0.07874055 1 0.81135511 0.97380252 0.32125106 0.05239477 0.07868252 1 0.80327314 0.37134299 0.20631607 0.06790485 0.06185513 1 0.79946095 0.69022923 0.21101065 0.10688152 0.08486300 1 0.64229381 0.95461493 0.92525797 0.09014187 0.14858036 1 0.45739043 0.68588495 0.90955367 0.30403309 0.18089246 1 0.43202466 0.26721528 0.91351109 0.28656468 0.17161484 1 0.08643828 0.82970371 0.21343965 0.10745621 0.08511373 0 0.07981458 0.03981045 0.91907091 0.07962070 0.16149521
797,MVI_40905_img00176_jpg.rf.ab13f10f791b4fcd3b2ede5c241224a3,0 0.94618869 0.59183741 0.65973902 0.29255810 0.25563869 2 0.90878773 0.83757801 0.24541256 0.13333454 0.14879384 0 0.90598458 0.73497601 0.27204018 0.15290298 0.12245512 1 0.89384532 0.62540140 0.36931100 0.13563919 0.09976168 1 0.87408876 0.58329239 0.18959813 0.07961826 0.06033525 1 0.87329811 0.57375879 0.28811569 0.11048031 0.08331213 1 0.86878920 0.42771487 0.25549641 0.08990040 0.06791201 1 0.86631411 0.31171532 0.26526442 0.08853865 0.07116613 1 0.85720444 0.46811190 0.22999597 0.09236927 0.07190938 1 0.83680636 0.96962147 0.28051267 0.06075686 0.06710415 1 0.82328403 0.68828592 0.21357665 0.10373402 0.08199105 1 0.81447178 0.58437753 0.24856248 0.10024052 0.07048903 1 0.80410838 0.97324462 0.32282593 0.05351057 0.08335562 1 0.77657574 0.36728058 0.21164916 0.07420607 0.06050940 1 0.74144846 0.93921375 0.91388769 0.12141800 0.17095776 1 0.62485850 0.64226098 0.90865164 0.29996233 0.18259373 1 0.51740682 0.31496506 0.22394580 0.09393644 0.07611400 1 0.51392686 0.21089177 0.91389017 0.29251971 0.17167740 1 0.06744444 0.82771120 0.21450648 0.10873032 0.08389359
798,MVI_40905_img00304_jpg.rf.e180ebff567dcf50f7daab10b1ff9df9,0 0.94072241 0.59216652 0.65942912 0.29269924 0.25548124 0 0.92295551 0.64444075 0.25018356 0.14031162 0.10881639 2 0.90398186 0.83727274 0.24617911 0.13617668 0.14919347 1 0.89246833 0.75066571 0.32912469 0.13190184 0.10241017 1 0.86631763 0.33386621 0.27814627 0.08936329 0.07276478 1 0.86185360 0.58532910 0.18982906 0.08186417 0.06240749 1 0.85694873 0.28329883 0.22550552 0.08156557 0.06071982 1 0.85233349 0.41960006 0.25279593 0.09974604 0.07689819 1 0.84285289 0.97021742 0.28087306 0.05956496 0.06631832 1 0.83631557 0.89873781 0.90831465 0.20151997 0.18337050 1 0.83138943 0.68794308 0.21509621 0.10987244 0.08733263 1 0.80812293 0.45135536 0.22039828 0.08873444 0.07116147 1 0.80494148 0.97344441 0.32303081 0.05311098 0.08377991 1 0.80458337 0.31344185 0.19852760 0.08164024 0.05667758 1 0.78089869 0.59593153 0.90886707 0.29652634 0.18187332 1 0.72383630 0.19251329 0.24925804 0.09415963 0.06538472 1 0.50716352 0.16595659 0.91351967 0.28465843 0.17177887 1 0.08034943 0.82821159 0.21527776 0.10727692 0.08572007 1 0.07615230 0.83071070 0.24502504 0.12043266 0.10401015 1 0.06420916 0.16701123 0.20348580 0.08056462 0.06387196 1 0.05113224 0.99542847 0.48639445 0.00888786 0.09259462
799,MVI_40905_img00311_jpg.rf.28c7c4905c952296bdcbcd17da9774ea,0 0.94330454 0.59185600 0.66017351 0.29331532 0.25621071 2 0.91767716 0.83700304 0.24798286 0.13758698 0.15294356 1 0.88573760 0.70273008 0.31959906 0.12928448 0.09718962 0 0.88034022 0.62887111 0.24428720 0.14272451 0.10710307 1 0.87921077 0.31533337 0.27399144 0.08850918 0.07201033 1 0.87452030 0.40519257 0.25008535 0.09716320 0.07682314 1 0.85408401 0.68587914 0.21580835 0.11339626 0.08645018 1 0.85087955 0.96987724 0.28176165 0.06024532 0.06625156 1 0.84869480 0.27247729 0.22361591 0.07963891 0.05919700 1 0.83847576 0.97631512 0.45154796 0.04734383 0.09615126 1 0.83388561 0.89845343 0.90861773 0.20203133 0.18276433 1 0.82297355 0.43489380 0.21783362 0.08773088 0.06996726 1 0.80974299 0.30059152 0.19694483 0.07270155 0.05459762 1 0.80838454 0.97297306 0.32587440 0.05378265 0.08345876 1 0.79509962 0.59594650 0.90893221 0.29658031 0.18124390 1 0.77330619 0.58544788 0.19008939 0.07674484 0.06042824 1 0.50099289 0.16558377 0.91334524 0.28372872 0.17200890 1 0.45368585 0.17769225 0.24800968 0.09022422 0.06517339 1 0.07159430 0.82788370 0.21676719 0.10692716 0.08512182 1 0.06433454 0.59466910 0.21971161 0.07896309 0.06769600
800,MVI_40905_img00313_jpg.rf.3c0e4731697067bee643587faf9bdd38,0 0.93988550 0.59171519 0.66095166 0.29321585 0.25472193 2 0.91254795 0.83670740 0.24669542 0.13729725 0.15194408 1 0.90288353 0.68888206 0.31726990 0.12719383 0.09553947 0 0.89570600 0.62294340 0.24143643 0.14005318 0.10822259 1 0.87927032 0.40126648 0.24856360 0.09478350 0.07669511 1 0.86996174 0.68687258 0.21481321 0.10975933 0.08587103 1 0.86196750 0.31137190 0.27321539 0.09012260 0.07295246 1 0.85935539 0.97058811 0.45654168 0.05858765 0.10747747 1 0.85443622 0.96991772 0.28222806 0.06016436 0.06635766 1 0.84229279 0.26909881 0.22284318 0.07752552 0.05870408 1 0.81791615 0.89738560 0.90789413 0.20145378 0.18308620 1 0.81421763 0.97259445 0.32540054 0.05456505 0.08194199 1 0.81378895 0.59599180 0.90892010 0.29637432 0.18140812 1 0.79880339 0.43018885 0.21607130 0.08982220 0.06508193 1 0.78693128 0.58501215 0.18931096 0.07796154 0.06021528 1 0.78024417 0.29598310 0.19609801 0.07525482 0.05449407 1 0.55696148 0.16572315 0.91341534 0.28485944 0.17203064 1 0.44348672 0.17479899 0.24792819 0.08803144 0.06471457 1 0.05140091 0.82777443 0.22286105 0.10893478 0.09798679
801,MVI_40905_img00458_jpg.rf.7bf7399a74a9751c37b0446cecd214f0,0 0.93057132 0.59169302 0.66046267 0.29183903 0.25656681 2 0.91554403 0.83536892 0.25106676 0.13796291 0.15202365 1 0.90303111 0.68820753 0.21852960 0.10567188 0.08560115 1 0.89032286 0.58226743 0.19397240 0.08008270 0.06641374 1 0.87121654 0.29100258 0.24832284 0.09176536 0.06694193 1 0.84601212 0.97009487 0.28320429 0.05981006 0.06750550 1 0.82312441 0.97301793 0.32589650 0.05396394 0.08060265 1 0.79896039 0.86135786 0.90919223 0.27570806 0.18161535 1 0.76620579 0.47059550 0.90726318 0.29253359 0.18506622 2 0.57551855 0.26018100 0.19213563 0.08798819 0.06559966 0 0.06615472 0.26127954 0.18812608 0.09483809 0.06547663 1 0.06292817 0.82294960 0.22597709 0.10763569 0.10004568
802,MVI_40905_img00706_jpg.rf.0a864bf199b3124f2e38bbfce2784644,0 0.94601220 0.59160147 0.66044278 0.29193096 0.25718365 2 0.91700846 0.83674238 0.25043571 0.13882413 0.15533605 1 0.90569490 0.68914490 0.21832993 0.10575371 0.08487921 1 0.89813048 0.58270521 0.19367092 0.08022127 0.06625881 1 0.88745600 0.48280716 0.18862028 0.06415253 0.06355448 1 0.86732143 0.87955079 0.93376141 0.24089822 0.12440948 1 0.86664420 0.88516245 0.82587461 0.22824116 0.20277901 1 0.83335000 0.97049332 0.28361521 0.05879211 0.06854696 1 0.80253947 0.53714151 0.91175022 0.26694317 0.17648964 2 0.73673648 0.08048176 0.88346183 0.15892498 0.23307614 1 0.57675952 0.08025581 0.88241289 0.15874697 0.23475308 0 0.41667867 0.97309375 0.34345207 0.05381231 0.12005920 1 0.30610210 0.97271819 0.33142762 0.05456342 0.10130911 2 0.08025730 0.97470860 0.33973801 0.05058260 0.11733804 1 0.05745361 0.83008337 0.22479271 0.10813713 0.09396564
803,MVI_40905_img00893_jpg.rf.3bacdf643229c6377f9017af86a33cd4,0 0.96200502 0.58945818 0.67259922 0.29096012 0.26111507 1 0.94792938 0.67259865 0.86844273 0.25212574 0.21295872 2 0.91449022 0.83292961 0.26057026 0.13682404 0.15342422 1 0.89787096 0.06233388 0.90533585 0.12453649 0.18932810 1 0.88436484 0.65041924 0.24775906 0.09186802 0.07713928 1 0.88130361 0.57854185 0.20275357 0.07844715 0.06649084 1 0.87494546 0.36052623 0.93041620 0.24296389 0.13787460 1 0.85826147 0.68828044 0.22658217 0.10023127 0.08691406 1 0.83220369 0.84881117 0.95347462 0.29986072 0.09271584 1 0.82024294 0.96873608 0.29364233 0.06233330 0.06807451 1 0.79774600 0.97516012 0.33656688 0.04949112 0.07782955
804,MVI_40905_img00995_jpg.rf.6b110191615c936841c02c2bfe5df66c,0 0.96635324 0.59328880 0.68170767 0.29132690 0.26833477 1 0.94917732 0.52808352 0.87963505 0.25013685 0.21008549 2 0.92128992 0.83505926 0.26697829 0.13742123 0.15761342 1 0.90898842 0.85720930 0.44026589 0.15358429 0.11232624 1 0.88208640 0.65178919 0.25436897 0.09226437 0.07529221 1 0.87855756 0.68848486 0.23219099 0.10172348 0.08508992 1 0.87353998 0.24398885 0.92656898 0.23718629 0.14646912 1 0.87210417 0.58111944 0.20858533 0.07894497 0.06477065 1 0.81582677 0.03845453 0.91056676 0.07690886 0.17886629 1 0.74724376 0.80648782 0.95645480 0.33404965 0.08709020 1 0.70698130 0.98434429 0.30996895 0.03109493 0.08361769 1 0.05963392 0.82275953 0.23729306 0.10684395 0.09210910
805,MVI_40905_img01079_jpg.rf.915f6e11f2d4cc60b94f09016de4921a,0 0.96816361 0.59410267 0.68377004 0.29145145 0.26825686 1 0.95163089 0.52890797 0.88126695 0.25089588 0.21029973 2 0.92057067 0.93196669 0.29501162 0.13509541 0.16186514 1 0.90448177 0.88723326 0.49387159 0.16887054 0.12619686 1 0.89949948 0.65264707 0.25524909 0.09201307 0.07672467 1 0.88954467 0.72433052 0.24405458 0.11083336 0.08436818 1 0.88627708 0.46178255 0.31280441 0.10908794 0.08068113 1 0.85964441 0.58336201 0.20959912 0.07961483 0.06556863 1 0.85414624 0.23383955 0.92610607 0.23545591 0.14661922 1 0.82145458 0.23497463 0.25474727 0.08464841 0.06533203 3 0.79465598 0.35036373 0.11523988 0.08500719 0.13523984 1 0.74567157 0.97461205 0.85903227 0.05043259 0.19141612 1 0.71319133 0.81300542 0.95745764 0.31923909 0.08508452 1 0.39236432 0.01352892 0.92034278 0.02705765 0.15931425
806,MVI_40905_img01161_jpg.rf.06d0b0a97db848ce02edf1d2f7dc9081,1 0.93266207 0.41632543 0.88534431 0.25160065 0.21071377 0 0.91711915 0.59267521 0.67755079 0.29362316 0.26299839 1 0.89719808 0.06961373 0.91787224 0.13800867 0.16422806 1 0.89342427 0.93731241 0.28947864 0.12463112 0.09135218 1 0.88356531 0.69404454 0.26585288 0.09422655 0.07987947 3 0.88041425 0.44041691 0.13734542 0.16714478 0.14623773 1 0.86606246 0.88097782 0.85570452 0.23804416 0.22232852 1 0.79669803 0.70034862 0.95778856 0.31056337 0.08442268 1 0.79196125 0.66530657 0.22553340 0.08902979 0.06221989 1 0.67094332 0.98255920 0.94564781 0.03488140 0.10561085 1 0.48094290 0.18111960 0.26680477 0.08355625 0.06697135
807,MVI_40905_img01184_jpg.rf.7c20352e1c0914a619c5962c41e76ab7,1 0.94112951 0.34306762 0.88550053 0.24987693 0.21074181 3 0.91343290 0.48846780 0.14184201 0.18785303 0.15157590 1 0.91164184 0.83231812 0.85752258 0.26754761 0.21769314 0 0.90721619 0.59343634 0.67606416 0.29301739 0.26016874 1 0.90509111 0.93857417 0.50190258 0.12285146 0.13812828 1 0.89418435 0.76595917 0.28384800 0.10469131 0.08516340 1 0.84465504 0.64927530 0.95498066 0.31784706 0.08669853 1 0.84022653 0.04694643 0.91720562 0.09356091 0.16456490 1 0.79996139 0.73531246 0.23776884 0.08714809 0.06095333 1 0.75100529 0.98367352 0.29290528 0.03265276 0.08377285 1 0.73024029 0.94654670 0.93687630 0.10690641 0.12570610 1 0.46776408 0.33826690 0.13421247 0.03113451 0.04246469 2 0.08730428 0.94808540 0.94040184 0.10087967 0.11883163 1 0.07851978 0.98832064 0.25994081 0.02332592 0.05863113
808,MVI_40905_img01195_jpg.rf.4bd1aed0665919e982f3480fe1b95fb0,1 0.93815094 0.30536487 0.88508623 0.24673877 0.21107869 0 0.92525268 0.59434819 0.67886968 0.29300175 0.25247412 3 0.91682613 0.51050520 0.14716289 0.18778439 0.16182051 1 0.90393043 0.89415359 0.47297163 0.16359825 0.12138233 1 0.89878815 0.80522623 0.85620995 0.25855713 0.21486053 1 0.86826545 0.81313016 0.29707589 0.10841870 0.08792305 1 0.83298177 0.62640829 0.95185642 0.30601788 0.08759346 1 0.83246362 0.77780333 0.24639299 0.09570484 0.06371245 1 0.82707995 0.93209314 0.93711691 0.13502693 0.12576599 1 0.72773725 0.03991925 0.91713543 0.07856617 0.16406174 1 0.70457280 0.34328442 0.13979928 0.03178458 0.04477324
809,MVI_40905_img01198_jpg.rf.91a9882ff509e38624d42b332a58a62c,1 0.94342607 0.29638767 0.88424273 0.24904251 0.21134853 0 0.92954284 0.59427423 0.67858462 0.29241142 0.25409822 1 0.91619110 0.87562618 0.46541100 0.15509453 0.11703072 1 0.89605051 0.82827568 0.29914756 0.10913448 0.08493266 3 0.89142275 0.51685476 0.14697815 0.19335365 0.16059415 1 0.88833624 0.79800253 0.85691893 0.26168747 0.21803966 1 0.83810812 0.78820724 0.24882927 0.09472637 0.06319313 1 0.83186579 0.92543621 0.93684673 0.14829102 0.12630634 1 0.83094031 0.62202911 0.95452671 0.30575676 0.08938293 1 0.82308602 0.03764945 0.91566996 0.07496685 0.16865988 1 0.71912986 0.34551320 0.14112437 0.03253884 0.04591413
810,MVI_40905_img01532_jpg.rf.28deb18ea6cf3de86de3f15486b6d73d,0 0.94981313 0.59450049 0.67157688 0.29450026 0.25834103 1 0.94643092 0.77407680 0.87575419 0.29034891 0.20529742 2 0.92327183 0.65738311 0.34692128 0.11614313 0.11421342 1 0.88538581 0.04525791 0.87679329 0.09015332 0.22624111 1 0.86259013 0.20788164 0.93164368 0.24741279 0.13561134 1 0.84719712 0.44845552 0.14216819 0.06419640 0.05001490 1 0.79668790 0.59378939 0.96310553 0.30659771 0.07378874 1 0.77606690 0.34795442 0.13950233 0.03307209 0.04739504 1 0.43939915 0.30520258 0.12148578 0.03959951 0.04471083 1 0.16139334 0.90367661 0.40784626 0.05243530 0.06289406
811,MVI_40905_img01581_jpg.rf.1cecc633f06984eb9b75d928cba3b27e,1 0.95201200 0.62300620 0.88098516 0.28812447 0.21328888 0 0.93489802 0.59535561 0.67527461 0.29432487 0.26298018 1 0.90112746 0.54135637 0.16696445 0.06886063 0.05575273 2 0.89929193 0.45682468 0.28890903 0.09583836 0.09409695 1 0.89204395 0.40781708 0.16624207 0.05818958 0.05365839 1 0.84325469 0.08440973 0.92849216 0.16800200 0.14146347 1 0.72291708 0.92686634 0.95913825 0.14458103 0.08172330 1 0.65544814 0.38289199 0.95384188 0.32814045 0.09227962 1 0.28496146 0.36376460 0.12401867 0.03871756 0.04135628 1 0.15295725 0.30522757 0.12226348 0.04145279 0.04436374
812,MVI_40905_img01629_jpg.rf.2d5c4bbde79cb43fd35479ef8fd7c6fa,1 0.94358069 0.50473481 0.88268738 0.27768342 0.21509323 0 0.94266045 0.59669633 0.68129616 0.28982639 0.26768265 1 0.89106852 0.76227541 0.22057738 0.09135799 0.06986480 1 0.88872099 0.72843637 0.39718323 0.14116478 0.10172453 2 0.86933583 0.29602051 0.25213838 0.08305874 0.08333216 1 0.86834913 0.59759388 0.21513773 0.07699013 0.06680888 1 0.74849975 0.23007133 0.94989986 0.28493972 0.10012741 1 0.61416590 0.86076159 0.95541630 0.27847662 0.08905334 1 0.45126507 0.30808530 0.21773921 0.07864304 0.05319871 1 0.29423437 0.99470606 0.40597858 0.01011162 0.06570854 1 0.15087417 0.37176542 0.12587374 0.04782610 0.04573541 0 0.08570957 0.50636129 0.23069386 0.07790470 0.09752221
813,MVI_40962_img00026_jpg.rf.ebb8ca9a7e68265761f695811e48fd05,1 0.90167528 0.33109934 0.49641379 0.11280637 0.19530795 1 0.89128786 0.67040753 0.38201008 0.08609953 0.16691685 1 0.88153929 0.47952209 0.13859441 0.06347847 0.10495999 1 0.87214845 0.93309097 0.27673545 0.10120735 0.11660299 1 0.86870825 0.36894493 0.11852232 0.05507088 0.08167510 1 0.85819596 0.57609138 0.14158062 0.05220013 0.09290063 1 0.83497906 0.54139671 0.05414080 0.03950157 0.06616023 1 0.80536222 0.84808807 0.05160889 0.05272293 0.06530184 1 0.75128818 0.89701061 0.02713805 0.05170631 0.05382220 1 0.70139658 0.63336282 0.01934830 0.03607988 0.03792383 1 0.05308529 0.53966312 0.00396287 0.03599014 0.00792554
814,MVI_40962_img00217_jpg.rf.bcf073c012859b1d3962cfa966f1c345,1 0.90264922 0.68333616 0.52504797 0.11241398 0.22189007 1 0.89521456 0.10769591 0.78084311 0.21037259 0.39421625 1 0.87657791 0.57266884 0.15245197 0.05588579 0.09390368 1 0.83996332 0.64872289 0.08099446 0.04491739 0.07658829 1 0.79802853 0.52679586 0.02373732 0.03359690 0.04747443 1 0.74885702 0.60746307 0.02125479 0.03980141 0.04229503 1 0.73996758 0.04337589 0.66329346 0.08630518 0.28308811
815,MVI_40962_img00452_jpg.rf.dbdd92f5b9d18c51e1eed405cfde5f9a,1 0.87809908 0.58382626 0.18416092 0.05772953 0.10530620 1 0.84627253 0.51432791 0.07370074 0.04564323 0.08033531 1 0.82745522 0.58415527 0.02449645 0.03561420 0.04865595 1 0.66443908 0.88842125 0.03262892 0.05000687 0.06237153 1 0.42128849 0.92789917 0.01177901 0.04643517 0.02262131
816,MVI_40962_img00493_jpg.rf.0a5d06320039c48da97cb92bcd36ae11,1 0.89689857 0.44962077 0.33437190 0.09022455 0.17159719 1 0.88805860 0.56824546 0.80007725 0.15039043 0.37548828 1 0.86634326 0.59156666 0.17098355 0.05430737 0.10115776 1 0.82204032 0.66017418 0.04558228 0.04004230 0.06757681 1 0.77083647 0.93253222 0.07560487 0.05928459 0.07289519 1 0.58084142 0.47992458 0.01448672 0.03526592 0.02870005
817,MVI_40962_img00539_jpg.rf.0b2271e2a8feacc5b7a270bd2a632ef1,1 0.88121629 0.73129930 0.47348294 0.10349360 0.20459633 1 0.88092488 0.39970198 0.17311525 0.06135426 0.09563532 1 0.74364483 0.57352328 0.92753753 0.15496340 0.14492474 2 0.51604718 0.51725454 0.03171032 0.05545921 0.06216036 3 0.27047625 0.51706257 0.03210859 0.05552597 0.06280189
818,MVI_40962_img00551_jpg.rf.70abd7a30f617269f0041adb37bf436b,1 0.88965833 0.35736992 0.26080088 0.07487912 0.12409106 1 0.85451275 0.81765802 0.85326767 0.18452954 0.29346447 3 0.83341229 0.50962434 0.05081667 0.06445904 0.10154622
819,MVI_40962_img00558_jpg.rf.affb4ca53f363599bdb6595cb60bbf5d,1 0.90718430 0.32332389 0.33267543 0.09094853 0.14699798 3 0.81105202 0.50568361 0.06754279 0.06906281 0.13414805 1 0.27353820 0.99175072 0.26133752 0.01640701 0.09564943
820,MVI_40962_img00632_jpg.rf.a4d00220c4f260e63bf3991fb2ce089c,2 0.85414881 0.45579777 0.03566383 0.03747902 0.07132746 1 0.81846970 0.54356146 0.02791811 0.04218960 0.05583602 1 0.40757272 0.61680036 0.00639656 0.03613997 0.01257853
821,MVI_40962_img00666_jpg.rf.0a5fcc0a8a2fa0594fe14a8cd89f2973,1 0.88997811 0.64808297 0.09542587 0.05500154 0.08731560 2 0.88359559 0.39071074 0.16984284 0.05962248 0.13262005 1 0.87316680 0.51510730 0.16009610 0.05886765 0.10067334 1 0.81067288 0.83990593 0.13607322 0.07977219 0.09502270
822,MVI_40962_img01129_jpg.rf.ccd5df799ade16742f95a32fa7455779,1 0.91847938 0.33436089 0.30715742 0.09276648 0.14539118 1 0.91692573 0.56410561 0.42393508 0.09148674 0.19016886 1 0.86579508 0.58271484 0.15951523 0.05692558 0.10107253 1 0.83654743 0.62779012 0.02936441 0.04538565 0.05872452 1 0.81975853 0.51561003 0.05259387 0.04923878 0.08601435 1 0.81189054 0.40715795 0.02329915 0.04362774 0.04659810 1 0.05947461 0.33696966 0.86624737 0.03774328 0.04044151
823,MVI_40962_img01149_jpg.rf.ac558248d809a3ca3e13a80a2498be4f,1 0.90999246 0.57390809 0.34526358 0.08202448 0.15547657 1 0.90508693 0.15272370 0.74500833 0.19082641 0.33419466 1 0.88954175 0.49100437 0.13712898 0.06646900 0.11711535 1 0.87226957 0.35714943 0.09263358 0.05694852 0.08257885 1 0.85518867 0.64470387 0.10630159 0.05791550 0.10406013 1 0.77040458 0.54302244 0.90250544 0.16657505 0.19498892
824,MVI_40962_img01154_jpg.rf.533684fbc386eab29637099feb90842b,1 0.90630484 0.09272039 0.87402739 0.18252687 0.25194502 1 0.90506113 0.57058897 0.41811900 0.09355984 0.18161039 1 0.86971480 0.48302794 0.16946545 0.07036304 0.13488898 1 0.85861951 0.64908261 0.13797626 0.06375933 0.11593509 1 0.85056412 0.33995056 0.11922873 0.06068554 0.08953190
825,MVI_40962_img01166_jpg.rf.775652c5ed0b915fab30da9bc07610b7,1 0.90298396 0.56191521 0.69987392 0.13002338 0.29877796 1 0.89609456 0.45799322 0.26413591 0.09035187 0.16888261 1 0.88773113 0.66892457 0.24229264 0.08102617 0.15373718 1 0.88759869 0.28644643 0.20424060 0.07803369 0.11132346
826,MVI_40962_img01498_jpg.rf.74b1937150ed14236b71db0c580e8595,1 0.86874712 0.51217918 0.66370811 0.13025951 0.39234848 1 0.86297470 0.43411121 0.08354006 0.05021820 0.08037575 1 0.81583452 0.96722779 0.18609244 0.06554422 0.09764998 1 0.55917728 0.98114872 0.45769777 0.03770237 0.19755707 2 0.36799449 0.51054482 0.66365623 0.13465719 0.39092922 1 0.21148640 0.82810993 0.01676066 0.03599758 0.03249204 1 0.19626905 0.55731359 0.00439998 0.03177662 0.00879975
827,MVI_40962_img01535_jpg.rf.ccd3c7a059b9879c52b546f9c0687ad0,1 0.92781705 0.28549666 0.40436563 0.11217060 0.17487240 1 0.77850479 0.55184565 0.12914939 0.05268173 0.10305170 1 0.07773233 0.83118362 0.01473578 0.03199921 0.02708783
828,MVI_40963_img00021_jpg.rf.c72659711aeeea93311b63d8c06aac23,1 0.91812563 0.59354072 0.68805351 0.12697992 0.30291576 1 0.91013688 0.32769756 0.79458790 0.18397551 0.37393265 1 0.87672257 0.37981241 0.08126936 0.05413518 0.07720797 1 0.86754209 0.50345516 0.15582509 0.05616179 0.09574718 1 0.86459064 0.59774365 0.08491542 0.04644594 0.08062013 1 0.76590556 0.91249714 0.19970791 0.08579636 0.10006852 1 0.58040780 0.98790865 0.18916281 0.02385635 0.13338287 1 0.14656650 0.83014584 0.02726853 0.03867989 0.04971650
829,MVI_40963_img00255_jpg.rf.55cf6fd0ac2e92d28dcff01b414a6146,2 0.83495104 0.61762667 0.04780506 0.04555550 0.09455035
830,MVI_40963_img00439_jpg.rf.190cd7365f22b44028c61ea4513028d8,1 0.91176695 0.32287450 0.32546349 0.10093393 0.15155897 1 0.89936459 0.69070764 0.32534480 0.08494081 0.16052208 1 0.65494603 0.86078167 0.03336571 0.05398788 0.06310057 1 0.53325599 0.53332191 0.02268861 0.03580103 0.04431116 1 0.42684260 0.76196284 0.00676624 0.03677845 0.01353227 2 0.37407720 0.53336105 0.02225162 0.03598385 0.04429981 1 0.23996870 0.99477253 0.11709144 0.00999756 0.09456791
831,MVI_40963_img00457_jpg.rf.ec6a7e0c8da7616f1b9640528ede6245,1 0.92191035 0.14407537 0.72327795 0.19818940 0.31742821 1 0.89271927 0.75509701 0.72801695 0.15946960 0.34655724 2 0.85404956 0.51491709 0.06996644 0.04556446 0.10003138 1 0.76721412 0.94806900 0.03967513 0.07021294 0.07935006
832,MVI_40963_img00661_jpg.rf.fe24b4f14a3801136c27615aa8adba5e,3 0.85819799 0.47676306 0.05825458 0.10155649 0.11564115 1 0.85736883 0.88570852 0.19852464 0.07905102 0.10216012 1 0.83656299 0.60492344 0.19841568 0.06371088 0.12298903 1 0.81018090 0.97204227 0.20014665 0.05575638 0.10160589 1 0.80730516 0.60223055 0.02875924 0.04267807 0.05751829 1 0.28692317 0.83308163 0.01008551 0.04932747 0.02015576 1 0.25549310 0.86458006 0.94787960 0.20002708 0.10303459 1 0.08968165 0.79603481 0.03812190 0.06496639 0.07226769 2 0.08214078 0.02823720 0.08558643 0.05647419 0.10955806
833,MVI_40963_img00701_jpg.rf.adcf5fb3d58842e3aef92c2cf834acb6,3 0.91834617 0.38704090 0.17419584 0.17551508 0.31993885 1 0.89453584 0.59562840 0.21372244 0.06883144 0.13087459 1 0.77467543 0.97330303 0.37259922 0.05314064 0.17691898 1 0.76297069 0.63766594 0.02079744 0.03972588 0.04035051 1 0.68907434 0.86937637 0.05373113 0.05430126 0.06811631 1 0.65142840 0.58838320 0.91857824 0.17676392 0.16264725 1 0.50140548 0.98728671 0.24486265 0.02542638 0.08191748 1 0.20701432 0.76939559 0.02993349 0.02807627 0.05666864 1 0.14516559 0.78117070 0.03058350 0.04687338 0.06018701
834,MVI_40963_img00744_jpg.rf.10c90fa59736f1f94412906a27065723,1 0.88304472 0.67211871 0.23825197 0.07063646 0.12820764 1 0.78497684 0.66044741 0.01860085 0.03801327 0.03698640 3 0.74377060 0.17422211 0.61278786 0.34844402 0.77442407 1 0.71122313 0.95745945 0.15835407 0.08071136 0.09099927 1 0.70644385 0.58954287 0.01808878 0.03661747 0.03610186 1 0.46224260 0.87835255 0.06591088 0.05605965 0.07087834 1 0.38672781 0.98916840 0.10510454 0.02166300 0.06898432 1 0.18524376 0.89540691 0.00490549 0.04387627 0.00908273 1 0.12204351 0.83333750 0.08268077 0.04743671 0.08533769
835,MVI_40963_img00757_jpg.rf.c45791efaad2838f2f3db4265a05d4c1,1 0.89330602 0.70013685 0.40834746 0.09681301 0.18620586 3 0.87468964 0.12824404 0.69467068 0.25648789 0.60686798 1 0.86926079 0.91498642 0.10588886 0.07255955 0.08238664 1 0.84666872 0.66696844 0.04900532 0.04559259 0.07315981 1 0.83391225 0.95511379 0.04552669 0.06754379 0.07065104 1 0.79131222 0.58971243 0.03605536 0.04166908 0.07132431 1 0.76496881 0.85128498 0.03324116 0.05052261 0.06380364 2 0.63755167 0.58937302 0.03667956 0.04174919 0.07145575
836,MVI_40963_img00843_jpg.rf.76b49e8ab333f5d4e0ff4d4cb083a7a0,1 0.90787500 0.46065474 0.29609556 0.08520679 0.13999033 1 0.90017939 0.95264687 0.28586211 0.09470606 0.12915554 1 0.88043594 0.41961507 0.13448064 0.05195563 0.08796368 1 0.87329793 0.58341279 0.12224462 0.05314398 0.08927085 1 0.85369694 0.93158760 0.08049931 0.06242027 0.07401022 1 0.83814418 0.67487860 0.12652247 0.05202389 0.08949079 1 0.81604958 0.59197021 0.91735768 0.17748518 0.16528444 1 0.80328953 0.94258919 0.02737488 0.05302658 0.05474956 1 0.65139884 0.58946028 0.01399084 0.03253498 0.02785229 1 0.62622797 0.76790605 0.02306390 0.03246040 0.04515893 1 0.55771261 0.47976985 0.00990221 0.03642645 0.01883942 1 0.11182727 0.64831028 0.00509245 0.02682962 0.01016310
837,MVI_40963_img01175_jpg.rf.d962cb73a01606402f629e75575781c0,1 0.89688104 0.68864164 0.33984430 0.08592110 0.16055713 1 0.81233764 0.76498251 0.87852397 0.17549858 0.24295187 2 0.66836256 0.47112994 0.20237076 0.07191286 0.14533405 1 0.54223800 0.57508545 0.00795238 0.03624783 0.01590456 1 0.48820081 0.85930004 0.02903464 0.07299652 0.05770660 1 0.40099052 0.76529860 0.02225766 0.02847977 0.04363002 1 0.39920157 0.01182400 0.11068074 0.02358377 0.06470867 1 0.05845287 0.96650891 0.83073540 0.06698198 0.29089718
838,MVI_40963_img01267_jpg.rf.4fb955fb48de81bb9ff7eb3dad8c0894,3 0.89811069 0.36880131 0.14370914 0.13371391 0.28741807 1 0.89711988 0.94699717 0.28193650 0.10518246 0.13164740 1 0.86979127 0.89130707 0.07955238 0.06777668 0.07741623 1 0.73698646 0.97573719 0.02820108 0.04788342 0.05604892 1 0.68504518 0.28247814 0.94875565 0.19849496 0.10181313
839,MVI_40963_img01377_jpg.rf.d1dc5af8fc7125a6f219ec0819f7d4ae,1 0.91006315 0.31990461 0.37104447 0.10578909 0.16873202 1 0.88885480 0.48949213 0.24967514 0.07127571 0.12698869 1 0.60774297 0.83388062 0.09217288 0.04421501 0.07704003 1 0.45598227 0.95405083 0.01367980 0.05681171 0.02727040 1 0.41716728 0.02955964 0.07767140 0.05911908 0.09410349 2 0.35547614 0.02905124 0.07693590 0.05810228 0.10579619 1 0.31596759 0.55213490 0.00501847 0.04413815 0.00999228 1 0.30022901 0.99196496 0.22792361 0.01606988 0.11198750
840,MVI_40963_img01410_jpg.rf.d928870123088771259e009d99cb6243,1 0.88868201 0.33463802 0.89395647 0.18952332 0.21208686 1 0.82241696 0.89030056 0.05901337 0.06603470 0.08578992 3 0.79291654 0.52585893 0.03739368 0.08176947 0.07430577 1 0.50034285 0.64114742 0.00903207 0.03517570 0.01806393 1 0.26631770 0.75405436 0.00497096 0.03942480 0.00994172 1 0.05192754 0.45911961 0.00455978 0.03929520 0.00911936
841,MVI_40963_img01487_jpg.rf.ee98f2d49298b57a83bfec5558a22e8b,3 0.92602259 0.32482617 0.37768712 0.25051808 0.50240660 1 0.90907788 0.63726759 0.53462286 0.10743589 0.22122936 1 0.84869617 0.18943450 0.37695591 0.11212449 0.16680617 1 0.84737760 0.50707650 0.10132377 0.05000725 0.08360367 1 0.82594532 0.67034559 0.11506279 0.05373154 0.08404608 1 0.80272913 0.60685291 0.06322349 0.04366322 0.06781093 1 0.75210327 0.47216110 0.02764725 0.04049511 0.05470002 1 0.39475328 0.01111295 0.09852409 0.02214022 0.05883472 1 0.20169027 0.74899693 0.00509282 0.03684864 0.01018544 0 0.07882206 0.81179428 0.47234325 0.35949802 0.73201447
842,MVI_40963_img01558_jpg.rf.0bb3a7845d678d5c02157b95f8c564d7,1 0.92715448 0.28321414 0.38004460 0.10694909 0.16008139 1 0.87937540 0.31516054 0.82670154 0.18261952 0.34659672 1 0.87675506 0.40952945 0.16071457 0.05952311 0.08986561 1 0.85279453 0.38605523 0.06094403 0.04921064 0.06986294 1 0.85139847 0.61605849 0.26625786 0.06954479 0.14091176 1 0.84844011 0.59528723 0.11478249 0.04848118 0.07978928 1 0.77498680 0.52955108 0.02334790 0.03495588 0.04634502 1 0.52918380 0.83859406 0.09285475 0.05129337 0.08027716 1 0.52786773 0.63844905 0.01400900 0.03568888 0.02745179 1 0.30886868 0.88444958 0.01734040 0.05254993 0.03387503 1 0.23178816 0.58936963 0.00522995 0.03056583 0.01045970 1 0.18651325 0.48471956 0.00878625 0.03394585 0.01757230 1 0.07700218 0.48562574 0.01903926 0.03482542 0.03807832
843,MVI_40963_img01793_jpg.rf.1fde3e432ff7141dac87604aed816f28,1 0.90752602 0.41832404 0.52286253 0.11233454 0.21206751 1 0.88847607 0.48507009 0.20605775 0.06845446 0.11557273 1 0.88595009 0.69470935 0.28006787 0.07719803 0.13949528 1 0.84777522 0.55152607 0.02850292 0.03833103 0.05700564 1 0.82593465 0.91740589 0.06850402 0.06550026 0.06935166 1 0.80751407 0.54311686 0.88443990 0.16701145 0.23112001 1 0.23825167 0.83245468 0.01788508 0.03466454 0.03510649 1 0.16073807 0.95187111 0.01565196 0.04473991 0.03110984 1 0.12007584 0.00944689 0.71951094 0.01870319 0.22026100
844,MVI_40981_img00672_jpg.rf.bf8652411fd163472646c9ca66901fe0,1 0.89861244 0.71025014 0.68659430 0.13702860 0.23175068 1 0.85459167 0.33947072 0.04015984 0.06635838 0.07864977 1 0.83136469 0.04599745 0.76953945 0.09182179 0.26305046 1 0.66937459 0.02094916 0.07980944 0.04189812 0.10974844 1 0.43943885 0.46011248 0.00560291 0.04677916 0.01098684
845,MVI_40981_img01083_jpg.rf.15b9e1e428c590643a5620415a00b64b,1 0.85982198 0.87810116 0.43021517 0.12161236 0.17002563 3 0.85652590 0.28484938 0.33772836 0.23354735 0.55294733 1 0.82063287 0.46470901 0.89841690 0.17761686 0.19956017 2 0.63985276 0.53026481 0.04739998 0.05830250 0.09479976 1 0.56653637 0.52951159 0.04740016 0.05961008 0.09480012 1 0.37487417 0.40825200 0.15567026 0.02556305 0.05903139 1 0.25594443 0.81471109 0.97494697 0.18149815 0.05010586
846,MVI_40981_img01130_jpg.rf.a6263d598cb2e468419a0a7d0dc9e4a0,1 0.88258380 0.20625055 0.29891422 0.11279469 0.15333419 1 0.88181305 0.68383913 0.20344849 0.07627125 0.11886249 1 0.88109410 0.53899703 0.14598192 0.07188854 0.10709925 1 0.62055558 0.72359877 0.01508438 0.05422382 0.03016856 0 0.46512017 0.41551838 0.05869842 0.10555134 0.11623707 1 0.41262040 0.41571317 0.05882885 0.10595493 0.11760846 2 0.22253427 0.41579223 0.05992416 0.10506830 0.11886151 1 0.15812559 0.53515091 0.09303412 0.05654297 0.05117199 1 0.07019089 0.38941321 0.04149508 0.05203514 0.08298996
847,MVI_40981_img01278_jpg.rf.dc476b9faa52d3e863979b46b29f480b,1 0.92688316 0.22910502 0.79652939 0.17623630 0.27477169 1 0.90512931 0.68297420 0.40303807 0.10280285 0.16720915 1 0.87479591 0.26722834 0.19465542 0.08895373 0.11045122 1 0.54233402 0.57069492 0.01057481 0.05652828 0.02081049 1 0.43971121 0.37183714 0.00714530 0.05639706 0.01387481 1 0.24893282 0.08925696 0.06065386 0.07914109 0.12102994
848,MVI_40981_img01411_jpg.rf.5df79043e3bbc2c592e941f61a2b34b0,1 0.91382992 0.44963989 0.43029137 0.11446180 0.18723621 1 0.90999031 0.37416325 0.20122812 0.07888889 0.12130747 1 0.90981340 0.64440804 0.22468190 0.07333317 0.12518954 1 0.89742005 0.72240963 0.56539431 0.12931442 0.23678265 1 0.87917954 0.45086632 0.07123832 0.06324997 0.09743800 1 0.85527438 0.30030704 0.09546201 0.07080669 0.09487143 1 0.84315974 0.10566769 0.47769041 0.15471518 0.21743803 1 0.82839888 0.73290110 0.04239780 0.06168480 0.08442332 1 0.70634753 0.53578911 0.01112877 0.05577602 0.02205138 1 0.22122118 0.18974252 0.01305896 0.06641159 0.02584845
849,MVI_40981_img01494_jpg.rf.ee070977b4b988d6ae3ed983d2b55091,1 0.89407039 0.52455091 0.30490761 0.08475189 0.13073597 1 0.87403929 0.36484993 0.06093810 0.06541944 0.09034328 1 0.86478198 0.75004263 0.04869076 0.06339684 0.08888296 1 0.85715944 0.53437295 0.05775994 0.05755367 0.08786485 1 0.37472457 0.05310747 0.02641078 0.07380211 0.05282136 1 0.21839455 0.01917851 0.86018636 0.03808430 0.27962708 1 0.16861771 0.13598194 0.04599317 0.07784337 0.09092553 1 0.10089225 0.64518318 0.00547256 0.04910946 0.01068441 2 0.08899274 0.02161094 0.85527985 0.04322168 0.28944010 1 0.07262951 0.01589971 0.80808315 0.03167141 0.16976547 1 0.07205030 0.01313289 0.17260919 0.02607882 0.13100166 1 0.06453007 0.01956887 0.75423932 0.03878997 0.26745691
850,MVI_40981_img01677_jpg.rf.366f742b74b8c6618b0551888869b287,2 0.89193624 0.47471142 0.13464099 0.05937557 0.12931669 1 0.89124173 0.42292247 0.06201228 0.06317663 0.09125355 1 0.88484085 0.11647300 0.52008667 0.14995142 0.19855423 1 0.86199677 0.58472662 0.89653477 0.15746689 0.20693026 1 0.85114831 0.63988972 0.06505606 0.06633806 0.10433865 1 0.84441453 0.19289976 0.84519272 0.18951662 0.30261421 1 0.68452066 0.72126312 0.01555368 0.04967175 0.03069795
851,MVI_40981_img01931_jpg.rf.8bf272ba2e790c74e76776d3204cd342,1 0.90138751 0.66638832 0.23525438 0.08503761 0.13297987 1 0.89936382 0.49917188 0.44940863 0.10313730 0.18256378 1 0.89688677 0.22671294 0.25158352 0.11140356 0.15822603 1 0.88976091 0.43510857 0.03848645 0.05845852 0.07697271 1 0.88295734 0.88315525 0.46866565 0.12992764 0.17005739 1 0.87991130 0.54044485 0.08406382 0.06639061 0.09650126 1 0.79439932 0.63976765 0.02458803 0.05473213 0.04917586 2 0.63584071 0.03131835 0.13201164 0.05884291 0.20711734
852,MVI_40981_img01938_jpg.rf.3b3a2638cbc6df15a500e4a15038f4c4,1 0.90148079 0.85577974 0.38464274 0.11424179 0.15537081 1 0.89899004 0.50698624 0.36074917 0.09690332 0.16261544 1 0.89500260 0.26022527 0.18429503 0.09621902 0.13340788 1 0.89371735 0.66187301 0.18405961 0.07903805 0.11956160 1 0.88821310 0.54495945 0.05174215 0.06239319 0.09404690 1 0.80622035 0.44237895 0.02476761 0.05473967 0.04947785 1 0.66008103 0.63851957 0.01220287 0.05183334 0.02415899 2 0.56846637 0.50620952 0.95124321 0.19702129 0.09736595
853,MVI_40991_img00061_jpg.rf.ef06d1379feb16556c562344e0b4c7fb,1 0.88984483 0.67080646 0.50933361 0.20792513 0.18890743 1 0.82149076 0.11978933 0.28760307 0.08784153 0.11146827
854,MVI_40991_img00359_jpg.rf.937c2e0bffb510aea87a0fcafa2ab676,1 0.88822317 0.88418202 0.60597334 0.23163576 0.22409649 1 0.86662090 0.57049990 0.53077135 0.23774509 0.18999443
855,MVI_40991_img00459_jpg.rf.68a5c621fd92a3defc2b57e77052d5d4,1 0.90074515 0.19423258 0.31815197 0.10946317 0.10934367 1 0.85780752 0.52456827 0.42016257 0.18273067 0.15254214 1 0.83720189 0.22660770 0.26620750 0.09169555 0.08552656 1 0.66099113 0.01241411 0.21532891 0.02472450 0.05961008
856,MVI_40991_img00579_jpg.rf.705948497913147aff3cd85ae7ed8380,1 0.91268021 0.74856353 0.51294556 0.24323244 0.16790142 1 0.90968800 0.75150204 0.67646914 0.29186363 0.23857374 1 0.84467554 0.21184821 0.25918307 0.07976003 0.09100027 1 0.72022629 0.15657053 0.22475762 0.06821375 0.08155481
857,MVI_40991_img00742_jpg.rf.2073ae5ddb557ac8a8cd2a3aa00ae254,1 0.92105651 0.73010454 0.64083910 0.28207893 0.22091341 1 0.87183636 0.20381968 0.32283621 0.10335159 0.10146618 1 0.82582378 0.12512884 0.25766592 0.08149523 0.08700008 1 0.69409412 0.18358147 0.21804459 0.04987073 0.06911654 1 0.40011409 0.24363151 0.19299320 0.08423491 0.06741822 1 0.30896100 0.39251716 0.36802931 0.11171489 0.10714951 1 0.24796230 0.01420095 0.22654092 0.02840170 0.06418495 1 0.05801349 0.98668003 0.54992685 0.02625961 0.17095957
858,MVI_40991_img01279_jpg.rf.ddafb4c490ec7bcd6cad7ac5ae722ccb,1 0.85197473 0.19252666 0.26368768 0.07599041 0.08158708 1 0.78872752 0.08703151 0.23696022 0.07860494 0.06296263 1 0.65493524 0.38364131 0.42051915 0.12187304 0.12284796 1 0.15494624 0.97817087 0.84474421 0.04365806 0.24242687 1 0.06945783 0.00421600 0.24783363 0.00843180 0.05278606
859,MVI_40992_img00063_jpg.rf.6145742d3adbe90c94fc704eb9e46469,1 0.88871986 0.32183821 0.31241760 0.09918928 0.09815607 1 0.67116153 0.52696404 0.43232570 0.14550581 0.13979101 1 0.16871987 0.01451381 0.24165359 0.02902742 0.06981773
860,MVI_40992_img00280_jpg.rf.ec920e56c19f35cfa1e679a63540ffee,1 0.90026170 0.30309803 0.37119131 0.12001433 0.12919970 1 0.89585656 0.83022900 0.60315962 0.26156178 0.20025558 1 0.74721807 0.36965146 0.33283219 0.08272524 0.10051708
861,MVI_40992_img01072_jpg.rf.50a9550fd4fd1adf98e1da7c826a9f0f,1 0.86509192 0.35980806 0.34520164 0.10327034 0.10789881 1 0.83834690 0.19217923 0.30407605 0.07640610 0.08511553 1 0.59343994 0.43074542 0.48583870 0.14987867 0.14256096 1 0.11631735 0.25598271 0.26181688 0.05454226 0.06923776
862,MVI_40992_img01077_jpg.rf.ae990a8ce8866b2e065272aad9c8d81d,1 0.87450373 0.34076447 0.33699689 0.09715977 0.09839039 1 0.82208997 0.17619991 0.29388545 0.07391553 0.08285685 1 0.78761184 0.38900819 0.45978827 0.13343687 0.13533115 1 0.30117485 0.26109507 0.25711665 0.05750885 0.06349106 1 0.08955564 0.03409416 0.26759744 0.06818812 0.07058024
863,MVI_40992_img01080_jpg.rf.bd665a03e4d826f415b6042aa2f28649,1 0.86345726 0.33038425 0.33292432 0.09427443 0.09633017 1 0.81688899 0.16658396 0.28975592 0.07449119 0.08303480 1 0.80703926 0.37255456 0.43940983 0.13035951 0.12784863 1 0.12744382 0.26485934 0.25440192 0.06293554 0.06187224
864,MVI_40992_img01091_jpg.rf.4a4b80b8d91e10647706709dd3533558,1 0.89047533 0.31684778 0.40129733 0.11693578 0.11442614 1 0.83198512 0.30251431 0.31319778 0.08145685 0.08844037 1 0.70867413 0.13206799 0.27868009 0.07376654 0.07775097 1 0.20973416 0.29659386 0.24397144 0.09255219 0.06052713 1 0.19985530 0.01146431 0.26769376 0.02292842 0.06328826
865,MVI_40992_img01315_jpg.rf.cf1c8f4a34642c121fc023c779c22ad1,1 0.88456059 0.34304154 0.31426446 0.09154463 0.09883609 1 0.85031438 0.61789122 0.46517243 0.19187250 0.16536341 1 0.05069122 0.53543591 0.50227823 0.13334799 0.10831356
866,MVI_40992_img01449_jpg.rf.d1fb93270c1476647b00e3e1716a62fd,1 0.91331339 0.74255881 0.55428300 0.21714334 0.17727165 1 0.89057553 0.36825309 0.40975122 0.13234262 0.12863922 1 0.82548624 0.19711399 0.29166694 0.07488565 0.08976278 1 0.76657277 0.93524613 0.85459738 0.12950754 0.29080505 1 0.45488575 0.28732386 0.24293010 0.07129335 0.06965227
867,MVI_40992_img01624_jpg.rf.7f0743798e7242b2c5bdfac4a05621d2,1 0.69614035 0.43675146 0.43853483 0.14886599 0.15884991 1 0.30723894 0.01022760 0.22111242 0.02045500 0.07807369
868,MVI_40992_img01663_jpg.rf.fb8c99ca3d6df7bb7103782f18caf2cb,1 0.91302174 0.71081223 0.51376505 0.20624933 0.17517395 1 0.83121669 0.20236468 0.26450102 0.07505903 0.08906446
869,MVI_40992_img01732_jpg.rf.5b9868fd1298eee5b1eb3cc8dd15e9bd,1 0.86710107 0.85461762 0.71022453 0.29076457 0.23356686 1 0.71182370 0.38927341 0.32432027 0.11944637 0.10999770 1 0.67230946 0.40968819 0.43119928 0.14281321 0.15099771 1 0.28190139 0.67514858 0.35228491 0.08257675 0.08166475 1 0.09059686 0.97110691 0.65608959 0.05776367 0.21843414 1 0.07706533 0.98159380 0.61318150 0.03658962 0.17615566
870,MVI_40992_img01900_jpg.rf.92dc3aacb962fc722b382f612655814e,1 0.85822397 0.24054682 0.28076420 0.08045297 0.09384289 1 0.79691517 0.39646263 0.28666301 0.10752897 0.10263395 1 0.71224803 0.95765457 0.68079867 0.08456345 0.22400122 1 0.46521071 0.29483821 0.23158417 0.04879336 0.07929525 1 0.34827417 0.46966300 0.43860474 0.13094578 0.13432693 1 0.18471889 0.13570666 0.22497857 0.08322430 0.07624049 1 0.07030946 0.26067951 0.23338848 0.06752291 0.08582619
871,MVI_40992_img01978_jpg.rf.6efecb6e0c5df86a6581180e9d667f10,1 0.89184380 0.38321643 0.30653830 0.10160398 0.10609636 1 0.85254169 0.23735833 0.26071911 0.09595195 0.08454480 1 0.76338387 0.27744675 0.22753193 0.06377211 0.07404141 1 0.26616538 0.55350184 0.37811923 0.14055586 0.10799723 1 0.20479962 0.07310750 0.22523160 0.07590247 0.06589508
872,MVI_40992_img02076_jpg.rf.0f5b7c0c4637bca3ed57797ddfa88eb2,1 0.84195060 0.23260990 0.26795232 0.08420399 0.09126282 1 0.50903243 0.51529646 0.44818591 0.16289406 0.13732550 1 0.28830096 0.98699279 0.71430454 0.02601423 0.23166695 1 0.25931847 0.31177936 0.20333164 0.09986458 0.07863812 1 0.15742239 0.28809538 0.20912623 0.05394764 0.07175236 1 0.12792644 0.98244753 0.77422199 0.03497124 0.30249424
873,MVI_40992_img02086_jpg.rf.272761ca31e59854d8690a2873153f4e,1 0.91283822 0.87964625 0.59525332 0.24070730 0.21094942 1 0.78677517 0.19833688 0.25318456 0.08509390 0.08247700 1 0.71118098 0.42661055 0.40111847 0.13218653 0.13142328 1 0.15646914 0.31732492 0.20109260 0.08000956 0.07388005
874,MVI_41063_img00119_jpg.rf.f951e7884923734a5a1b57e831e4e000,1 0.87700433 0.67682905 0.30062237 0.11524754 0.08460732 1 0.81192619 0.41702930 0.21789480 0.07849710 0.05718554 1 0.80171955 0.34614186 0.23358545 0.07554970 0.05964079 1 0.74314964 0.30217056 0.29167399 0.07347136 0.07469072 2 0.49580440 0.01722637 0.16850001 0.03431909 0.04774036 1 0.18470509 0.01725500 0.16694986 0.03450980 0.04743323
875,MVI_41063_img00199_jpg.rf.1cf4c1ecab80af59464584ccf0020e48,1 0.91895890 0.57105818 0.73682275 0.25248737 0.25817213 1 0.90043408 0.07409651 0.38836617 0.10123806 0.12206125 1 0.89524835 0.72585478 0.65652351 0.20927982 0.19770756 2 0.88722652 0.02666694 0.19693561 0.05333367 0.06264687 1 0.86199349 0.39721522 0.27186861 0.09498243 0.08097162 1 0.85688597 0.03013746 0.50359626 0.06025817 0.13093100 1 0.61721188 0.52492056 0.35851619 0.08713388 0.09797587 1 0.17756374 0.03433506 0.15736225 0.03665634 0.04053597 1 0.15313341 0.03392398 0.17592533 0.03994927 0.04129653 2 0.06218405 0.52514749 0.36257670 0.09453688 0.11004395 1 0.05226377 0.02519333 0.18202381 0.04618343 0.04070559
876,MVI_41063_img00576_jpg.rf.53098eae4414d398a5605a89573d2c90,3 0.91241437 0.47328677 0.19316034 0.19228239 0.14065084 1 0.88728434 0.16119232 0.36526947 0.09238334 0.10204802 2 0.85224712 0.15381978 0.23340333 0.06721272 0.06677418 1 0.84014040 0.37713137 0.24161773 0.08229780 0.06165295 1 0.83661652 0.94888849 0.44869952 0.10161629 0.11046181 1 0.27091765 0.00780284 0.47221546 0.01560548 0.09997807 1 0.26737586 0.15365676 0.23461647 0.06936021 0.06852665
877,MVI_41063_img00633_jpg.rf.9b4e8a60e46e02050c81d0d7c352302c,1 0.89569670 0.07824244 0.42554440 0.10245595 0.11525249 1 0.89274186 0.30666924 0.44691087 0.13546562 0.15220106 1 0.88910377 0.76676741 0.89190874 0.35364208 0.21419773 1 0.87523633 0.93131218 0.32926836 0.13152695 0.09075341 1 0.87354589 0.65036983 0.34871540 0.12814541 0.09848042 1 0.86153102 0.17950367 0.22114239 0.05988095 0.05376196 1 0.86102003 0.29424086 0.22091637 0.06580687 0.05517691 1 0.82927388 0.10575147 0.89545393 0.21150274 0.20883827 1 0.75776482 0.12660864 0.23858037 0.05717201 0.05174923 1 0.70822674 0.96231031 0.52657290 0.07529755 0.14298477 3 0.46040204 0.05191101 0.13035201 0.07730601 0.07879958 1 0.16070765 0.03738885 0.16220598 0.03898672 0.03767595
878,MVI_41063_img00678_jpg.rf.8c1de87782465e54254a6eaccaa740fa,1 0.89641064 0.69255390 0.31735592 0.12808781 0.08861399 1 0.87928534 0.10253234 0.61726370 0.14145141 0.17432775 1 0.86516637 0.16274872 0.21537537 0.05906925 0.05136396 1 0.84600234 0.29206328 0.19165627 0.05881834 0.05088489 1 0.81181008 0.19751550 0.25901463 0.06506560 0.06352429 1 0.70766479 0.03499364 0.16209061 0.03913285 0.03888602
879,MVI_41063_img00993_jpg.rf.5c1b952dac32ab1cf0bf72fde0dad2db,1 0.89617831 0.59507542 0.58308840 0.19958620 0.18640671 1 0.88493121 0.57461491 0.33048534 0.11270304 0.08583889 1 0.88127333 0.22102337 0.71501646 0.19713287 0.23121376 2 0.79230404 0.03495202 0.36473742 0.06927313 0.11717348 1 0.78228509 0.26445479 0.19564919 0.04924307 0.05105252 1 0.74764097 0.63756199 0.40409026 0.12021084 0.10469742 1 0.24325740 0.00839392 0.17571521 0.01678764 0.04217024
880,MVI_41063_img01157_jpg.rf.6ba66049345d7d81ac9ee031998c4590,1 0.90007895 0.33605456 0.57862129 0.17431946 0.17858229 1 0.88469648 0.03496696 0.30716128 0.06801606 0.07774086 1 0.88025486 0.35105805 0.27066336 0.08315153 0.06792545 1 0.86416554 0.67932091 0.30584333 0.11967144 0.09835925 1 0.85775965 0.38376560 0.89617858 0.26215687 0.20764265 1 0.85641515 0.73887939 0.43202916 0.16540909 0.11978776 1 0.85322362 0.10173319 0.20851591 0.05057721 0.04835696 1 0.83495432 0.20709333 0.20704396 0.05920639 0.04577670 1 0.78037071 0.20956307 0.26147759 0.07434167 0.06439700 1 0.74298155 0.17252064 0.17666790 0.04863410 0.04312820 1 0.73497045 0.04799430 0.17206290 0.03975035 0.03914566 1 0.68590677 0.01279242 0.19945596 0.02547764 0.03978198 1 0.12171827 0.01666888 0.14146116 0.02892998 0.03749893
881,MVI_41063_img01256_jpg.rf.988c83c8382044de090d236b0bd5cd24,1 0.90550095 0.06746438 0.58073068 0.13183137 0.16238003 1 0.89589363 0.12143507 0.44942613 0.10418310 0.12850475 2 0.89210111 0.36384933 0.23270617 0.07824283 0.07739506 1 0.86968607 0.92848167 0.44297456 0.14165535 0.12076666 1 0.84334546 0.28393931 0.25490532 0.07091260 0.05877233 2 0.83702296 0.41822033 0.21238746 0.07019577 0.07096025 1 0.83620268 0.65992494 0.35729871 0.12037401 0.11040421 1 0.77152240 0.30227683 0.29443004 0.08619561 0.06992893 1 0.75458485 0.05314614 0.21425409 0.04633489 0.04649997 1 0.52372837 0.00624721 0.26517966 0.01231191 0.06974692
882,MVI_41063_img01454_jpg.rf.aa4ef5bc097188835ce0240a9dd991a6,1 0.91691494 0.26578925 0.43128823 0.11835351 0.13915884 1 0.86147052 0.43327742 0.29809651 0.09933128 0.07379484 2 0.83595312 0.94866910 0.38466797 0.10266161 0.13392591 1 0.82247716 0.11335996 0.23710301 0.06193821 0.05752926 1 0.80871153 0.51021399 0.24455464 0.07586718 0.06196866 1 0.80016017 0.45409546 0.26275327 0.08663502 0.06453557 1 0.79957592 0.89393024 0.49917250 0.18600502 0.11819134 1 0.69528389 0.06908723 0.85558097 0.13797530 0.28883786 1 0.54535145 0.00803763 0.35295441 0.01607506 0.10391145 1 0.18886007 0.00889315 0.17617564 0.01778610 0.03961058
883,MVI_41073_img00191_jpg.rf.8302b342ef0ccb6f7db694b6768b2ce0,1 0.90311414 0.90996799 0.38593442 0.11070824 0.11591210 1 0.89591116 0.93225512 0.56571188 0.13548956 0.16064987 1 0.87157881 0.97139191 0.24014087 0.05721597 0.07490072 1 0.86369658 0.27721391 0.42651139 0.14073591 0.13054559 1 0.85351938 0.87607841 0.09823591 0.04634914 0.04737083 1 0.85293531 0.66643991 0.21267958 0.09048386 0.07476310 1 0.83514124 0.65813289 0.18482661 0.08083248 0.06237707 1 0.82999629 0.28159983 0.36545439 0.14593349 0.10973196 1 0.06379779 0.01872633 0.92379775 0.03688392 0.15240430
884,MVI_41073_img00345_jpg.rf.cc381ab8fd1ad06cc83dc57fc19ba866,1 0.86957812 0.44213238 0.24907560 0.10308056 0.07936306 1 0.74690896 0.96312513 0.07383590 0.03700123 0.03685300 1 0.20767272 0.99311428 0.45722743 0.01356277 0.11782529 1 0.18375234 0.01985697 0.92379737 0.03900572 0.15240507
885,MVI_41073_img00404_jpg.rf.92c4b1510fa7dfd0b7d3f622bdd55752,1 0.90372902 0.66835527 0.43096981 0.13720455 0.12713642 1 0.89000976 0.91647644 0.13059063 0.05433731 0.05735466 1 0.86679095 0.48879814 0.20937729 0.08770943 0.07155837 1 0.73053157 0.94131880 0.07882619 0.03973064 0.03614659 1 0.09110664 0.01891766 0.92263388 0.03709103 0.15473203
886,MVI_41073_img00498_jpg.rf.3b52cc20d2b94ca1da3f88a0ae92a61e,1 0.91553384 0.91863422 0.58113813 0.16261520 0.19669380 2 0.89736646 0.59593391 0.18769726 0.09551020 0.09335892 1 0.89724141 0.16347735 0.40264058 0.16192784 0.13045702 1 0.88189143 0.84773216 0.15277698 0.05988197 0.05505857 1 0.84918201 0.91995621 0.15716659 0.06438599 0.05665407 1 0.84377629 0.66191082 0.15316288 0.05863876 0.05718346 1 0.72459006 0.02424380 0.53384280 0.04832146 0.16678734 1 0.59526128 0.02860289 0.92416215 0.05720558 0.15167551
887,MVI_41073_img00566_jpg.rf.d11497c28a29f4e6cab0081d82e70072,2 0.87740046 0.35114064 0.57901602 0.17573328 0.20877094 1 0.87465376 0.68510084 0.14471477 0.06674309 0.05625618 1 0.84402388 0.88578310 0.17253591 0.06229610 0.05872529 1 0.82528865 0.91923428 0.12916684 0.05234814 0.04504261 1 0.73186070 0.92413378 0.09991699 0.04509010 0.04307487 1 0.11271622 0.01984618 0.91980424 0.03869843 0.16039133
888,MVI_41073_img00577_jpg.rf.f9e2e69398318872ae72b596c2d48a57,1 0.88022715 0.57411966 0.17486670 0.07969913 0.06369572 1 0.84932178 0.85728598 0.14954047 0.06071739 0.05032668 1 0.82905483 0.79027004 0.21132946 0.07964935 0.07700443 1 0.79517359 0.87465258 0.11456127 0.04753628 0.04719447 2 0.78573948 0.65613317 0.40532742 0.12019539 0.15123663 1 0.06665896 0.02030860 0.91762204 0.03964642 0.16475572 1 0.05049231 0.99541654 0.07669401 0.00916671 0.04113429
889,MVI_41073_img00825_jpg.rf.8cafed925e0fd6ee96a84878baa83232,1 0.91583467 0.51388946 0.51600628 0.17883348 0.15552645 1 0.89349514 0.21264081 0.26805768 0.11555247 0.10836182 1 0.89066511 0.39796877 0.31571536 0.13931732 0.12895355 1 0.83732951 0.39813793 0.24571838 0.11538434 0.08796272 1 0.76789254 0.97817917 0.11455843 0.04270592 0.04390411 1 0.45493883 0.08496737 0.95783863 0.16993453 0.08380661 1 0.43078530 0.97356768 0.09433913 0.04348812 0.04010448
890,MVI_41073_img00862_jpg.rf.90950c802a8ab9bf7e2e3be5e93ff436,1 0.89639521 0.95477486 0.35716782 0.08970299 0.10339355 1 0.88142145 0.77262449 0.18181983 0.07241726 0.06215713 1 0.86272269 0.97307429 0.24199023 0.05385122 0.07260733 1 0.84149909 0.72758393 0.16214806 0.06422005 0.05516412 1 0.80256426 0.94100399 0.14838387 0.06408653 0.06071854 1 0.79396766 0.91686935 0.08786368 0.03873177 0.03981801 1 0.29187897 0.98846168 0.10151601 0.02307644 0.05192313 2 0.20409657 0.98869200 0.10194135 0.02255154 0.05085328 1 0.09893689 0.01871581 0.91287360 0.03659228 0.17425260
891,MVI_41073_img01194_jpg.rf.339dde5004f2dbd2a96330ef104e431b,1 0.92467833 0.58629756 0.61430445 0.21793699 0.20307522 1 0.87791449 0.35034847 0.30149722 0.13398085 0.09898443 1 0.86853200 0.78335910 0.12039492 0.05154142 0.04669213 1 0.86733705 0.44805202 0.19527848 0.09381323 0.06931787 1 0.82347715 0.88142958 0.12283648 0.04974289 0.04185846 1 0.79672617 0.37265344 0.25346942 0.09850512 0.07083054
892,MVI_41073_img01339_jpg.rf.01f7d39d35db8c430e556c4264390b03,1 0.94144446 0.67490449 0.73239794 0.20859461 0.21968441 1 0.90059894 0.30706117 0.31866198 0.13174205 0.11855283 1 0.89604217 0.69114857 0.40620518 0.13074913 0.11820726 1 0.87261522 0.49193926 0.31392856 0.13052406 0.12046270 1 0.87161285 0.19793639 0.27824814 0.11955128 0.08822241 1 0.83817744 0.89169054 0.11907879 0.05129757 0.05146015
893,MVI_41073_img01561_jpg.rf.c0d2b6fb8e3cd4f386b5d10ae8bf62d9,1 0.90177947 0.71263919 0.38693144 0.12212677 0.11139226 1 0.89627653 0.93289075 0.54072313 0.13421830 0.14727936 1 0.88648927 0.74408526 0.19475626 0.07845144 0.07775347 1 0.87163681 0.10011935 0.88583741 0.19602890 0.22832498 1 0.86497492 0.64926190 0.18540243 0.08132210 0.06330884 1 0.84110975 0.56082864 0.30772562 0.12107592 0.09932661 1 0.56869245 0.96175990 0.80458241 0.07648000 0.26125755
894,MVI_41073_img01803_jpg.rf.521043a6dda8443f58d29726cce413eb,0 0.92821568 0.81598663 0.69205613 0.28821144 0.41796503 1 0.88746428 0.20668535 0.35876718 0.14964238 0.11263819 1 0.88390225 0.75006456 0.19922602 0.07282648 0.06338344 1 0.88297784 0.81374006 0.14884558 0.05967140 0.05592737 1 0.86815619 0.84107418 0.44898329 0.11980286 0.12111530 1 0.83906144 0.65257382 0.26784906 0.09538918 0.09069595 1 0.83296400 0.72170706 0.14996998 0.05842009 0.05129614 1 0.05233768 0.92012072 0.62436109 0.08769550 0.14508677
895,MVI_63521_img00455_jpg.rf.1abfd1281ebc39a3c52020c819d231b6,1 0.91559166 0.46919775 0.27091946 0.08915520 0.16483938 1 0.90966976 0.25795674 0.35632334 0.11315556 0.19213209 1 0.89399344 0.37334743 0.16282468 0.08083553 0.12448449 1 0.80976152 0.63532691 0.06312574 0.06064062 0.08101847 3 0.80697805 0.93560300 0.24997013 0.12879381 0.49807096 3 0.72203499 0.75431743 0.02331458 0.11279173 0.04646183 1 0.58057457 0.50538979 0.00822966 0.04194069 0.01645913 1 0.53299487 0.25479970 0.90003018 0.21795068 0.19993944 2 0.49762830 0.25475197 0.90086055 0.22052439 0.19827870 1 0.15640923 0.44269762 0.00454575 0.03942680 0.00909131 1 0.13880663 0.64086790 0.04362767 0.04415436 0.08470570 1 0.12365067 0.64186640 0.01892984 0.03501339 0.03741214
896,MVI_63521_img00633_jpg.rf.2a8495706a33a601f7e29758ae3aec94,1 0.91542751 0.31069963 0.30686212 0.11497879 0.20239630 1 0.91404504 0.46855731 0.26385779 0.09681959 0.17507157 3 0.90149736 0.90058827 0.15071554 0.19882326 0.29760695 1 0.89160627 0.76596613 0.26076952 0.10712032 0.15207528 1 0.88913101 0.35083456 0.06842183 0.07603254 0.09565240 1 0.87321615 0.50695801 0.03605260 0.05033703 0.07210500 1 0.86370361 0.43550043 0.03253108 0.05424938 0.06506196 1 0.82648534 0.60723376 0.03337424 0.05197001 0.06674828 1 0.09449063 0.38062844 0.00596088 0.06121950 0.01176548
897,MVI_63521_img00764_jpg.rf.8e03c2cd4c39d724c84ee097628a8d9a,1 0.94297642 0.29101171 0.74219723 0.20932536 0.42338657 1 0.91028374 0.78545003 0.26050041 0.10164022 0.14872861 1 0.89180714 0.34554358 0.08467974 0.06986399 0.09689703 1 0.86093307 0.43205471 0.07424582 0.06150455 0.10542725 1 0.46461794 0.65729270 0.02225832 0.04893036 0.04365185 1 0.05291196 0.43796992 0.00417993 0.05413389 0.00808782
898,MVI_63521_img00898_jpg.rf.7e9d96f13f2b454e1203416b36ff0715,1 0.92338812 0.17799152 0.56382136 0.18680632 0.27612505 1 0.89372694 0.47097578 0.20075617 0.08197079 0.14234246 1 0.82440406 0.38841672 0.14218104 0.08079367 0.13444280 1 0.81776357 0.34290411 0.09473317 0.06262193 0.09446924 1 0.73192918 0.44687443 0.01186701 0.04218044 0.02373382 1 0.20668623 0.34922051 0.05260452 0.05264077 0.06033620 1 0.13823384 0.33292017 0.00530106 0.06533518 0.01060192 1 0.10987570 0.37108676 0.00605122 0.05058022 0.01210223 1 0.08584020 0.35220640 0.00576078 0.08303342 0.01152137
899,MVI_63521_img00903_jpg.rf.ef75eafc42f522305b249ea00a7197ea,1 0.92699718 0.12714310 0.66332207 0.21340933 0.32201061 1 0.89270043 0.37784710 0.16452148 0.08753242 0.14500957 1 0.88835526 0.46544657 0.23269308 0.08448753 0.15579619 1 0.81911778 0.34265146 0.09492531 0.06229792 0.09550430 1 0.72207230 0.44563332 0.01650646 0.04187737 0.03301272 1 0.20215595 0.37232118 0.00569231 0.04842978 0.01138442 1 0.16576198 0.34642513 0.05148487 0.04656649 0.05690835 1 0.11550162 0.33135073 0.00514975 0.05995340 0.01029930 1 0.09431469 0.59490433 0.00949950 0.03069153 0.01899880 1 0.07131191 0.35365145 0.00497714 0.07975612 0.00995408
900,MVI_63521_img00958_jpg.rf.f393a0d148bac8a4dfb8751996b8e1e9,1 0.90325952 0.10131179 0.78492570 0.20262338 0.42907763 1 0.89102721 0.39187360 0.17313285 0.08006439 0.12195334 1 0.88261652 0.43060675 0.04621375 0.04879055 0.08107049 1 0.86350006 0.50092821 0.12590173 0.06058311 0.10963511 1 0.84385914 0.34335604 0.10525018 0.06009331 0.09392807 3 0.63295633 0.38921204 0.01308012 0.08654737 0.02544535 1 0.32420993 0.96606750 0.95123167 0.06722908 0.09753646 1 0.22239053 0.43912210 0.01463622 0.03288326 0.02927224 1 0.15087482 0.38150420 0.01237379 0.07244587 0.02474737 1 0.10487173 0.34561191 0.06413551 0.04459972 0.05832804 1 0.07853586 0.99130282 0.83941555 0.01739416 0.27660656
901,MVI_63521_img00982_jpg.rf.d32b94c9b86efeead7feaabd7dbdb81a,1 0.91898447 0.29015749 0.35617247 0.12800488 0.19077940 1 0.90316254 0.81456738 0.41841960 0.13779869 0.19650078 1 0.89207858 0.47438555 0.29445424 0.08785648 0.16477900 1 0.87417102 0.34347057 0.10374287 0.06024880 0.10089438 1 0.86531925 0.40502270 0.11620420 0.06824439 0.10524344 3 0.65058738 0.96962018 0.30969684 0.06075944 0.37534413 3 0.60242379 0.96741076 0.47345891 0.06488171 0.70707502 1 0.51034993 0.40152316 0.01582671 0.07908001 0.03107635 0 0.34436873 0.39989076 0.01667076 0.07530355 0.03289342 0 0.07848828 0.96330166 0.59546900 0.07108078 0.64185123 1 0.07082543 0.52284088 0.00440778 0.03885174 0.00856427 2 0.05754684 0.96186085 0.57107482 0.07574692 0.39727392
902,MVI_63521_img01011_jpg.rf.77dc836160ea0ace935f663bb7fa37f9,1 0.91357160 0.31145499 0.26148109 0.11073203 0.15386729 1 0.88860679 0.34371443 0.10020424 0.06201897 0.09910507 1 0.88086104 0.05137155 0.87191052 0.10274290 0.25617876 1 0.87513316 0.37462749 0.84211619 0.19514437 0.31576743 1 0.86901808 0.71007299 0.12681215 0.07457304 0.10647366 1 0.86412263 0.50974388 0.02953670 0.04666576 0.05772190 3 0.81507814 0.94317183 0.30289245 0.11365614 0.49119778 1 0.61409050 0.41509857 0.01637088 0.06168566 0.03219725
903,MVI_63521_img01072_jpg.rf.9ec3f900bbcb4da1691294cb05b9c165,1 0.92151344 0.46109858 0.37595587 0.10067749 0.20622587 3 0.91913712 0.91282687 0.24913831 0.17434606 0.48041515 1 0.89013726 0.33983872 0.11574978 0.07467027 0.09845998 1 0.87546229 0.44099884 0.05909767 0.05061760 0.08356062 1 0.59544432 0.47042475 0.01757355 0.04572697 0.03514689 1 0.57463562 0.53071198 0.01455828 0.03831320 0.02834736 1 0.52455783 0.42215567 0.01027316 0.04426327 0.02054612 1 0.35580519 0.94638977 0.02404754 0.07091217 0.04571544 1 0.10756984 0.96503000 0.03274781 0.06038704 0.04734506 1 0.06899077 0.43732848 0.01159723 0.07156696 0.02160326
904,MVI_63521_img01261_jpg.rf.02be99c3314ebae38aa67aacd9527e4e,1 0.94200647 0.22244198 0.48789366 0.16461177 0.24995444 3 0.92848831 0.90573883 0.21457822 0.18705235 0.42359023 1 0.92378348 0.44554639 0.56841197 0.13495808 0.29614697 2 0.91038668 0.88588591 0.53321810 0.17380161 0.30184937 1 0.90000361 0.73868966 0.83266661 0.20212030 0.33466658 1 0.88567436 0.35006061 0.14218251 0.06077909 0.10327154 1 0.88398242 0.51492910 0.05431369 0.05389977 0.08765076 1 0.84879458 0.43675580 0.05368516 0.05196838 0.08553141 1 0.83822852 0.35273368 0.06534284 0.06579900 0.08640409 1 0.79409850 0.66610699 0.02477307 0.04617519 0.04780982 1 0.64525133 0.37680109 0.02691731 0.04958196 0.05188075 1 0.51189888 0.44589171 0.14632782 0.07252159 0.12956083 2 0.39792880 0.44540844 0.14548553 0.07162218 0.13161910 1 0.22183216 0.51404557 0.01203735 0.04130783 0.02407450 1 0.17319800 0.95992851 0.01972619 0.06649265 0.03916143 1 0.08818291 0.36882446 0.01334526 0.06221986 0.02669032 3 0.07998013 0.31201644 0.01533299 0.13887396 0.03066578 3 0.07959674 0.38031516 0.02543006 0.05424566 0.05085992 1 0.07420830 0.33108187 0.00972090 0.06136503 0.01944160 1 0.06949671 0.43641624 0.02031836 0.04555635 0.03923854 3 0.05730062 0.41200714 0.02468495 0.08660517 0.04914687
905,MVI_63521_img01517_jpg.rf.0dca706ddfd1df875ae26962e8cc11a0,3 0.90700281 0.91704612 0.17098043 0.16590757 0.33366961 2 0.90472507 0.84805193 0.32919979 0.15444202 0.23005104 1 0.89405149 0.37430773 0.41990482 0.11198053 0.22285383 1 0.89399117 0.36733301 0.18372116 0.07357221 0.11645355 1 0.81051153 0.62891936 0.05392643 0.06193953 0.09064183 1 0.74030274 0.68652992 0.02458432 0.05235662 0.04843185 1 0.70768690 0.68578453 0.35858831 0.10088301 0.18674469 2 0.45433524 0.68564472 0.35750113 0.10076733 0.18753920 1 0.05800596 0.64389248 0.02367401 0.03715229 0.04711056
906,MVI_63521_img01735_jpg.rf.d1be6ef2ba3840b2a7e06eb9ae47d93f,3 0.91986018 0.89933188 0.12049678 0.20052447 0.24099335 1 0.90809995 0.78945060 0.31980073 0.11597872 0.16786990 1 0.89923662 0.76523023 0.87607479 0.22597761 0.24691849 1 0.89210320 0.34211960 0.15167401 0.07947717 0.12281904 1 0.86467087 0.75399213 0.10558299 0.07477121 0.10183806 1 0.80701876 0.73006725 0.03802384 0.05279999 0.07604748 1 0.58161944 0.44895325 0.01399005 0.06056671 0.02772453 1 0.55886382 0.98053889 0.89154739 0.03892202 0.21370716
907,MVI_63521_img01798_jpg.rf.ab2b732dabaad6e8dc1fe99ff526ad36,1 0.92662650 0.78785763 0.24198346 0.10240440 0.14314090 1 0.91162252 0.22112930 0.45654327 0.15158925 0.24449613 1 0.88304871 0.63598833 0.11603529 0.07009335 0.10545261 3 0.87413895 0.82213135 0.05609538 0.14864311 0.11219055 1 0.86880964 0.69682341 0.04680284 0.05847054 0.08281798 1 0.84075671 0.47922549 0.08009116 0.05710602 0.10116905 1 0.75311804 0.97811723 0.90201797 0.04376535 0.19579887 1 0.65730000 0.40330486 0.01972871 0.05302544 0.03883848 1 0.34469727 0.52438116 0.00527229 0.04147816 0.01042909 1 0.09474618 0.70043759 0.00931606 0.04707184 0.01863193
908,MVI_63521_img01807_jpg.rf.03e59258ac9e8494754dc573da782fae,1 0.90594298 0.76660566 0.19721090 0.09238758 0.12842109 1 0.90409273 0.18425051 0.54285556 0.17796810 0.28593156 3 0.87011391 0.81358850 0.04897833 0.13762822 0.09782554 1 0.86283714 0.94920277 0.82579028 0.10159426 0.34841924 1 0.84914881 0.47870493 0.10532174 0.05976467 0.11178990 1 0.83613557 0.62963257 0.08187296 0.05895615 0.09732895 1 0.81561100 0.40527364 0.02847017 0.04975526 0.05520822 1 0.81431746 0.68927965 0.03244550 0.05431843 0.06489080 1 0.57850164 0.52065139 0.00987211 0.04250927 0.01974403
909,MVI_63521_img01842_jpg.rf.04f489af3b0e2bfe05897fd4646759d6,1 0.92611480 0.84222906 0.38546715 0.13697553 0.19012775 1 0.92201936 0.46052895 0.27585578 0.08945351 0.17422228 1 0.91660583 0.70998287 0.07269427 0.06475372 0.08972888 1 0.87511313 0.49332299 0.09868044 0.06723509 0.10470109 1 0.87429810 0.40024110 0.08229823 0.06074903 0.09693696 1 0.83785462 0.04679190 0.91421356 0.09358361 0.17063389 3 0.81354308 0.77855597 0.02527708 0.11450024 0.05054068 1 0.65379983 0.44442272 0.01010204 0.04987946 0.02020388 1 0.53636813 0.61636372 0.01212022 0.04509106 0.02385459 1 0.36403227 0.67282262 0.00504678 0.04017439 0.01002807 1 0.08687430 0.67001123 0.00844125 0.04590874 0.01688231
910,MVI_63525_img00131_jpg.rf.399a040f365449b57ffdc732f9f858c3,3 0.94608241 0.14457412 0.25681973 0.28914804 0.46694279 1 0.90769565 0.36125441 0.19252713 0.08988285 0.14679565 1 0.88780516 0.69932404 0.08554538 0.07038364 0.10119932 1 0.85020816 0.84277773 0.34309053 0.14323158 0.20232763 1 0.11729755 0.67530260 0.00983915 0.04585009 0.01967810 1 0.10126138 0.67480612 0.00510091 0.04580860 0.00998989
911,MVI_63525_img00518_jpg.rf.26bdea5e24ca82aa4785090aa535b822,3 0.94256508 0.14282389 0.26681950 0.28564758 0.47979083 1 0.89234120 0.75114279 0.81361399 0.19467030 0.36173916 1 0.88957727 0.64121127 0.12986266 0.07480860 0.11088954 1 0.82210815 0.94244652 0.78314552 0.11423683 0.41482124 2 0.22646740 0.94087820 0.78701353 0.11586361 0.42437668
912,MVI_63525_img00919_jpg.rf.850f49850c4048476588a846efeefddd,3 0.92349911 0.89843798 0.12476132 0.20062847 0.24952244 1 0.90594041 0.68589678 0.43962588 0.14022636 0.23389826 1 0.90450704 0.75721273 0.16764433 0.10468349 0.15046992 1 0.89786458 0.39027114 0.17260413 0.08346291 0.14694663 3 0.74726790 0.05792842 0.51576772 0.11458027 0.55043812 1 0.47569180 0.60121136 0.00870735 0.05094051 0.01741450
913,MVI_63544_img00105_jpg.rf.eac585f057a5cb75c2c4aa1dbb1559b2,3 0.87209886 0.87651024 0.05399125 0.11897621 0.10798230 1 0.87203431 0.48548174 0.25249380 0.11429615 0.11857644 1 0.84397811 0.68824339 0.13416117 0.07648811 0.09556550 1 0.82260543 0.76288729 0.04858406 0.05502157 0.06351465 1 0.24076143 0.69034176 0.09123753 0.06192112 0.06008376
914,MVI_63544_img00171_jpg.rf.e36f8e79f25e20e2c0836e84f70c052e,1 0.88841826 0.09420305 0.64978480 0.18840589 0.28411016 1 0.87043178 0.43115544 0.29818509 0.11736250 0.13012090 1 0.84717906 0.60590401 0.16398866 0.07996378 0.09338889 1 0.83107883 0.67661223 0.15871067 0.07988806 0.09283295
915,MVI_63544_img00265_jpg.rf.c5130d743578107513f17a208e9a41ea,1 0.85975385 0.60110159 0.16055381 0.07788620 0.09018369 1 0.56746149 0.03018610 0.66517072 0.06036922 0.22177820 2 0.36820337 0.03250405 0.67169333 0.06431600 0.24071350 1 0.06101518 0.99465031 0.27353156 0.01069918 0.08111053
916,MVI_63544_img00476_jpg.rf.c96f00355953729eadf625c301d065ca,2 0.81642640 0.32671349 0.33795533 0.18027692 0.17974224
917,MVI_63544_img00525_jpg.rf.9b5ce21e4b5d482f9f3c881716ee1615,2 0.86213809 0.08978088 0.44171495 0.17846303 0.19697876 1 0.05600424 0.99457836 0.28512583 0.01081810 0.09501276
918,MVI_63544_img00782_jpg.rf.d8018739e15b2a029813441e2b5a8b3f,1 0.85781753 0.08877659 0.48051777 0.17735586 0.15520725
919,MVI_63544_img01112_jpg.rf.248d29b6535f3e9a539f2ab13b6547fe,1 0.87819386 0.52049136 0.62607737 0.17048063 0.23207664
920,MVI_63552_img00086_jpg.rf.50436c73659c5c3c3802be003c2bc79e,1 0.89590216 0.39993236 0.74889526 0.20920968 0.21358814 1 0.86005974 0.54031820 0.33842087 0.10210857 0.07999983 1 0.83881181 0.02311462 0.40607644 0.04622904 0.09583318 1 0.80345571 0.35154693 0.32183642 0.09379582 0.08955417 1 0.71750951 0.26012356 0.34737773 0.11089787 0.08742876 1 0.11147275 0.99123292 0.56173124 0.01753397 0.14563389 1 0.07440375 0.06095132 0.31748645 0.06881573 0.06302152
921,MVI_63552_img00210_jpg.rf.07037d65a106e39a016d700b632f9782,1 0.90696746 0.31650844 0.72951393 0.20545225 0.21421261 1 0.89786047 0.91268549 0.49767036 0.17393856 0.13742561 1 0.89744735 0.21098816 0.49423356 0.12857308 0.12975264 1 0.86261916 0.91739454 0.85855830 0.16368103 0.27869868 1 0.86222672 0.59815421 0.37551270 0.11835451 0.10365362 1 0.83435851 0.30713720 0.34487748 0.08758917 0.07818642 1 0.72277915 0.07312014 0.74038177 0.13911210 0.24052534 1 0.70915210 0.16804664 0.28708904 0.06049209 0.05767145 1 0.68048143 0.11959556 0.32670016 0.06445639 0.05912838 1 0.46749532 0.09989693 0.29450929 0.05735704 0.05885072
922,MVI_63552_img00655_jpg.rf.018dff27ad644fe03cd84ec92ed185dd,2 0.86003184 0.16749545 0.28176670 0.07970726 0.08938718 1 0.85872555 0.09332318 0.73276286 0.16792164 0.26715784 1 0.84488928 0.02664565 0.48020601 0.05310605 0.11558437 2 0.84459907 0.51476212 0.34555945 0.12377110 0.10282230 1 0.83268303 0.31933722 0.34528432 0.09410658 0.08364763 1 0.79359829 0.38872221 0.39918876 0.10293784 0.08489456 1 0.74047720 0.01433629 0.37269099 0.02860611 0.08822217 1 0.11843324 0.90377550 0.97164850 0.19244880 0.05670280 1 0.07625458 0.03014859 0.23119493 0.04612605 0.05598478
923,MVI_63552_img00818_jpg.rf.5ba6aa7b1761410a82a25693bc5ca4a7,1 0.90543693 0.40252824 0.72998867 0.21649876 0.23299065 1 0.89029056 0.08624963 0.39501712 0.09540433 0.10281005 2 0.87327051 0.78292694 0.35582395 0.11962280 0.11451750 1 0.86931509 0.11803819 0.70439196 0.19991190 0.26742134 1 0.86310869 0.27167506 0.27416868 0.07782497 0.06873226 1 0.86217529 0.50083103 0.37063358 0.12290726 0.10052629 1 0.76244324 0.09445782 0.27284081 0.05768542 0.05891576 1 0.75533348 0.94697685 0.85514011 0.10516281 0.28971958 1 0.42392263 0.05472302 0.23369641 0.05681436 0.05375338 2 0.17683709 0.94737944 0.85511923 0.10524092 0.28714924 3 0.09311650 0.08615893 0.83567247 0.17092334 0.32844677 1 0.05862630 0.99411187 0.62783976 0.01177606 0.12523251
924,MVI_63552_img00990_jpg.rf.dc5d0d7958c048851f77bd9d569a08eb,1 0.90605599 0.15171021 0.43165644 0.10844834 0.11517069 2 0.88453805 0.36301575 0.33397474 0.11701555 0.11484137 1 0.86434847 0.70464945 0.37865479 0.13899994 0.10221810 1 0.79900014 0.84874687 0.94307518 0.29300613 0.11284847 1 0.79003233 0.96449938 0.53922129 0.07074986 0.14714355 1 0.76734817 0.18686374 0.24022136 0.07304075 0.07382069 1 0.74368662 0.42254124 0.33105574 0.10059910 0.09557877 2 0.72978824 0.82822638 0.51473131 0.17609348 0.16588020 1 0.51353025 0.13932147 0.75043955 0.17483912 0.26013756 1 0.42158449 0.82362502 0.51384554 0.17444720 0.16346226 1 0.17276652 0.12776335 0.27368202 0.06280086 0.06288881 0 0.10566907 0.13643506 0.75209966 0.18257880 0.26350012 2 0.08100682 0.10997396 0.83761289 0.21994771 0.32477402 1 0.07617297 0.05756925 0.19906191 0.04732214 0.05205734
925,MVI_63553_img00092_jpg.rf.ed4471430e50e0b7115342231a051cc8,1 0.91853511 0.10830674 0.48698311 0.12133660 0.14238815 1 0.90114403 0.03877063 0.34452810 0.07754106 0.09094639 1 0.87470400 0.92409039 0.89223976 0.15133209 0.21552028 1 0.85388684 0.38378868 0.31580324 0.10969200 0.08694115 1 0.84955001 0.66593037 0.33076391 0.11993666 0.09949741 1 0.80352437 0.46503601 0.38074975 0.10896683 0.10306063 1 0.72913754 0.21165076 0.30147700 0.07456607 0.07104511 3 0.33493945 0.47723398 0.76434021 0.57163792 0.47131938 2 0.33128113 0.05976256 0.20640414 0.05342246 0.06375232 2 0.29716253 0.48217635 0.76471853 0.57450838 0.47056274 1 0.19735584 0.76617837 0.97336149 0.45942850 0.05251942 1 0.10364895 0.14740679 0.19790710 0.04717548 0.05416400 0 0.09268241 0.47414445 0.75717611 0.56494830 0.48505554
926,MVI_63553_img00124_jpg.rf.3546850ef51e6114846ffef94838f30a,1 0.92997807 0.69073782 0.87018194 0.30833206 0.25963592 1 0.91950989 0.39493768 0.55871091 0.17214637 0.16794243 2 0.90226424 0.16348338 0.55056629 0.13923339 0.20066051 1 0.85235435 0.67942762 0.37228615 0.12723351 0.09707780 1 0.81524640 0.64220681 0.41856747 0.14929132 0.10640507 1 0.79053253 0.29483910 0.23451200 0.07503867 0.07243004 1 0.62354481 0.12705724 0.26767409 0.06474920 0.06304917 1 0.61868119 0.11943846 0.23737912 0.07051151 0.05979309 1 0.11399533 0.99221306 0.43764439 0.01555614 0.10919199 1 0.07066102 0.05329627 0.60976267 0.10366323 0.13345575 1 0.05655378 0.66780872 0.39478106 0.13838425 0.09313860
927,MVI_63553_img00159_jpg.rf.65bf233cd4f55625109fc3e425afd9f5,1 0.90750062 0.25660719 0.60099936 0.18268033 0.18736839 1 0.89845073 0.11719775 0.38757291 0.10420657 0.10976257 1 0.86465722 0.75856462 0.33999934 0.13084364 0.09545307 1 0.86340845 0.44944692 0.25648017 0.08696165 0.08027058 1 0.86326724 0.28260245 0.24796782 0.07553110 0.06710958 1 0.85928488 0.60873795 0.33359432 0.11802120 0.08659325 1 0.82630801 0.68232603 0.40676293 0.15036154 0.11310253 1 0.82428253 0.20135775 0.25673804 0.08061538 0.06961665 1 0.80538487 0.48630652 0.38210392 0.11618500 0.09336166 1 0.25257158 0.94721460 0.94242611 0.10510120 0.11436119 1 0.21464311 0.04182301 0.57070484 0.08245398 0.16390171 1 0.20930108 0.07962386 0.16928687 0.04944068 0.05445809
928,MVI_63553_img00179_jpg.rf.66535f1233e50ef80b0379aeeaf78a84,1 0.92508113 0.27644706 0.83537405 0.21580405 0.29016347 1 0.90546042 0.37159681 0.52702732 0.16103773 0.16486912 1 0.89325142 0.73889279 0.87904062 0.33782492 0.24191856 1 0.88690525 0.85673008 0.44911299 0.19101219 0.15006113 1 0.85798997 0.02822327 0.43350720 0.05613007 0.12182693 1 0.85066825 0.36280949 0.30438819 0.09485593 0.07473421 1 0.84736323 0.45858803 0.26050329 0.09578972 0.07431307 1 0.82616651 0.15191759 0.21037867 0.06017010 0.05624075 1 0.82251793 0.36853125 0.26191928 0.08295245 0.06219811 1 0.82008421 0.26523597 0.21046672 0.06528029 0.06310077 1 0.77355582 0.23128574 0.29205751 0.07423692 0.06706004 1 0.76660234 0.07008691 0.21194252 0.06358560 0.05298806 1 0.05186675 0.01096943 0.56637144 0.02193866 0.19006605
929,MVI_63553_img00236_jpg.rf.f41fe983ddfa2b53de99233dc0616493,1 0.91135341 0.35354342 0.56036549 0.17008238 0.16663113 1 0.90228522 0.12978251 0.54182754 0.15105238 0.16014414 1 0.89550394 0.83283694 0.38623688 0.13229442 0.10485959 1 0.85555911 0.32083473 0.25351682 0.08656254 0.08376312 1 0.80170894 0.30602932 0.33330128 0.10039787 0.08377452 1 0.77327502 0.96881714 0.57093687 0.06187248 0.12918224 1 0.70343864 0.09534101 0.23705959 0.06819155 0.06672254 1 0.44966733 0.44511641 0.97769570 0.27992823 0.04460840
930,MVI_63553_img00257_jpg.rf.f8a1d6f3b85f30e45e10c5fcc273aed8,1 0.91619039 0.51418424 0.81164351 0.27805681 0.28088493 1 0.91593379 0.08904691 0.48461409 0.12630477 0.14277611 1 0.91199833 0.88904054 0.86910791 0.22084126 0.25778732 1 0.90106165 0.29613132 0.84808626 0.26505309 0.30382728 1 0.87120229 0.52055101 0.29458973 0.09454041 0.08069310 1 0.86421978 0.91871190 0.58959422 0.16257600 0.14584599 1 0.86413682 0.61789246 0.35819998 0.12014465 0.09943657 1 0.85205704 0.53652925 0.38612542 0.13006821 0.10126419 1 0.52059555 0.11184787 0.25832183 0.07208767 0.06771145 1 0.21769048 0.16343231 0.20528292 0.06569412 0.06997777
931,MVI_63553_img00395_jpg.rf.08bd2934c69292ebba0dde8a51f7994b,1 0.90147382 0.43419785 0.60385571 0.19278831 0.18711071 1 0.88570935 0.42379103 0.33695667 0.11205997 0.10478401 1 0.87909561 0.83998296 0.48466568 0.18512578 0.15682011 2 0.83501506 0.09390860 0.24422431 0.07404999 0.07878780 1 0.80864179 0.67601109 0.48316340 0.17145615 0.12967539 1 0.76544660 0.29968066 0.91830625 0.28418646 0.16338730 1 0.65294218 0.14923573 0.24502759 0.05501232 0.06495981 1 0.50481933 0.06313987 0.62623048 0.12231420 0.16257524 1 0.18477656 0.11389964 0.20951275 0.05643139 0.04875156 1 0.10167987 0.08270003 0.17768362 0.05031677 0.04988995 1 0.05320781 0.86991520 0.44208555 0.13195267 0.08890476
932,MVI_63553_img00400_jpg.rf.cb6573435e5164f91570a387eb0a74a9,1 0.91009682 0.55358262 0.66690283 0.22278337 0.20988712 1 0.88431251 0.72661848 0.43805532 0.16510296 0.13315277 1 0.87165219 0.35944276 0.31345186 0.10158253 0.09373436 1 0.83404303 0.09856269 0.69941301 0.17972097 0.22210636 1 0.80528700 0.57649465 0.43651552 0.14393196 0.10512371 2 0.76626122 0.05974184 0.23112102 0.07073322 0.07115417 1 0.69085526 0.11184296 0.23270857 0.05231634 0.06273694 1 0.51936692 0.38958054 0.97674670 0.31374340 0.04650640 1 0.08202538 0.07940192 0.20092277 0.05177600 0.04791690
933,MVI_63553_img00879_jpg.rf.0ca1b83378e15234e38d774c5e567f29,2 0.90752900 0.69968214 0.38193130 0.16332779 0.14667826 1 0.89405835 0.30158868 0.54713888 0.15865936 0.16525249 2 0.87619817 0.89590588 0.50222220 0.17430286 0.16828547 1 0.85925812 0.36594908 0.26996541 0.08217959 0.06816387 1 0.85234582 0.31215897 0.31676576 0.10390854 0.08326411 1 0.83577073 0.82907248 0.56622529 0.18584213 0.13794069 1 0.75581759 0.12628760 0.28614507 0.07110839 0.06243401 1 0.56667316 0.12826581 0.20530558 0.05461507 0.05282946 1 0.44779679 0.08573341 0.22006042 0.06216187 0.05764208
934,MVI_63553_img00935_jpg.rf.f0dc68da3de9aec2c7413417cab814fe,1 0.91572893 0.29180074 0.54081326 0.16280966 0.16526604 1 0.86580873 0.31728773 0.29894991 0.09498367 0.08113823 1 0.84073794 0.02653769 0.46533875 0.05281748 0.13102312 2 0.76309276 0.08662338 0.23429003 0.06055974 0.06782904 1 0.74965906 0.63774385 0.47928123 0.16156731 0.11875343 2 0.73845452 0.13275723 0.21663446 0.06606641 0.07809529 1 0.65600282 0.06309410 0.26047330 0.06143929 0.05971251
935,MVI_63553_img00950_jpg.rf.5813cec0bc6d33d91a4b116d7d32fc81,1 0.92980832 0.66195908 0.76000156 0.26880150 0.25014229 1 0.88678461 0.16273799 0.58897085 0.14932151 0.17318916 1 0.87844169 0.17477241 0.26327510 0.07567658 0.06962008 1 0.77592033 0.38013282 0.38499534 0.11586714 0.09459519 2 0.43906420 0.05242643 0.20448463 0.06247354 0.07309594
936,MVI_63553_img00989_jpg.rf.ed92bb20a06a012e6890e93d3de62f72,1 0.90548092 0.04656657 0.39310102 0.09313294 0.10533676 1 0.87838149 0.54435034 0.35092015 0.12625084 0.09610996 1 0.62224120 0.47955369 0.95203452 0.25437510 0.09593076 1 0.34023789 0.01896310 0.25508239 0.03792600 0.05889030
937,MVI_63553_img01044_jpg.rf.ec5d34228506f57cbc2e6ae94c854546,1 0.92251813 0.57269716 0.85077209 0.31440010 0.29398479 1 0.89653939 0.83032916 0.43044003 0.17512202 0.11793520 1 0.84872991 0.58073092 0.41314545 0.14142914 0.11521654 1 0.81635445 0.18099289 0.29980588 0.09004936 0.07482333 2 0.79500049 0.03627531 0.45773077 0.07255042 0.16588974 1 0.78229356 0.15319879 0.26372128 0.06835129 0.05835056 1 0.71599638 0.50000821 0.60944452 0.22761400 0.23766270 1 0.69763368 0.01164425 0.34637995 0.02298471 0.08745308 1 0.66009110 0.98435402 0.54615717 0.03094978 0.13146038 2 0.46894178 0.50038314 0.61144419 0.23128366 0.23638954 1 0.44709131 0.04509611 0.20354324 0.05851260 0.05282811 1 0.35411477 0.01710270 0.60131078 0.03420520 0.15780888
938,MVI_63553_img01159_jpg.rf.5a63b5b41e60bc7f32465ecc025f74d2,1 0.87944776 0.04261046 0.38148041 0.08522072 0.10515938 1 0.86673975 0.71126499 0.42155114 0.14331541 0.12571847 1 0.84920692 0.23986678 0.26455631 0.08307209 0.08055310 2 0.81507152 0.14978037 0.53349042 0.17355967 0.21212149 1 0.76442790 0.97292938 0.60220938 0.05399513 0.15176067 1 0.06085892 0.00573649 0.21213025 0.01147278 0.06808645
939,MVI_63553_img01353_jpg.rf.e8c21557d70670a21c422c61ff09fbd1,1 0.90061641 0.28893516 0.51480808 0.14167213 0.15466118 1 0.88833457 0.80013313 0.47400475 0.17974091 0.13070431 1 0.86707330 0.41865225 0.29623699 0.09917955 0.09287882 1 0.84009457 0.54905314 0.30452871 0.10378332 0.08171091 1 0.80678964 0.44442464 0.94595170 0.26884725 0.10809640 1 0.78551227 0.10767085 0.26623182 0.07425528 0.06391859 1 0.71984655 0.58922973 0.44726958 0.12774258 0.12010441 1 0.65795642 0.01338668 0.35919816 0.02659096 0.08742948 1 0.51753449 0.03082620 0.21765437 0.06008037 0.05566535 1 0.06090063 0.02682132 0.17677817 0.05179867 0.04779043
940,MVI_63554_img00147_jpg.rf.e7b1692252f50cf6b33a9862a4eeb224,1 0.90353870 0.84847412 0.78021193 0.29076233 0.26439152 1 0.88671476 0.70411730 0.35976899 0.12937889 0.10807939 1 0.85886824 0.07471142 0.21373184 0.06687236 0.05832787 1 0.83420318 0.20803456 0.19498938 0.06189462 0.05910146 2 0.81561208 0.37003002 0.28904874 0.09700823 0.09443507 1 0.78931159 0.96529946 0.52266350 0.06940088 0.12383213 2 0.76802641 0.33631763 0.31992245 0.10285673 0.09633684 1 0.75918323 0.72953110 0.30623841 0.13867722 0.09363680 1 0.68585289 0.89839363 0.96447401 0.20004082 0.07105178 1 0.66406852 0.04950151 0.63646812 0.09863319 0.25603180 3 0.07948485 0.09293795 0.87163648 0.18587571 0.25672684
941,MVI_63554_img00306_jpg.rf.9d41b64b93ac0aca0e08e78664b5cc56,1 0.89624214 0.25143653 0.50140157 0.15435361 0.15492964 1 0.86919761 0.77228174 0.37381649 0.13861313 0.09840479 1 0.86527783 0.82157252 0.54828720 0.17722163 0.13950138 1 0.85273558 0.22642770 0.21252689 0.07309551 0.06604053 1 0.85208535 0.34729719 0.28109188 0.09161320 0.07655506 1 0.84261209 0.34101539 0.91547928 0.28408346 0.16900234 2 0.81405801 0.10638297 0.22399254 0.07681374 0.07295942 1 0.74695301 0.08099144 0.25396013 0.07122864 0.06199636
942,MVI_63554_img00347_jpg.rf.03e85cad3edfbf317660642613d4bd84,1 0.92306644 0.44381114 0.79414592 0.25482748 0.27013903 2 0.90661132 0.69237275 0.33317418 0.13862753 0.11386509 2 0.86380517 0.39674172 0.32492781 0.11123238 0.10522585 1 0.83946776 0.32309837 0.25079777 0.08398657 0.06608849 1 0.79385042 0.74878798 0.49703627 0.20176525 0.15828228 1 0.76848406 0.96805782 0.48291378 0.06330643 0.10898743 1 0.71574366 0.05786223 0.20274324 0.05561221 0.05688381 1 0.70863867 0.18219278 0.30423193 0.07917790 0.06921568 1 0.54517317 0.04323831 0.37101188 0.08647642 0.12846899 1 0.05070151 0.01818512 0.16080284 0.03500194 0.04961557
943,MVI_63554_img00579_jpg.rf.3d57a8bc16e3ad865713d1ee33c0b0ac,1 0.90140408 0.27148338 0.65655804 0.19689816 0.20406933 1 0.88277870 0.55866876 0.65923681 0.21959200 0.23506889 1 0.86160845 0.39428952 0.26390619 0.08351531 0.07779846 1 0.85283482 0.17913731 0.26862411 0.07863090 0.06845999 2 0.84880787 0.65767956 0.39314785 0.18604660 0.15322361 1 0.81584394 0.77757282 0.37339997 0.11260986 0.09501610 1 0.80752218 0.31719880 0.34571166 0.11347332 0.08882208 1 0.78858525 0.73257437 0.51482048 0.14953136 0.12616196 1 0.43553564 0.05583719 0.66042967 0.10963995 0.19557858 1 0.22358426 0.06600767 0.19884403 0.05745896 0.06294203 1 0.21776673 0.62215028 0.37610836 0.11558609 0.09133205 1 0.13603663 0.64395499 0.33422086 0.09531679 0.07313266 1 0.10048108 0.04436798 0.17493986 0.05001766 0.04566958 2 0.08192863 0.62399716 0.37408099 0.11882658 0.09878101 3 0.05369109 0.09369016 0.86880483 0.18731633 0.26239014
944,MVI_63554_img00715_jpg.rf.67b0f57ab23af65b639e4ce31249079d,1 0.89057988 0.20373390 0.80294771 0.23524680 0.32692738 1 0.88724869 0.42451705 0.74931822 0.22413962 0.25638390 1 0.88620526 0.03852242 0.37442627 0.07704464 0.10454712 1 0.86988813 0.48059626 0.59874315 0.23032923 0.24108334 1 0.85338575 0.48873620 0.37252808 0.12954617 0.09866438 2 0.84448695 0.19201803 0.26421518 0.07178860 0.08395896 1 0.83196670 0.52362709 0.33239269 0.12003517 0.08987188 1 0.74969280 0.92306328 0.59921379 0.15165176 0.14085503 1 0.72416735 0.18316802 0.21014987 0.06241014 0.05788668 1 0.31878343 0.02116868 0.22781177 0.04215627 0.05774112
945,MVI_63554_img00763_jpg.rf.076be0f5052297f7d1342a26f30157ae,1 0.91042870 0.54858675 0.86094491 0.28259373 0.27509389 1 0.89998376 0.12282615 0.42780504 0.11997437 0.15284643 1 0.86329514 0.91049061 0.89593554 0.17763634 0.20643806 1 0.86199474 0.81650009 0.41622981 0.15321255 0.10820773 2 0.84359318 0.45048022 0.34048994 0.11825895 0.10246496 1 0.84074140 0.57422991 0.43168712 0.14285488 0.11462603 1 0.69440472 0.11885087 0.23436677 0.06579309 0.06336908 1 0.28846553 0.07925569 0.28051460 0.05918971 0.05971999 1 0.28042725 0.04938617 0.24231427 0.06499470 0.05872455
946,MVI_63554_img00786_jpg.rf.cb3aa766070a3cecfc1f61c2611ddb02,1 0.90963376 0.46272211 0.59286222 0.19565563 0.22678642 2 0.85083926 0.21467121 0.24985487 0.08484488 0.07869000 1 0.83763683 0.43832092 0.28380120 0.10229912 0.07718263 1 0.83632404 0.26262655 0.30492778 0.09108009 0.07596717 1 0.72670186 0.49761992 0.42020764 0.13023872 0.09735308 1 0.51773459 0.98111996 0.56791091 0.03775987 0.11405973 2 0.38120484 0.03788235 0.62765379 0.07576450 0.21893291 1 0.25390148 0.38522897 0.96457348 0.41030998 0.06945972 1 0.24806131 0.03769165 0.63409953 0.07538309 0.24301348 1 0.24656515 0.36884484 0.86878347 0.42918177 0.26045380 3 0.17499439 0.35472898 0.86443014 0.40683622 0.27089767 1 0.17340334 0.01273932 0.18439668 0.02547844 0.05318458 3 0.09103128 0.07275827 0.88600161 0.14551633 0.22704539
947,MVI_63554_img00912_jpg.rf.fde7a4d29644621d5bc2aaf63cc28c26,1 0.92051691 0.20524967 0.46600305 0.14874778 0.16307695 1 0.91815704 0.67974081 0.74297972 0.26043739 0.27333679 1 0.91744691 0.08656996 0.50312839 0.14251235 0.16947184 1 0.88957173 0.50104303 0.34179955 0.11213665 0.08841095 1 0.85138649 0.31163945 0.25495663 0.08202786 0.06847982 1 0.83240569 0.36332669 0.33082633 0.10791292 0.08131843 1 0.68813884 0.34448216 0.35859275 0.10590916 0.07699146 1 0.17626344 0.02279308 0.21888484 0.04558596 0.06055528
948,MVI_63554_img01001_jpg.rf.5fd336f817c855a3eaa052d02626b3f8,1 0.91174251 0.60072398 0.89119978 0.30487413 0.21760024 1 0.89160502 0.03931897 0.40304484 0.07855264 0.11711016 1 0.87911069 0.67333231 0.40024042 0.13756752 0.10264139 2 0.85963476 0.26882764 0.50602980 0.16264218 0.20402946 1 0.84484601 0.36759882 0.34736280 0.11612120 0.09078274 1 0.74434996 0.10390327 0.84063358 0.19903970 0.28233070 1 0.47116742 0.09623644 0.19814203 0.05507135 0.05459018 1 0.35840568 0.26913402 0.50631180 0.16346126 0.20580063 1 0.12297536 0.01131904 0.19516159 0.02263788 0.06351211
949,MVI_63554_img01177_jpg.rf.3573e139c92742c80b27798488b8ab31,1 0.91917390 0.30729284 0.80545101 0.24691944 0.26708279 1 0.89647704 0.07357959 0.39864569 0.11102628 0.11353674 1 0.88676238 0.50044603 0.34027536 0.11103306 0.09046249 1 0.88188571 0.92021351 0.42776732 0.15046387 0.10855322 1 0.86176002 0.20583200 0.27806087 0.08441610 0.07478437 1 0.82802749 0.39227283 0.38888369 0.11620879 0.09281597 1 0.82229036 0.16299684 0.21154327 0.07395883 0.05769043 3 0.07803351 0.07000417 0.88526590 0.14000815 0.22754483
950,MVI_63554_img01316_jpg.rf.95670b000a6a82f322120afd2ec51cd4,1 0.91957402 0.22394748 0.63846169 0.20847596 0.23524113 2 0.91313243 0.58042531 0.70799799 0.25988855 0.30118847 1 0.87164766 0.60721145 0.42761909 0.14759016 0.11342218 1 0.86263174 0.29366918 0.29138794 0.08839455 0.07849817 1 0.85010195 0.79232249 0.56059332 0.17217875 0.14900436 1 0.45998761 0.16414919 0.31072083 0.07367206 0.06850901 1 0.41760838 0.02512514 0.23049860 0.05025008 0.06130562 1 0.25254098 0.03749371 0.18817675 0.05196907 0.05263224
951,MVI_63554_img01406_jpg.rf.0bddaf560b5d8814d1795af4c090176a,2 0.86115956 0.08771125 0.71628599 0.17542230 0.26749229 1 0.78442150 0.30318885 0.36658072 0.10477724 0.08796148 1 0.75884748 0.02087680 0.46456342 0.04131184 0.13519354 1 0.60897201 0.01334691 0.37165675 0.02610139 0.09555569 2 0.48764625 0.03573188 0.20728269 0.05203378 0.06706724 3 0.10051483 0.06473305 0.89034958 0.12946590 0.21873608
952,MVI_63554_img01429_jpg.rf.c1ec2370d4076a755e87cfa747159755,1 0.93423235 0.28563051 0.67492714 0.21649661 0.24736271 1 0.87806028 0.26478417 0.52651854 0.16021276 0.14197273 1 0.83018970 0.75266848 0.51795740 0.16066341 0.14164944 1 0.75044614 0.05390979 0.27921214 0.06838043 0.06165724
953,MVI_63561_img00147_jpg.rf.fdcfadd31d9d8adb63337bb17a306c45,1 0.91885978 0.89030848 0.46155806 0.16036606 0.18618088 1 0.91806012 0.82303076 0.33062301 0.13713932 0.13503962 1 0.90489894 0.40578070 0.53757944 0.19112320 0.17695255 1 0.89787692 0.22437378 0.35934720 0.16231040 0.13867998 1 0.84811544 0.56883965 0.16927327 0.11103916 0.10496585 1 0.80611366 0.65864353 0.08385977 0.07491665 0.06752945 1 0.79352623 0.38808024 0.32287140 0.12061048 0.10970058 1 0.78572154 0.50786548 0.12380806 0.08590803 0.07312021 1 0.76749766 0.76458130 0.09597868 0.08080940 0.07199678 2 0.74833125 0.97600779 0.05391408 0.04798422 0.09453613 1 0.45872471 0.79289408 0.02910967 0.06313915 0.05804533 1 0.19179311 0.72755365 0.02517770 0.06260281 0.05035520 1 0.18451424 0.90600452 0.00779131 0.04521103 0.01558242
954,MVI_63561_img00239_jpg.rf.c5944a9b68bb72bb515b3cb3f1a19b3b,1 0.92595452 0.19094774 0.74483895 0.28748224 0.28989286 1 0.89058369 0.25868242 0.32065992 0.14882121 0.12701950 1 0.87629002 0.94289913 0.11687510 0.08181896 0.09228820 1 0.86651134 0.06372361 0.49010162 0.12742915 0.14772091 1 0.86525500 0.26271715 0.88825700 0.34661627 0.22348580 1 0.83037633 0.11058789 0.33191276 0.11281927 0.11625137 1 0.79778463 0.71029758 0.07361042 0.07515135 0.06566092 1 0.66653818 0.69103694 0.04805830 0.06818867 0.06721174 1 0.46469638 0.87312908 0.02564808 0.05703964 0.05129596 1 0.20180501 0.83630047 0.02028407 0.05381699 0.04048215
955,MVI_63561_img00333_jpg.rf.9e479b2fe13766c59e2bd85077e68a95,1 0.90497637 0.62813206 0.43378325 0.15760098 0.14571114 2 0.89789563 0.15010866 0.36340184 0.13995664 0.15198679 1 0.88469076 0.51826153 0.18455130 0.09232445 0.08190830 1 0.87824655 0.23723402 0.36954565 0.14058404 0.12160616 1 0.86093509 0.85155318 0.33688979 0.13812594 0.16845798 1 0.86004025 0.95536737 0.14859283 0.08196125 0.08235087 1 0.76809949 0.67901311 0.16089609 0.09115515 0.08732643 1 0.75492561 0.29306788 0.45316067 0.16571054 0.15776138 1 0.71686769 0.88126411 0.07626837 0.06241379 0.06388425 1 0.69392055 0.63915806 0.15371329 0.06681337 0.07126548 1 0.62518471 0.67670488 0.11777016 0.05217752 0.06143587 1 0.08403400 0.91963100 0.02606157 0.05178661 0.05212294
956,MVI_63561_img00363_jpg.rf.77d95ae917797141775681ddd976505d,1 0.90774918 0.66214294 0.58387575 0.18996410 0.19232121 1 0.90720952 0.60617256 0.45310082 0.14973698 0.14415836 1 0.88171822 0.92270985 0.20334262 0.08962898 0.09202834 1 0.87409186 0.37231660 0.28467479 0.09793110 0.09039221 1 0.86406147 0.29547296 0.39473178 0.16510677 0.14221740 1 0.86101800 0.11737109 0.40473981 0.12969820 0.12240782 1 0.84964836 0.97126064 0.40732622 0.05747852 0.15076981 1 0.80322403 0.75844593 0.13294928 0.07427197 0.08044018 1 0.79167104 0.64784060 0.24039705 0.10301132 0.10136704 1 0.77434814 0.68898916 0.11696526 0.06351795 0.06199014 1 0.37016982 0.24420419 0.37992110 0.14011573 0.12562637 1 0.23950678 0.84835815 0.04569525 0.05048923 0.05316913
957,MVI_63561_img00398_jpg.rf.aace4fec2cf9c769e3883f1e81848559,1 0.89368248 0.92108841 0.20858884 0.07709579 0.08404975 1 0.89163697 0.59706950 0.18999381 0.08134022 0.07195334 1 0.88561028 0.13833394 0.87066803 0.26856546 0.25866375 1 0.87154078 0.35947139 0.35813210 0.13229623 0.12694755 1 0.86981547 0.30998058 0.30869851 0.11107187 0.09457054 2 0.77303201 0.78818140 0.15375137 0.09017429 0.09664817 1 0.37124115 0.98359370 0.71884165 0.03281240 0.18941402 2 0.32067648 0.87302170 0.04769781 0.06302929 0.09220861 1 0.21564667 0.92358608 0.06947138 0.05008240 0.05185785 3 0.13576663 0.87355423 0.04679340 0.06317329 0.09073643 1 0.12347685 0.78023801 0.16505365 0.07452192 0.07676573 1 0.10069522 0.99529648 0.21287475 0.00919228 0.08725185 1 0.05412142 0.79312434 0.14364401 0.08076906 0.08037832
958,MVI_63561_img00402_jpg.rf.f0aaa316be977c1242559bc93bcf2270,1 0.90163398 0.26289945 0.76242762 0.25090356 0.22846241 1 0.88404375 0.28893416 0.39832463 0.14418969 0.13904152 1 0.88011163 0.94426632 0.19044620 0.07496758 0.08153059 1 0.87885255 0.55776091 0.20878406 0.08924942 0.07698535 1 0.87732923 0.24832597 0.33627310 0.12874742 0.10299025 2 0.82659757 0.75629301 0.17427068 0.09901943 0.11568022 1 0.68488246 0.90747509 0.07829751 0.05289001 0.05319241 2 0.50401467 0.85689182 0.05548314 0.06674576 0.09193241 1 0.48240864 0.76199179 0.15391171 0.08611221 0.07888613 1 0.08899913 0.74504051 0.18425643 0.07821198 0.07996998
959,MVI_63561_img00432_jpg.rf.c7d0012badef79bb5e7056feba62b889,2 0.93747395 0.22223885 0.86912670 0.37920957 0.26034985 1 0.89405543 0.10471099 0.44609060 0.14149322 0.12164764 1 0.89261001 0.79834967 0.32637868 0.10862961 0.11018848 1 0.87262803 0.49220524 0.30165262 0.11616507 0.09889536 1 0.85220253 0.73242388 0.18171041 0.07513771 0.06748691 2 0.81261104 0.70262508 0.13477838 0.08908195 0.11610718 2 0.75965977 0.37723985 0.39615083 0.16464834 0.16619883 1 0.75166857 0.89584522 0.11787717 0.05759659 0.05494118 1 0.43978918 0.94270573 0.07367936 0.04680061 0.04873585 1 0.35284123 0.84171391 0.07536372 0.04675655 0.05014598 1 0.12281270 0.68644857 0.16537480 0.05766582 0.06723537 1 0.06169549 0.90789413 0.04402675 0.04009132 0.04331490
960,MVI_63561_img00683_jpg.rf.728b3bdae32cb53e42f52c5da41b94e7,1 0.89609778 0.28182290 0.38402932 0.13386569 0.10741906 1 0.87213469 0.96324406 0.24777088 0.07230988 0.08092880 1 0.86969948 0.83946371 0.71160984 0.19059162 0.23535004 1 0.85258710 0.37808998 0.29484701 0.09048495 0.09182248 0 0.84000003 0.46077404 0.31767871 0.13148298 0.15814300 1 0.83692652 0.65858021 0.28588014 0.10901737 0.10411844 1 0.83146465 0.85374680 0.16250174 0.05790634 0.05994163 0 0.59293479 0.80984306 0.14138948 0.08183079 0.08512156 1 0.52395344 0.94787436 0.15094130 0.05857735 0.06062970 2 0.21632130 0.80685904 0.14274092 0.07518115 0.08148284 1 0.14546490 0.79997125 0.14783168 0.06134882 0.07408257 3 0.09144258 0.01398387 0.53712025 0.02788765 0.30068464
961,MVI_63561_img00747_jpg.rf.df92429ef6988199e32c50081ca1894d,1 0.89809465 0.76505017 0.38564377 0.12163343 0.11540546 0 0.89378703 0.15633295 0.38465552 0.21599488 0.19095087 1 0.86910331 0.79183340 0.18885691 0.07054081 0.06378212 1 0.84282631 0.05335881 0.54590697 0.10653155 0.13335676 1 0.82314968 0.39907978 0.42066836 0.14737382 0.12723379 1 0.81797075 0.74172039 0.14799683 0.06116199 0.05704370 2 0.73625451 0.93985844 0.79858971 0.11992340 0.39461098 1 0.42299882 0.05467079 0.91069913 0.10399494 0.17860155 1 0.27341598 0.90694323 0.10429101 0.04834805 0.04866424 1 0.13916275 0.96201248 0.10586338 0.04633789 0.04931555
962,MVI_63561_img00850_jpg.rf.0ab96f79775eabc34a22b7a7384774ad,2 0.90407139 0.27614207 0.42090265 0.18358631 0.19574506 1 0.86217302 0.47241573 0.22873781 0.08761349 0.07735333 1 0.84929329 0.72851934 0.15496812 0.06573544 0.06238186 1 0.79194146 0.86412296 0.13013138 0.05970573 0.05803900 1 0.76819479 0.07869676 0.84761503 0.14308736 0.18786092 1 0.75725532 0.68527946 0.24910195 0.08273506 0.08740273 1 0.19251852 0.84807320 0.08396822 0.04555588 0.04749663
963,MVI_63561_img00978_jpg.rf.af6bb6132208a8b68504d7d44839d36d,2 0.95644045 0.41931249 0.78055787 0.30601079 0.35632963 1 0.90622604 0.83913755 0.29799445 0.10582428 0.11164336 1 0.87773335 0.39962595 0.32960467 0.13645959 0.10906725 1 0.87404215 0.96091957 0.31846249 0.07801666 0.11693811 1 0.87329209 0.50154886 0.20810832 0.09269085 0.07348987 1 0.84765351 0.56318665 0.92845688 0.28881912 0.14202003 1 0.84586763 0.77031465 0.13742697 0.06748171 0.06190529 1 0.82439637 0.59573212 0.29023390 0.11206245 0.09855905 1 0.73112321 0.71338949 0.13049989 0.06190414 0.05633745 2 0.05986930 0.97083521 0.06849124 0.05640163 0.06795211
964,MVI_63561_img01156_jpg.rf.4b4c2bff6dbf32eb89e36aca247245a6,1 0.90061027 0.42013240 0.57147846 0.23472862 0.21307316 1 0.89577818 0.93438978 0.52911806 0.13096905 0.18883877 1 0.87636822 0.94563732 0.31673493 0.10807495 0.11895018 1 0.86614686 0.55717621 0.17075500 0.08172541 0.07030082 1 0.85962522 0.70541172 0.14259715 0.07430878 0.06514239 1 0.72933573 0.84187908 0.14907589 0.07682533 0.07486701
965,MVI_63561_img01241_jpg.rf.58db196e7969bc1e603c4b59a968aee2,2 0.92413396 0.88980331 0.35065837 0.18804855 0.24244623 1 0.91451377 0.87421706 0.62604265 0.17623057 0.21012535 1 0.90581042 0.52446365 0.67781730 0.23009186 0.21325455 1 0.89011800 0.43862714 0.25635085 0.10661776 0.09213734 1 0.84510994 0.28330696 0.43000536 0.16483936 0.14429455 1 0.82623667 0.19109735 0.41951623 0.15738664 0.13857069 2 0.82391930 0.18624294 0.28123538 0.16193728 0.17214885 1 0.81354272 0.81371329 0.13514845 0.06611171 0.06511040 1 0.79664105 0.79741240 0.32803957 0.09948101 0.11190786 1 0.65539998 0.81681395 0.09807024 0.05956936 0.05415704 1 0.38011357 0.17007711 0.32382612 0.13438272 0.09903650 1 0.10380144 0.04785269 0.50067024 0.08710667 0.12653656
966,MVI_63562_img00099_jpg.rf.ca54ccbcc95856523d560d43d42cf415,1 0.90395534 0.85670109 0.38747411 0.13065014 0.13441277 2 0.89257175 0.21736616 0.26278036 0.15604154 0.17461286 1 0.87909567 0.83833990 0.27009511 0.10361519 0.09576731 1 0.85719055 0.12953455 0.81401262 0.25674672 0.31277790 1 0.85049385 0.10582896 0.44249091 0.16594477 0.14501371 2 0.74404168 0.81743078 0.10620868 0.07536793 0.08294883 1 0.73226947 0.75192332 0.18696342 0.08581333 0.08258252 1 0.51204830 0.89296274 0.06026526 0.05441551 0.05589153 2 0.29410905 0.88350735 0.03191117 0.05357742 0.06323185
967,MVI_63562_img00769_jpg.rf.d3dca93c53836732c6909f0226819538,1 0.88981992 0.18764715 0.45869079 0.19304552 0.15769262 1 0.88703793 0.71885247 0.51785812 0.16499968 0.16351051 1 0.88177246 0.64732351 0.17148082 0.07926579 0.07148747 1 0.82804865 0.82329321 0.17171336 0.08337498 0.07301047 3 0.13126378 0.01975031 0.47971050 0.03950041 0.26756952 2 0.06978186 0.01843189 0.47759533 0.03648417 0.25167894 1 0.05152961 0.96233025 0.06708688 0.04469490 0.04653120
968,MVI_63562_img00778_jpg.rf.a75f76569cb90d3e375d9c8baba306f4,1 0.88656569 0.86020663 0.40156678 0.12323298 0.12902243 1 0.88630152 0.55233774 0.19867003 0.09208183 0.08016591 1 0.82864380 0.73314486 0.20142934 0.09227142 0.07966895 1 0.17037916 0.92493877 0.07610518 0.04756279 0.04740160 2 0.13804355 0.01719345 0.46366624 0.03414941 0.23635676 1 0.05122815 0.92741613 0.05759170 0.04696579 0.04682499
969,MVI_63562_img00804_jpg.rf.b53de71aa8348919498cb239e1242dca,1 0.89402616 0.28746214 0.38468523 0.16841631 0.13650637 1 0.89274722 0.13075662 0.35153415 0.14531731 0.12539725 2 0.85973775 0.72417078 0.78435707 0.25420094 0.30905113 1 0.83997089 0.78110127 0.12818271 0.06344023 0.05655978 1 0.59982330 0.79945107 0.09480809 0.05835915 0.04564784 1 0.15778933 0.72449341 0.78440409 0.25566082 0.30957260 2 0.12877160 0.01542380 0.47176304 0.03043636 0.26083412 1 0.06517247 0.01433580 0.44917098 0.02867140 0.21852109 3 0.05630357 0.01713784 0.46748743 0.03427548 0.27516747
970,MVI_63563_img00096_jpg.rf.58ab30a9b41de522608bf2a8c3fb69b6,2 0.92191076 0.56412363 0.24178305 0.14653053 0.16194410 1 0.75147182 0.45143781 0.38320942 0.12471876 0.10966406 1 0.50563002 0.95189304 0.12454586 0.05447540 0.05553322 1 0.50265169 0.93318405 0.16694713 0.06890182 0.06397214 1 0.33550340 0.87461262 0.10045695 0.05103741 0.05468824
971,MVI_63563_img00190_jpg.rf.9c0919e6fbaacf1f0e0e29c91e2e47a7,1 0.91664660 0.84513960 0.47679229 0.13810253 0.15355692 1 0.87447923 0.64093742 0.23395429 0.10479279 0.09567307 1 0.87105262 0.57160230 0.18437665 0.08706312 0.08167272 1 0.86631817 0.15408561 0.45947095 0.16855493 0.15360925 2 0.85364980 0.13297191 0.78561888 0.18740172 0.28322239 1 0.82037038 0.67235546 0.18498335 0.07799006 0.06283412 1 0.80108345 0.39106345 0.40150237 0.13919125 0.12476168 1 0.79118764 0.97964344 0.23598216 0.04066086 0.08846030 1 0.73334664 0.91228161 0.13483143 0.06314011 0.05907593 1 0.57882512 0.82098551 0.11067021 0.05610600 0.05715652
972,MVI_63563_img00303_jpg.rf.951f1a1ef4382082b21beecaa628f214,1 0.92464370 0.50306550 0.73635039 0.24687936 0.23365355 1 0.92083549 0.69600954 0.43603727 0.15104122 0.14157236 1 0.87651116 0.18942952 0.43228694 0.16219130 0.13436353 1 0.87627834 0.74485159 0.17521191 0.07408943 0.06260443 1 0.87068701 0.27664318 0.34352784 0.12774668 0.09551163 1 0.86340666 0.18789601 0.33254595 0.12461920 0.10182166 1 0.85821080 0.61344795 0.19054438 0.07650604 0.06603763 1 0.85144567 0.83877850 0.17529094 0.07406998 0.06356840 1 0.84826100 0.55520759 0.28296618 0.11302347 0.09111853 1 0.80338025 0.60919142 0.30777602 0.12209053 0.10201721 1 0.79701829 0.98079581 0.32877531 0.03840818 0.10392046 1 0.67061609 0.85173655 0.11179407 0.05602608 0.04973383 2 0.64159280 0.97767467 0.46530553 0.04446659 0.18042104 1 0.40033525 0.97846360 0.46473867 0.04307260 0.18778741
973,MVI_63563_img00320_jpg.rf.ab88b707d273c2783c444cdc508e96c9,1 0.89253736 0.86343977 0.44371022 0.13616138 0.14104502 1 0.88597912 0.90673771 0.29687548 0.10094681 0.09893208 1 0.88034576 0.59602461 0.22940495 0.09318180 0.07526045 1 0.87988424 0.41703310 0.25638638 0.09755659 0.08180609 1 0.86450458 0.74669218 0.14382634 0.06884136 0.05699325 1 0.85152733 0.94414477 0.63912926 0.11171026 0.20052853 1 0.84592557 0.69884510 0.23124613 0.09644890 0.07635719 1 0.84141296 0.27844921 0.40214291 0.16090001 0.12570133 1 0.77986461 0.30281749 0.44903984 0.17477589 0.14053688 1 0.63651085 0.95134640 0.14463824 0.05967979 0.05857761 1 0.11720600 0.94946632 0.09840156 0.04939804 0.04524450
974,MVI_63563_img00441_jpg.rf.ded6f53e2aa9a6cb27cea2ba6e7c878d,2 0.91802150 0.65046539 0.17765079 0.11065245 0.12397966 1 0.89062810 0.84802504 0.47473083 0.14218903 0.14527922 1 0.74530727 0.80063448 0.22266734 0.08114071 0.07778039 1 0.73451900 0.88506584 0.14707110 0.06408310 0.06632571 1 0.73210788 0.97996573 0.23673189 0.04006834 0.09095068 1 0.28547516 0.98405876 0.13390894 0.03188228 0.06408877 1 0.12401511 0.94389734 0.08955280 0.05107403 0.04932027 1 0.11691098 0.01664418 0.91231089 0.03327267 0.12077236 1 0.07669204 0.09150190 0.49237022 0.11570759 0.13231239
975,MVI_63563_img00662_jpg.rf.35533d250a691e8e483519192ae2030b,2 0.92347360 0.21953285 0.33485947 0.16183367 0.13326111 2 0.90452713 0.53064156 0.52142749 0.22253971 0.26601477 1 0.87222588 0.55864530 0.26530137 0.12125254 0.10767012 1 0.86576343 0.64151058 0.17454312 0.07820873 0.06842766 1 0.85660011 0.15287161 0.45867281 0.18686925 0.14739714 1 0.81222004 0.40878619 0.38581102 0.14033854 0.12083602 1 0.77089119 0.57806120 0.21900184 0.09496231 0.07268991 1 0.68732917 0.98469849 0.21966156 0.03053055 0.08884584 0 0.06185365 0.02011727 0.87489590 0.04023434 0.25020800
976,MVI_63563_img00842_jpg.rf.aebe42ff7950d3695a988cc463419191,1 0.86647642 0.37178578 0.34750540 0.14771814 0.11544375 1 0.85248792 0.73075523 0.16258512 0.08138962 0.07745032 1 0.31372246 0.90489388 0.07264811 0.04869423 0.05454495 0 0.30692330 0.79439487 0.75771065 0.21659946 0.48387260 1 0.16329683 0.79925938 0.75896530 0.20535793 0.47860966 1 0.11856911 0.98765984 0.05792807 0.02430763 0.04726361 0 0.07201719 0.69205332 0.75509524 0.40451450 0.48686152 0 0.07100205 0.01853218 0.86554289 0.03706416 0.26525288
977,MVI_63563_img01070_jpg.rf.68afde8d1acd1765324fac48f210e628,1 0.89650059 0.63284273 0.42721577 0.16051903 0.14238777 1 0.89138967 0.25434770 0.28620887 0.13277713 0.10169353 1 0.85986656 0.96138153 0.22138526 0.07695312 0.08971539 1 0.85974610 0.65127578 0.12358072 0.07215929 0.06865606 1 0.84425765 0.96675186 0.31271911 0.06618233 0.11685791 1 0.82947904 0.84774284 0.11680755 0.07422905 0.06322613 1 0.71877623 0.80487909 0.07568675 0.05261803 0.05285952 1 0.58180761 0.86251602 0.15008242 0.07983856 0.07425475 1 0.44630757 0.95672369 0.06583349 0.05362511 0.05214572 2 0.26813424 0.89648914 0.03921111 0.04843979 0.06147153 3 0.07376954 0.02923395 0.45761253 0.05820112 0.22059305
978,MVI_63563_img01129_jpg.rf.a5331c3617a8bb3f0b2edf7a76e2d351,1 0.91606390 0.21766520 0.36754434 0.16076573 0.13190827 1 0.90414673 0.95459433 0.20488434 0.08943710 0.10458497 1 0.89729142 0.23302934 0.87294917 0.33997149 0.25410146 1 0.88624960 0.95839400 0.46708694 0.08321180 0.16943130 1 0.87973022 0.81798422 0.11697519 0.07750506 0.07253251 1 0.87958211 0.59229436 0.16410435 0.09124460 0.07775824 1 0.87527794 0.46204357 0.17748780 0.08460217 0.08037567 1 0.86607540 0.18870366 0.27456765 0.11595345 0.10431280 2 0.85747021 0.62680483 0.10704761 0.07053642 0.07714071 1 0.83589357 0.06164760 0.52516813 0.12300433 0.15300074 1 0.79321545 0.86738987 0.06248133 0.05687771 0.05807652 1 0.79257417 0.25423026 0.30187631 0.12740011 0.08224325 1 0.78350955 0.71761370 0.18188064 0.10895557 0.10648303 1 0.57182914 0.97887506 0.06055171 0.04224967 0.06342348 2 0.54112941 0.72291160 0.10012437 0.07540636 0.07395124 1 0.49055809 0.72213488 0.09913384 0.07573013 0.07348276 1 0.06041168 0.97202845 0.02459232 0.04792919 0.04694741
979,MVI_63563_img01130_jpg.rf.e46ed3190c06ad60c6d4c4126881e01a,1 0.90558863 0.28209735 0.85463114 0.31821488 0.28978233 1 0.90337545 0.19764818 0.37777019 0.16081502 0.13129025 1 0.88872170 0.95953093 0.19804620 0.08018055 0.10061185 1 0.87753308 0.80925398 0.12040019 0.07818546 0.07240720 2 0.87730443 0.61961932 0.10882075 0.07523174 0.07836675 1 0.87691844 0.58189039 0.16910164 0.09218540 0.07597795 1 0.86848474 0.17865378 0.27909155 0.11922162 0.10333657 1 0.86730564 0.45447817 0.18095870 0.08806095 0.08097677 1 0.85851467 0.96529403 0.45231876 0.06941175 0.16409016 1 0.79507852 0.23206453 0.31047823 0.12945523 0.08116121 1 0.74998832 0.86239071 0.06405075 0.05833817 0.05793816 1 0.73261797 0.70540342 0.18753552 0.11413002 0.10764141 1 0.70816034 0.97615475 0.06356259 0.04769030 0.05828786 2 0.60253263 0.71469336 0.10353553 0.07459660 0.07592278 1 0.34230912 0.71510835 0.10409722 0.07515965 0.07556190 2 0.14878504 0.97203541 0.02693057 0.05563278 0.05159110 1 0.12459237 0.97080593 0.02696036 0.05515976 0.05046660 1 0.06490736 0.04991667 0.52998486 0.09965795 0.15406132
980,MVI_63563_img01334_jpg.rf.4c03b363dea16611d37d73d6273122be,1 0.91533214 0.72478595 0.71577873 0.24183893 0.27296295 1 0.91487902 0.88872395 0.34135008 0.13996811 0.16224918 1 0.88962674 0.46333961 0.21257586 0.11810513 0.10379124 1 0.88727140 0.85998945 0.23810855 0.12358036 0.10882939 1 0.87911963 0.41569610 0.16280518 0.10419302 0.08183365 1 0.83899415 0.74240146 0.07266920 0.07570181 0.06782119 1 0.78890496 0.62574272 0.20125370 0.11173840 0.09573078 1 0.15002644 0.89136400 0.00820386 0.06060848 0.01625909
981,MVI_63563_img01370_jpg.rf.6c749923c89fa979dc9331472fb22cf1,1 0.89431125 0.62792368 0.56974387 0.20314026 0.19336615 1 0.88595909 0.35677762 0.25084791 0.12687654 0.10417013 1 0.87283224 0.61602707 0.11866541 0.08420219 0.07021140 1 0.86456084 0.95695734 0.48988686 0.08607750 0.17344189 1 0.77097750 0.85878887 0.12130524 0.07593422 0.07231247 1 0.44732022 0.95810776 0.04546813 0.05570755 0.05909709
